id,name,maxCopies,rules,unsure,quoteMissing,overridden,reasons,quotes,note
28645123,A.I. Challenge You,0,3.4 7b,true,false,false,3.4: Continuous Trap lock on all opponent activations during battles. | 7b: Revives a monster from the GY.,3.4: your opponent cannot activate cards or effects until the end of the Damage Step | 7b: Special Summon it,Lock triggers only when an Ignister battles; condition is archetype-based but the locked actions are not.
30834988,All-Out Attacks,0,3.4,false,false,false,"3.4: Continuous forced attack on Special Summoned monsters, not property-limited.","3.4: must attack, if able",
8233522,Ally of Justice Cycle Reader,0,4,false,false,false,4: Handtrap that removes cards from the opponent's GY.,"4: You can discard this card to the Graveyard, then target up to 2 LIGHT monsters in your opponent's Graveyard; banish those targets",
91869203,Amazoness Archer,0,6a frequency,false,false,false,"6a (repeatable): Burn with tribute cost, no activation limit.",6a: inflict 1200 damage to your opponent,
34487429,Ancient City - Rainbow Ruins,0,5 10 frequency,false,false,false,"10 (repeatable): Negates Spell/Trap activations, no per-turn limit. | 5: Draws a card.",10: negate the activation | 5: You can draw 1 card,
65064143,Anti-Aircraft Flower,0,6a frequency,false,false,false,6a (repeatable): Burn with no activation limit.,6a: inflict 800 points of damage to your opponent's Life Points,
28531163,Apocavities,0,10 frequency,false,false,false,10 (repeatable): Negates the effects of an opponent's monster; no once-per-turn limit.,10: Its effects are negated,
48539234,Appropriate,0,5 frequency,false,false,false,5 (repeatable): Draws each time opponent draws.,5: immediately draw 2 cards,
5861892,Arcana Force EX - The Light Ruler,0,10 frequency,false,false,false,10 (repeatable): Negates activations without a once-per-turn limit.,10: negate the activation,
34568403,Arcana Force VII - The Chariot,0,7b frequency,true,false,false,7b (repeatable): Special Summons a destroyed monster from the GY.,7b: you can Special Summon that monster to your side of the field,Repeatability depends on multiple battle destructions per turn.
23846921,Arcana Force XXI - The World,0,11b,true,false,false,11b: Skips the opponent's whole turn and can do so in each of your End Phases.,11b: skip your opponent's next turn,"Depends on the coin toss on summon; once heads, it can be used every turn."
93880808,Arcana Triumph Joker,0,7b 8 frequency,false,false,false,"7b: summons itself from the GY | 8 (repeatable): destroys multiple opponent cards; discard cost, no once-per-turn limit",7b: If this card is in your hand or GY | 8: destroy all face-up cards your opponent controls,
18378582,Archlord Zerato,0,8 frequency,false,false,false,8 (repeatable): Mass destruction without once-per-turn limit.,8: destroy all monsters on your opponent's side of the field,
2674965,Argostars - Home Stadium,0,10 frequency,false,false,false,"10 (repeatable): Negates effects, once per Chain.",10: negate its effects until the end of this turn,
59464593,Armed Dragon LV10,0,8 frequency,false,false,false,"8 (repeatable): Mass destruction, no once-per-turn limit.",8: destroy all face-up monsters your opponent controls,
73879377,Armed Dragon LV7,0,8 frequency,false,false,false,8 (repeatable): Can destroy multiple opponent monsters with an unrestricted ignition effect.,8: destroy all monsters your opponent controls,
84268896,Artifact Caduceus,0,5 7b frequency,false,false,false,"5 (repeatable): Draws each time Artifacts are summoned, with no limit. | 7b: Summons itself from the GY.",5: Draw 1 card | 7b: sent to your Graveyard: Special Summon it,
34267821,Artifact Lancea,0,4 7b,false,false,false,4: Handtrap preventing opponent's actions. | 7b: Special Summons itself from the GY.,4: neither player can banish cards for the rest of this turn | 7b: Special Summon it,
14558127,Ash Blossom & Joyous Spring,0,4 10,false,false,false,4: Handtrap that negates an opponent's action outside the Battle Phase. | 10: Negates an effect.,4: You can discard this card; negate that effect | 10: negate that effect,
46083380,Attraffic Control,0,3.4,true,false,false,3.4: Continuous attack lock not tied to a card property.,"3.4: If your opponent controls 3 or more monsters, they cannot declare an attack.","Condition on opponent's own monster count, not a comparison; opponent can avoid it."
53701259,Awakening of the Sacred Beasts,0,3.4 10,true,false,false,10: Continuous negation. | 3.4: Continuous zone-movement lock.,10: Negate the activated effects of monsters your opponent controls | 3.4: Any monsters sent to your opponent's GY are banished instead,Conditional on controlling 3 Sacred Beasts; could be 3.2.
28486799,Backup Squad,0,5 frequency,false,false,false,"5 (repeatable): Draws cards each time damage is taken, no per-turn limit.",5: Draw 1 card for every 1000 damage you took,
40633297,Bad Reaction to Simochi,0,3.4,true,false,false,"3.4: Lasting punishment of the opponent's LP gain, not bound to a monster or a card property.",3.4: any effect of increasing your opponent's Life Points is changed to inflict the same amount of points in damage,Unclear whether LP gain is an action class for rule 3 or rather 6a/22.
54702678,"Barbaroid, the Ultimate Battle Machine",0,10 frequency,false,false,false,10 (repeatable): Negates battled monsters; can trigger on each of two attacks.,10: Negate the effects of that monster,
24184846,Battlin' Boxer Rib Gardna,0,4 7b,false,false,false,"4: Hand effect in the opponent's turn that removes another card (own, ruling 16). | 7b: Temporary banish that returns a monster (ruling 1).",4: banish it until your next Standby Phase | 7b: banish it until your next Standby Phase,
65430555,Beetrooper Sting Lancer,0,4,false,false,false,4: Quick Effect from hand on opponent's turn removes an opponent's GY card.,4: place the targeted monsters on the bottoms of the Decks,
20374520,"Begone, Knave!",0,3.4,true,false,false,"3.4: Lasting punishment for attacking (ruling 4), not tied to a monster.",3.4: If a monster inflicts battle damage to a player: Return that monster to the hand.,Could be read as repeated single removal rather than a floodgate.
65240384,Big Shield Gardna,0,10 frequency,false,false,false,"10 (repeatable): Negates a Spell activation, no limit.",10: negate the activation,
55410871,Blue-Eyes Chaos MAX Dragon,0,6b 9a stacking,false,false,false,9a: Untargetable and indestructible by opponent's effects. | 6b: Doubles battle damage.,9a: Your opponent cannot target this card with card effects | 6b: inflict double piercing battle damage,
53347303,Blue-Eyes Shining Dragon,0,10 frequency,false,false,false,10 (repeatable): Negates targeting effects with no once-per-turn limit.,10: You can negate that effect.,
30397786,"Blue-Eyes White Dragon, the White Phantom Beast",0,8 10 frequency,false,false,false,8: Mass destruction. | 10 (repeatable): Negation with a discard cost and no per-turn limit.,8: destroy all monsters your opponent controls | 10: negate that effect,
30548775,Branch!,0,7b frequency,false,false,false,7b (repeatable): Continuous Spell that repeatedly Special Summons materials from the GY.,7b: Fusion Materials in your Graveyard that was used for its Fusion Summon; Special Summon it,
18973184,Branded Lost,0,3.4,true,false,false,3.4: Continuous no-negation/no-response lock (ruling 14) not tied to a monster.,3.4: your opponent cannot activate cards or effects when a monster is Fusion Summoned this way,"Scope tied to how monsters are summoned, a game state, so 3.3 not applied."
55870497,Burning Bamboo Sword,0,11b,true,false,false,"11b (repeatable): Continuous card can skip Main Phase 1 whenever a Bamboo Sword is activated, in consecutive turns.",11b: You can skip your opponent's next Main Phase 1,11a vs 11b depends on repeat availability.
35011819,By Order of the Emperor,0,10 frequency,true,false,false,"10 (repeatable): Negates activations, no per-turn limit.",10: You can negate the activation,"Draw goes to the negated player, usually the opponent; not counted as rule 5."
6637331,Bystial Druiswurm,0,4,false,false,false,4: Quick Effect from hand that removes a card from the opponent's GY.,4: target 1 LIGHT or DARK monster in either GY; banish it,
33854624,Bystial Magnamhut,0,4,false,false,false,4: Handtrap that banishes a card from the GY.,4: target 1 LIGHT or DARK monster in either GY; banish it,
60242223,Bystial Saronir,0,4,false,false,false,4: Quick Effect from the hand in the opponent's turn that removes a card from the GY.,"4: banish it, and if you do, Special Summon this card from your hand",
11384280,Cannon Soldier,0,6a frequency,false,false,false,"6a (repeatable): Burn with tribute cost, no limit.",6a: inflict 500 damage to your opponent,
14702066,Cannon Soldier MK-2,0,6a frequency,false,false,false,"6a (repeatable): Burn with a Tribute cost (ruling 19), no per-turn limit.",6a: Tribute 2 monsters to inflict 1500 damage to your opponent,
1490690,Canopic Protector,0,7b frequency,false,false,false,"7b (repeatable): Special Summons from the GY, once per Chain.","7b: Special Summon 1 ""Horus"" monster from your hand or GY",
57953380,Card of Safe Return,0,5 frequency,false,false,false,5 (repeatable): Draws a card each time a monster is summoned from the GY.,5: you can draw 1 card,
46848859,Carrierroid,0,10 frequency,false,false,false,10 (repeatable): Negates activations without per-turn limit.,10: negate its activation,
54360049,Catoblepas and the Witch of Fate,0,8 frequency,false,false,false,"8 (repeatable): Can destroy multiple Special Summoned opponent monsters, no once-per-turn limit.",8: destroy that Special Summoned monster(s),
1801154,Centrifugal Field,0,7b frequency,false,false,false,"7b (repeatable): Field Spell Special Summons a Fusion Material from the GY, with no once-per-turn limit.",7b: that player Special Summons that target,
79323590,Chain Energy,0,3.4,false,false,false,"3.4: Continuous cost on summoning/activating from hand, not property-limited.","3.4: Each player must pay 500 Life Points per card to Normal Summon, Special Summon, Set or activate cards from his/her respective hand.",
38264974,Chimera the Illusion Beast,0,9b 10 frequency,false,false,false,"9b: Battle protection. | 10 (repeatable): Trigger after each battle, multiple attacks.",9b: neither can be destroyed by that battle | 10: also negate its effects,
46613515,Clear Kuriboh,0,4 5 10,false,false,false,4: Handtrap negating an effect-damage activation. | 10: Negates an activation. | 5: Draws a card.,4: You can discard this card; negate the activation | 10: negate the activation | 5: draw 1 card,
97811903,Clear Vice Dragon,0,6b 9a stacking,true,false,false,9a: Destruction substitute against effects. | 6b: Doubles ATK in battle.,"9a: If this card would be destroyed by an opponent's card effect, you can discard 1 card instead | 6b: the ATK of this card becomes twice the ATK of the attack target","ATK becomes twice the target's ATK, not its own; unsure if 6b."
6089145,Clear Wall,0,3.4 9b,true,false,false,9b: Battle protection. | 3.4: Continuously imposes another card's restrictions on the opponent.,"9b: Monsters that mention ""Clear World"" cannot be destroyed by battle | 3.4: your opponent receives all effects of ""Clear World""","Floodgate content depends on Clear World's text, which isn't on this card; the monster condition can't be removed by battle."
16197610,Cloudian - Turbulence,0,7b 9b frequency,false,false,false,"9b: Indestructible by battle. | 7b (repeatable): Special Summons a monster from a GY, once per counter with no per-turn limit.",9b: This card cannot be destroyed by battle. | 7b: from either player's Graveyard,
43644025,Cocoon Rebirth,0,7b frequency,false,false,false,"7b (repeatable): Special Summons from GY, no once-per-turn limit.",7b: from either player's Graveyard,
65496056,Codarus,0,8 frequency,false,false,false,8 (repeatable): Removes up to 2 opponent cards.,8: target up to 2 cards your opponent controls; send those targets to the Graveyard,
65830223,Coffin Seller,0,6a frequency,true,false,false,6a (repeatable): Damage triggered by cards sent to GY is primary.,6a: Inflict 300 damage to your opponent,Could be read as a floodgate punishing an action (ruling 4).
56673480,Contract with Don Thousand,0,3.4 5,true,false,false,5: Each player draws. | 3.4: Continuous Spell locks Normal Summons of both players while a Spell is revealed.,5: each draws 1 card | 3.4: that player cannot Normal Summon/Set monsters,Lock is conditional on a revealed Spell; could alternatively be rule 11b (Normal Summon denial).
26257572,Corridor of Agony,0,3.4 10,false,false,false,"10: Continuous negation. | 3.4: Continuous attack lock defined by summon method, which is a game state and not a property.",10: their effects are negated | 3.4: they cannot declare an attack,
58916810,Crackle Blitzclique,0,4,false,false,false,4: Hand-activated effect in opponent's turn that destroys an opponent's monster.,4: You can reveal this card in your hand; destroy that monster,
72664875,Crimson Nova Trinity the Dark Cubic Lord,0,6a 9a frequency,true,false,false,9a: Self-protection from targeting and effect destruction. | 6a (repeatable): Reflects effect damage to the opponent.,"9a: Cannot be targeted, or destroyed by, your opponent's card effects | 6a: Inflict damage to your opponent equal to the damage you took","LP halving on attack declaration treated as battle byproduct (ruling 20), not 6a; reflection trigger has no limit."
56889,Cross-Dimensional Duel,0,6b 7b 9a 9b stacking,false,false,false,7b: Banishes a monster and returns it to the field (flicker). | 6b: Doubles a monster's ATK. | 9a: Destruction substitute against card effects. | 9b: Destruction substitute against battle.,"7b: return that banished monster to the field | 6b: its ATK becomes double its original ATK | 9a: would be destroyed by battle or card effect, you can banish this card from your GY instead | 9b: would be destroyed by battle or card effect, you can banish this card from your GY instead",
99427357,Cyber Angel Natasha,0,7a 7b 10 frequency,false,false,false,"10 (repeatable): Negates attacks, no per-turn limit. | 7b: Revives itself from GY. | 7a: Takes control of an opponent's monster.","10: You can negate the attack | 7b: Special Summon this card, and if you do, take control of that monster | 7a: take control of that monster",
69015963,Cyber-Stein,0,7c frequency,false,false,false,7c (repeatable): Summons a Fusion Monster without materials.,7c: Special Summon 1 Fusion Monster from your Extra Deck,
18967507,Cyberdarkness Dragon,0,10 frequency,false,false,false,10 (repeatable): Negates activations with no once-per-turn limit.,10: negate the activation,
34010534,Cynet Optimization,0,3.4,true,false,false,3.4: Continuous Spell activation lock during battles.,3.4: your opponent cannot activate cards or effects until the end of the Damage Step,Lock applies only when a Code Talker battles; could be 3.2 (attack the monster) or 3.3.
24508238,D.D. Crow,0,4,false,false,false,4: Handtrap that removes an opponent's card from the GY.,"4: You can discard this card to the GY, then target 1 card in your opponent's GY; banish that target.",
58468105,Dangerous Frightfur Nightmary,0,10 frequency,false,false,false,10 (repeatable): Negates targeting effects with no once-per-turn limit.,10: negate that effect,
80071763,Dark Balter the Terrible,0,10 frequency,false,false,false,10 (repeatable): Negates Normal Spells without limit.,10: negate the effect by paying 1000 Life Points,
73452089,Dark Cavalry,0,10 frequency,false,false,false,10 (repeatable): Negates targeting activations with no per-turn limit.,"10: negate the activation, and if you do, destroy it",
98502113,Dark Paladin,0,10 frequency,false,false,false,10 (repeatable): Quick Effect negating Spells with no once-per-turn limit.,10: negate the activation,
16625614,Dark Sanctuary,0,6a 9a 10 frequency,false,false,false,"10 (repeatable): Negates attacks, no per-turn limit. | 6a (repeatable): Damage from a negation is primary (ruling 20). | 9a: Summoned monster is unaffected.","10: negate the attack | 6a: inflict damage to your opponent equal to half the current ATK of that opponent's monster | 9a: it is unaffected by card effects, except ""Destiny Board""",
10131855,Dark World Brainwashing,0,10 frequency,false,false,false,10 (repeatable): Rewrites an effect (ruling 34); continuous trap with no limit.,"10: the activated effect becomes ""Discard 1 random card from your opponent's hand""",
35798491,Darkbishop Archfiend,0,10 frequency,false,false,false,"10 (repeatable): Negates opponent effects targeting Archfiends, no per-turn limit.",10: negate the effect and destroy the opponent's card,
1149109,Deck Lockdown,0,3.4,false,false,false,"3.4: Continuous search and summon lock for both players, not tied to a card property.",3.4: Monsters cannot be Special Summoned from the Main Deck,
2732323,Decoy Dragon,0,7b frequency,false,false,false,7b (repeatable): Special Summons from the GY with no usage limit.,7b: Dragon-Type monster in your Graveyard; Special Summon it,
12079734,Delta Tri,0,5 frequency,false,false,false,5 (repeatable): Draws; triggers per battle destruction.,5: Then draw 1 card,
72426662,"Demise, King of Armageddon",0,8 frequency,false,false,false,8 (repeatable): Destroys all other cards; no once-per-turn limit.,8: destroy all other cards on the field,
8279188,Depth Amulet,0,10 frequency,false,false,false,10 (repeatable): Continuous Trap negates attacks repeatedly.,10: negate the attack,
39131963,Des Counterblow,0,3.4,true,false,false,3.4: Continuous punishment of direct attacks (ruling 4).,3.4: Destroy any monster that inflicts Battle Damage to a player's Life Points by attacking directly,Punishes direct attacks for both players; unclear if floodgate or whether another step applies.
90179822,Despian Comedy,0,4 7b 10,false,false,false,4: Handtrap that negates an opponent's effect. | 10: Negates an effect. | 7b: Special Summons itself from the GY.,4: You can discard this card; negate that effect | 10: negate that effect | 7b: Special Summon this card,
72192100,Desrook Archfiend,0,7b 10 frequency,true,false,false,"10 (repeatable): Negates targeting effects, no limit. | 7b: Revives Terrorking from the GY.","10: negate the effect and destroy the opponent's card | 7b: Special Summon the ""Terrorking Archfiend""",Negation is a dice-based continuous resolution effect; repeatability unclear.
93431862,Destiny HERO - Dunker,0,6a frequency,false,false,false,"6a (repeatable): burn without changing the field, no once-per-turn limit",6a: inflict 500 damage to your opponent,
91800273,Dimension Shifter,0,3.4 4,true,false,false,4: Hand effect in opponent's turn that prevents cards going to the GY. | 3.4: Lasting lock on moving cards to the GY for both players.,"4: You can send this card from your hand to the GY; until the end of the next turn, any card sent to the GY is banished instead | 3.4: until the end of the next turn, any card sent to the GY is banished instead",Lock lasts past this turn but not tied to a card on field; unclear whether rule 3 and rule 4 apply.
92798873,Dinomorphia Rexterm,0,3.1 7b,true,false,false,3.1: Lock depends on comparing opponent's monster ATK with your LP. | 7b: Revives from GY.,"3.1: Your opponent cannot activate the effects of monsters they control that have ATK greater than or equal to your LP | 7b: Special Summon 1 Level 6 or lower ""Dinomorphia"" monster from your GY",Unclear whether LP vs ATK is a comparison of both players' field states (3.1) or 3.2.
84171830,Domain of the True Monarchs,0,3.1,true,false,false,3.1: Extra Deck summon lock based on a comparison of both fields.,"3.1: you are the only player that controls a Tribute Summoned monster, your opponent cannot Special Summon monsters from the Extra Deck","The condition compares both fields (3.1); otherwise 3.2, since it is a Field Spell."
65302903,Dominusteer Rosepamela,0,4,true,false,false,4: Hand effect in opponent's turn that discards a card.,"4: You can reveal this card in your hand; add 1 ""Dominus Purge"" card from your Deck to your hand, then discard 1 card",Unclear if discarding your own card from hand counts as removing a card (ruling 16).
69436288,Doom Kraken,0,4 10,false,false,false,4: Quick Effect from the hand that destroys an opponent's monster outside the Battle Phase. | 10: Negates an attack.,"4: Special Summon this card from your hand, and if you do, return that monster you control to the hand, and if you do that, destroy that opponent's monster | 10: negate that attack",
66395299,Doppelganger,0,6a frequency,false,false,false,6a (repeatable): Reflects damage.,6a: inflict the same amount of damage to your opponent,
64262809,Dragon Ice,0,7b frequency,false,false,false,7b (repeatable): Revives itself from the GY without a once-per-turn limit.,7b: Special Summon this card from your hand or Graveyard,
12381100,Dragon Master Magia,0,7b 7c 10 frequency,false,false,false,"10 (repeatable): Negates activations, up to once per card type per turn. | 7b: Special Summons a monster from the GY. | 7c: Brings an Extra Deck monster to the field without material.","10: You can negate the activation | 7b: from your Extra Deck or GY | 7c: Special Summon 1 ""Blue-Eyes"" monster or 1 ""Chaos"" or ""Black Luster Soldier"" Ritual Monster from your Extra Deck",
94145021,Droll & Lock Bird,0,4,false,false,false,4: Handtrap that prevents the opponent's actions.,4: cards cannot be added from either player's Main Deck to the hand,
56863746,Drytron Meteonis DA Draconids,0,9a 10 frequency,false,false,false,9a: Grants effect-destruction protection to other Drytron monsters. | 10 (repeatable): Negates monster effect activations twice per turn.,9a: cannot be destroyed by your opponent's card effects | 10: negate the activation,
69931927,Earthbound Immortal Chacu Challhua,0,3.4 6a,true,false,false,6a: Burns without changing the field. | 3.4: Continuous attack lock on a monster that cannot be targeted for attacks.,6a: You can inflict damage to your opponent equal to half this card's DEF | 3.4: your opponent cannot conduct their Battle Phase,"Monster cannot be attacked, so 3.2 skipped; self-destroys without a Field Spell, which might count for 3.2."
33537328,Earthbound Immortal Cusillu,0,9b frequency,true,false,false,9b (repeatable): Battle destruction substitute.,"9b: If this card would be destroyed by battle, you can Tribute 1 other monster instead","LP halving happens during battle; treated as byproduct, not 6a."
97268402,Effect Veiler,0,4 10,false,false,false,4: Handtrap that negates an opponent's monster effects outside battle. | 10: Negates monster effects.,4: negate the effects of that face-up monster | 10: negate the effects of that face-up monster,
96570609,Ehther the Heavenly Monarch,0,4,true,false,false,4: Activates from hand in the opponent's turn and banishes/Tributes own cards.,"4: During your opponent's Main Phase, if this card is in your hand: You can banish 1 ""Monarch"" Spell/Trap Card from your Graveyard",Removal of own cards is only cost/Tribute for the Tribute Summon; unclear if ruling 16 applies to costs.
32965616,Elemental Grace Doriado,0,8 10 frequency,false,false,false,"10 (repeatable): Negates Special Summons, no once-per-turn limit. | 8 (repeatable): Can destroy multiple opponent monsters.","10: negate the Summon | 8: negate the Summon, and if you do, destroy that monster(s)",
3635138,Emissaries from Darkness,0,4 7b 8,false,false,false,"4: Hand effect on the opponent's turn that removes cards, not limited to battle. | 8: Destroys up to 2. | 7b: Can Special Summon from the GY.","4: Destroy up to 2 Attack Position monsters your opponent controls | 8: Destroy up to 2 Attack Position monsters your opponent controls | 7b: from your hand, Deck, or GY",
60811211,Emptiness Devouring Xenovader△ Jahannam,0,9b 11b,false,false,false,9b: Battle protection for itself. | 11b: Continuous skip of opponent Draw Phase every turn.,9b: Cannot be destroyed by battle | 11b: Skip both players' Draw Phases,
50078320,Engraver of the Mark,0,4 10,true,false,false,10: Rewrites the opponent's effect (ruling 34). | 4: Handtrap that alters/prevents opponent's declared effect.,10: The card name your opponent declared becomes the card name declared by this effect | 4: You can send this card from your hand to the Graveyard; declare 1 other card name,Unclear whether changing a declared name counts as negation/prevention.
28903523,Eternal Sunshine,0,10 frequency,false,false,false,"10 (repeatable): Negates an opponent's monster's effects, can be used several times per turn.",10: its effects are negated,
5284653,Evilswarm Obliviwisp,0,10 frequency,false,false,false,"10 (repeatable): Negates effects after each battle, no limit.",10: Negate the effects of that monster,
8632967,Evo-Karma,0,3.4,true,false,false,3.4: Continuous activation lock on a Spell.,3.4: your opponent cannot activate cards or effects,Only on certain summons; the lock is not limited by a property of the opponent's cards.
95376428,Extra Net,0,5 frequency,true,false,false,5 (repeatable): Controller can draw each time opponent summons from Extra Deck.,5: Draw 1 card,Both players can use; repeatable without limit.
65861210,Fallen Paradise of the Sacred Beasts,0,5 7b 9a frequency,false,false,false,7b (repeatable): Revives up to thrice per turn. | 5: Draws cards. | 9a (repeatable): Grants partial unaffected protection.,"7b: Special Summon 1 ""Sacred Beast"" monster from your hand, Deck, GY, or banishment | 5: You can draw 2 cards | 9a: it is unaffected by your opponent's activated Spell/Trap effects",
218704,Fenrir,0,11b,false,false,false,11b: Can take the opponent's Draw Phase each turn it destroys a monster by battle.,11b: your opponent skips their next Draw Phase,
52503575,Final Attack Orders,0,3.4,false,false,false,3.4: Continuous position lock on all monsters.,3.4: their battle positions cannot be changed,
64752646,Fire Princess,0,6a frequency,false,false,false,"6a (repeatable): Burn without field change, can trigger repeatedly.","6a: Each time you gain Life Points, inflict 500 damage to your opponent",
94804055,Firewall,0,10 frequency,true,false,false,"10 (repeatable): Negates direct attacks, no per-turn limit.",10: you can negate that monster's attack,Repeatability of this continuous trap's optional negation is uncertain.
79444933,Flame Spirit Ignis,0,6a frequency,false,false,false,6a (repeatable): Primary burn with tribute cost; no once-per-turn.,6a: inflict 100 damage to your opponent for each FIRE monsters in your Graveyard,
80630522,Flower Cardian Paulownia,0,5 10 frequency,false,false,false,10 (repeatable): Negates an attack. | 5 (repeatable): Draws a card.,10: negate the attack | 5: draw 1 card,
55586621,Fortune Lady Dark,0,7b frequency,false,false,false,7b (repeatable): Special Summons from GY without once-per-turn limit.,"7b: Special Summon 1 ""Fortune Lady"" monster from your Graveyard",
55397172,Futsu no Mitama no Mitsurugi,0,7b frequency,false,false,false,"7b (repeatable): Special Summons from the GY, limited only once per Chain.","7b: target 1 Reptile monster in your GY, except ""Futsu no Mitama no Mitsurugi""; Special Summon it",
87902575,Future Visions,0,3.2 7b frequency,true,false,false,7b (repeatable): Banished monster returns to the field; unlimited trigger. | 3.2: Field Spell delays Normal Summons of both players.,7b: Return it to the field in face-up Attack Position | 3.2: Each time a monster is Normal Summoned: Target that monster; banish it.,Floodgate by delay is debatable.
12423762,Gagaga Gardna,0,9b frequency,false,false,false,9b (repeatable): Grants itself battle protection with no once-per-turn limit.,9b: this card cannot be destroyed by that battle,
55063751,"Gameciel, the Sea Turtle Kaiju",0,10 frequency,false,false,false,10 (repeatable): Negates activations without a once-per-turn limit.,10: negate the activation,
64681432,Gandora the Dragon of Destruction,0,8 frequency,false,false,false,8 (repeatable): Board wipe without once-per-turn limit.,8: destroy as many cards on the field as possible,
59019082,"Garoth, Lightsworn Warrior",0,5 frequency,false,false,false,5 (repeatable): Draws cards; trigger has no once-per-turn limit.,5: draw 1 card for each,
61398234,Gate Guardian of Wind and Water,0,7b 10 frequency,false,false,false,"10 (repeatable): negates Spell/Trap effects, twice per turn | 7b: special summons from banishment","10: You can negate that effect | 7b: Special Summon 1 of your banished ""Kazejin"" or ""Suijin""",
8505920,Gate Guardians Combined,0,10 frequency,false,false,false,10 (repeatable): Negates effects up to three times per turn.,10: You can negate that effect,
27970830,Gateway of the Six,0,7b frequency,false,false,false,7b (repeatable): Special Summons from the GY with no once-per-turn limit.,"7b: Target 1 ""Shien"" Effect Monster in your GY; Special Summon that target.",
88931417,Gatling Ogre,0,6a frequency,false,false,false,"6a (repeatable): Burn paid by own cost, usable thrice per turn.",6a: inflict 800 damage to your opponent for each,
69243722,Gem-Knight Emerald,0,7b frequency,false,false,false,7b (repeatable): Special Summons a Fusion Monster from the GY.,7b: Special Summon it from the Graveyard,
67688478,Gemini Imps,0,4 5 10,false,false,false,4: Handtrap that negates an opponent's action. | 10: Negates an activation. | 5: Draws a card.,4: You can send this card from your hand to the Graveyard; negate the activation | 10: negate the activation | 5: Then draw 1 card,
15605085,Genex Solar,0,6a frequency,false,false,false,6a (repeatable): Damage triggered by sending to GY is primary; no limit (ruling 36).,"6a: Inflict 500 damage to your opponent each time a face-up ""Genex"" monster you control is sent to the Graveyard",
73642296,Ghost Belle & Haunted Mansion,0,4 10,false,false,false,4: Handtrap negating opponent's activation. | 10: Negates an activation.,4: You can discard this card; negate that activation | 10: negate that activation,
52038441,Ghost Mourner & Moonlit Chill,0,4 6a 10,true,false,false,"4: Handtrap negating an opponent's monster. | 10: Negates effects. | 6a: Damage on leaving the field, not necessarily destruction.","4: You can discard this card, then target 1 of those face-up monsters; negate its effects | 10: negate its effects until the end of this turn | 6a: its controller takes damage equal to its original ATK",6a vs byproduct unclear when the monster leaves by destruction.
59438930,Ghost Ogre & Snow Rabbit,0,4,false,false,false,4: Handtrap that destroys an opponent's card.,4: You can send this card from your hand or field to the GY; destroy that card on the field,
62015409,Ghost Reaper & Winter Cherries,0,4,false,false,false,4: Handtrap that removes opponent cards from the Extra Deck.,4: banish all cards in their Extra Deck with the same name as that revealed card,
43218406,"Gizmek Okami, the Dreaded Deluge Dragon",0,8 frequency,false,false,false,8 (repeatable): Mass destruction without once-per-turn limit.,8: destroy all monsters on the field that were Special Summoned from the Extra Deck,
27346636,Gladiator Beast Heraklinos,0,10 frequency,false,false,false,10 (repeatable): Negates Spell/Trap activations with no once-per-turn limit.,10: negate the activation and destroy it,
29357956,Gladiator Beast Nerokius,0,3.4 9b,false,false,false,"9b: Self battle protection. | 3.4: Lock on a battle-indestructible monster, not property-limited (ruling 11).",9b: Cannot be destroyed by battle | 3.4: your opponent cannot activate cards or effects until the end of the Damage Step,
99877698,Gravekeeper's Cannonholder,0,6a frequency,false,false,false,"6a (repeatable): Direct damage with Tribute cost, no per-turn limit.",6a: inflict 700 damage to your opponent,
16762927,Gravekeeper's Servant,0,3.4,false,false,false,3.4: Continuous cost on all attacks from a Spell.,3.4: Your opponent must send 1 card from the top of their Deck to the Graveyard to declare an attack,
98715423,Gravekeeper's Trap,0,3.4,false,false,false,3.4: Continuous GY lock not tied to a monster or card property.,"3.4: your opponent cannot activate the effects of cards in the GY, or Special Summon monsters from the GY",
26084285,Gravekeeper's Watcher,0,4 10,false,false,false,4: A handtrap that negates the opponent's activation. | 10: Negates an activation.,4: send this card from your hand to the Graveyard; negate the activation | 10: negate the activation,
89405199,Greed,0,3.4,true,false,false,3.4: Continuous punishment of drawing (ruling 4).,"3.4: Each time a player draws cards because of a card effect, they take 500 damage",Punishes both players' effect draws; floodgate vs. 6a.
90502999,Ground Collapse,0,3.4,false,false,false,3.4: Zone lock.,3.4: Neither player can use the selected zones.,
24215921,Gruesome Grave Squirmer,0,4 7b,false,false,false,"4: Quick hand effect that destroys another card (own, ruling 16). | 7b: Revives from the GY.","4: then you can destroy 1 ""Yubel"", or 1 monster that mentions it, in your Monster Zone | 7b: Special Summon 1 Fiend monster with 0 ATK/DEF from your hand or GY",
51043053,Heliosphere Dragon,0,3.4,false,false,false,"3.4: Attack lock on a monster that cannot be attacked, not property-limited.",3.4: your opponent cannot declare an attack,
60880471,Hellebore the Rikka Fairy,0,4 7b 10,false,false,false,4: Handtrap negating an opponent's effect. | 10: Negates an effect. | 7b: Revives itself from the GY.,4: You can Tribute this card from your hand or face-up field; negate that effect | 10: negate that effect | 7b: Special Summon this card in Defense Position,
47025270,Helping Robo for Combat,0,5 frequency,false,false,false,"5 (repeatable): Draws a card after battle destruction, no once-per-turn.",5: Draw 1 card,
21074344,Herald of Green Light,0,4 10,false,false,false,4: Handtrap that negates an opponent's Spell activation. | 10: Negates a Spell activation.,4: negate the activation | 10: negate the activation,
17266660,Herald of Orange Light,0,4 10,false,false,false,4: Handtrap that negates an opponent's activation. | 10: Negates an activation.,4: negate the activation | 10: negate the activation,
44665365,Herald of Perfection,0,10 frequency,false,false,false,10 (repeatable): Repeatable negation with a hand-discard cost.,10: negate the activation,
94689635,Herald of Purple Light,0,4 10,false,false,false,4: Handtrap that negates and destroys. | 10: Negates a Trap activation.,"4: negate the activation, and if you do, destroy it | 10: negate the activation",
48546368,Herald of Ultimateness,0,10 frequency,false,false,false,10 (repeatable): Negates Summons and activations with no once-per-turn limit.,10: negate the Special Summon or activation,
48229808,Horus the Black Flame Dragon LV8,0,10 frequency,false,false,false,10 (repeatable): Negates Spell activations with no once-per-turn limit.,10: You can negate the activation,
95772051,Ignoble Knight of Black Laundsallyn,0,7b frequency,false,false,false,7b (repeatable): Can Special Summon itself from the GY; that effect has no once-per-turn.,7b: Special Summon this card from your hand or Graveyard,
89027418,Imposter Shift,0,10 frequency,false,false,false,10 (repeatable): Continuous conditional negation.,10: negate the activated effect,
8581705,Infernalqueen Archfiend,0,10 frequency,false,false,false,"10 (repeatable): Negates targeting effects, no limit.",10: negate the effect,
22991179,Insect Neglect,0,10 frequency,false,false,false,10 (repeatable): A Continuous Spell that can negate attacks repeatedly.,10: negate the attack,
9628664,"Iris, the Earth Mother",0,5 frequency,false,false,false,5 (repeatable): Draws with no once-per-turn limit.,5: draw 1 card,
96287685,Jar Turtle,0,5 frequency,false,false,false,"5 (repeatable): Draws a card each time Jar of Greed is activated, with no per-turn limit.",5: draw 1 card,
63941210,"Jizukiru, the Star Destroying Kaiju",0,10 frequency,false,false,false,"10 (repeatable): Negates an effect, no once-per-turn.",10: negate that effect,
41855169,Jowgen the Spiritualist,0,3.2 8 frequency,false,false,false,8 (repeatable): Mass destruction without once-per-turn limit. | 3.2: Summon lock on a monster the opponent can attack.,8: destroy all Special Summoned monsters on the field | 3.2: Neither player can Special Summon monsters.,
57774843,Judgment Dragon,0,8 frequency,false,false,false,"8 (repeatable): Destroys all other cards, with no once-per-turn limit.",8: destroy all other cards on the field,
4869446,Judgment of the Desert,0,3.4,false,false,false,"3.4: Continuous battle-position lock defined by game state, not a printed property.",3.4: The Battle Positions of face-up monsters that are flipped face-up after activation of this card cannot be changed,
38491199,Junkuriboh,0,4 10,false,false,false,4: Handtrap negating an opponent's activation. | 10: Negates activations.,4: You can send this card from your hand or field to the GY; negate the activation | 10: negate the activation,
65430834,Jurassic Impact,0,3.4 8 11a,true,false,false,8: Board wipe. | 11a: Takes the opponent's next Normal Summon once. | 3.4: Summon lock lasting into the next turn.,"8: Destroy as many monsters on the field as possible | 11a: neither player can Normal or Special Summon | 3.4: Until the end of the next turn after this card is activated, neither player can Normal or Special Summon",Lock from a normal trap lasting beyond this turn; unclear if floodgate per ruling 9.
35059553,Kaiser Colosseum,0,3.1,false,false,false,3.1: Summon lock based on comparing both fields.,3.1: if his/her number of monsters would exceed the number of monsters that are on the field of this card's controller,
6276588,"Karakuri Ninja mdl 919 ""Kuick""",0,7b frequency,false,false,false,7b (repeatable): Revives from the GY; unlimited battle trigger.,"7b: select 1 Level 4 or lower ""Karakuri"" monster in your Graveyard, and Special Summon it",
25926710,Kelbek the Ancient Vanguard,0,4,false,false,false,4: Hand effect usable in the opponent's turn that bounces an opponent's monster.,"4: Special Summon this card from your hand, then return that monster to the hand",
83986578,King Tiger Wanghu,0,3.2 8 frequency,true,false,false,"8 (repeatable): Can destroy several summoned monsters; the trigger has no limit. | 3.2 (repeatable): Lasting punishment of summons, tied to an attackable monster.",8: Destroy those monsters with 1400 or less ATK | 3.2: When a monster(s) with 1400 or less ATK is Normal Summoned or Special Summoned: Destroy those monsters,Unclear whether the mandatory trigger counts as a floodgate by compulsion/cost.
31692182,Koa'ki Meiru Hydro Barrier,0,10 frequency,false,false,false,10 (repeatable): Negates effects of all face-up Effect Monsters; no once-per-turn limit.,10: the effect(s) of all face-up Effect Monsters are negated,
95204084,Koa'ki Meiru Tornado,0,8 frequency,false,false,false,8 (repeatable): Mass destruction with no once-per-turn limit.,8: destroy all Special Summoned monsters your opponent controls,
64063868,Kozmo Dark Eclipser,0,9a 10 frequency,false,false,false,9a: Untargetable by opponent's effects. | 10 (repeatable): Negates Trap activations with no once-per-turn limit.,9a: Cannot be targeted by an opponent's card effects | 10: negate the activation,
85991529,Kozmo Dark Planet,0,9a 10 frequency,false,false,false,"9a: Self untargetable. | 10 (repeatable): Negates Spell activations, with no once-per-turn limit.",9a: Cannot be targeted by an opponent's card effects | 10: negate the activation,
59575539,Krebons,0,10 frequency,false,false,false,10 (repeatable): Negates attacks without a per-turn limit.,10: negate the attack,
29726552,"Kumongous, the Sticky String Kaiju",0,10 frequency,false,false,false,"10 (repeatable): Negates summoned monsters' effects, no once-per-turn limit.",10: it has its effects negated,"Tributes only 1 opponent monster, not rule 8/7a."
82005435,Lady Ninja Yae,0,8 frequency,false,false,false,"8 (repeatable): Bounces all opponent Spells/Traps, no once-per-turn limit.",8: return all Spell and Trap Cards on your opponent's side of the field to the owner's hand,
67511500,Lady of D.,0,9a 9b frequency,false,false,false,9a (repeatable): Effect destruction substitute. | 9b (repeatable): Battle destruction substitute.,"9a: would be destroyed by battle or by a card effect, you can send 1 Dragon-Type monster from your hand to the Graveyard instead | 9b: would be destroyed by battle or by a card effect, you can send 1 Dragon-Type monster from your hand to the Graveyard instead",
47914440,Lane Restriction,0,3.4 7b,false,false,false,7b: Summons from banishment. | 3.4: Zone lock on Continuous Trap.,7b: Special Summon 1 of your banished monsters | 3.4: they must use their leftmost zone(s) that can be used,
46404281,Laval Magma Cannoneer,0,6a frequency,false,false,false,"6a (repeatable): Burn without changing the field, usable twice per turn.",6a: inflict 500 damage to your opponent,
92435533,"Lazion, the Timelord",0,3.4 9a 9b,true,false,false,9a: Effect-destruction immunity. | 9b: Battle-destruction immunity. | 3.4: Lasting punishment of drawing on a monster that cannot be destroyed by battle.,"9a: Cannot be destroyed by battle or card effects | 9b: Cannot be destroyed by battle or card effects | 3.4: Once per turn, if your opponent draws a card: Inflict 1000 damage to your opponent",Draw punishment treated as floodgate per ruling 4; could be 6a.
88851326,Legacy of the Duelist,0,3.4 10 frequency,false,false,false,3.4: Continuous both-player lock. | 10 (repeatable): Negates attacks with no per-turn limit.,3.4: Each player can only Set 1 Spell/Trap Card from their hand per turn. | 10: negate the attack,
76214441,Lifeforce Harmonizer,0,4 10,false,false,false,4: Handtrap negation. | 10: Negates an activation.,4: discard this card to negate its activation and destroy it | 10: negate its activation,
47297616,Light and Darkness Dragon,0,7b 10 frequency,false,false,false,"10 (repeatable): Negates once per Chain, several times per turn. | 7b: Revives from GY.",10: that activation is negated | 7b: Special Summon that monster,
19652159,Light and Darkness Dragonlord,0,7b 10 frequency,false,false,false,"10 (repeatable): Negates activations once per Chain, repeatable in a turn. | 7b: Special Summons from the GY.",10: negate the activation | 7b: target 1 Dragon monster in your GY; Special Summon it,
83027236,Light of Destruction,0,3.4,true,false,false,3.4: Continuous punishment of the opponent's milling effects.,3.4: send the top 3 cards of their Deck to the Graveyard,Unclear whether punishing a self-mill counts as restricting an action class (ruling 4).
62867251,Light of Intervention,0,3.4,false,false,false,3.4: Continuous lock on setting monsters for both players.,3.4: Monster Cards cannot be Set or flipped face-down,
22201234,Lightsworn Barrier,0,10 frequency,false,false,false,"10 (repeatable): Negates attacks, no once-per-turn.",10: negate the attack,
82699999,Live☆Twin Lil-la Sweet,0,4 7b 10,false,false,false,4: Handtrap that negates an opponent's effect. | 10: Negates an effect. | 7b: Special Summons itself from the GY.,4: You can discard this card; negate that opponent's effect | 10: negate that opponent's effect | 7b: this card is in your GY: You can Special Summon this card,
37310367,Lockout Gardna,0,9b 10 frequency,false,false,false,"9b: Battle protection. | 10 (repeatable): Negates opponent monster effects, no per-turn limit.",9b: it cannot be destroyed by battle this turn | 10: You can negate the effects of both that Cyberse monster you control and that opponent's monster,"Hand effect is Battle Phase only, rule 4 exception."
96012004,Lucky Chance,0,5 frequency,false,false,false,"5 (repeatable): Draws cards; once per Chain, not per turn.",5: draw 1 card,
5556499,Machina Fortress,0,7b frequency,false,false,false,7b (repeatable): Can Special Summon itself from the GY without a once-per-turn limit.,7b: Special Summon this card (from your hand or GY),
33822112,Mad Tempest Xenovader△ Ploutonion,0,4 5,true,false,false,5: Draws cards. | 4: Quick Effect from hand that banishes another own card (ruling 16).,"5: draw 2 cards | 4: banish both (face-down), and if you do, draw 2 cards",Rule 4 hit relies on ruling 16 for a cost banish of own card.
34206604,Magical Scientist,0,7c frequency,false,false,false,"7c (repeatable): Summons Fusion Monsters without materials, repeatedly per turn.",7c: Special Summon 1 level 6 or lower Fusion Monster from your Extra Deck,
53119267,Magical Thorn,0,3.4,true,false,false,3.4: Punishes opponent discards (ruling 4).,3.4: inflict 500 points of damage to their Life Points for each card that was discarded,Discarding is often forced by own cards; 3 vs 6a.
45796834,"Maha Vailo, Light of the Heavens",0,3.2 6b 10 frequency,false,false,false,"3.2: Continuous activation lock on an attackable monster. | 10 (repeatable): Negates effects targeting it, no per-turn limit. | 6b: Doubles battle damage.",3.2: Your opponent cannot activate monster effects during the Battle Phase. | 10: negate that effect | 6b: Any battle damage this card inflicts to your opponent is doubled.,
8445808,Maiden in Love,0,3.4 7a 9b,true,false,false,9b: Battle protection. | 7a: Takes control. | 3.4: Forces attacks; monster can't be removed by battle.,9b: Cannot be destroyed by battle | 7a: Take control of 1 monster your opponent controls | 3.4: Monsters your opponent controls that can attack must attack this card,Mix of forced attack (rule 3) and forced target (ruling 7).
43714890,Man-Thro' Tro',0,6a frequency,false,false,false,"6a (repeatable): Burn with Tribute cost, no once-per-turn limit.",6a: inflict 800 points of damage to your opponent's Life Points,
22093873,Masked HERO Divine Wind,0,3.4 5 9b,false,false,false,9b: Battle protection. | 3.4: Attack lock on a monster that cannot be destroyed by battle (ruling 11). | 5: Draws a card.,9b: Cannot be destroyed by battle. | 3.4: Your opponent can attack with only 1 monster during each Battle Phase. | 5: You can draw 1 card,
34906152,Mass Driver,0,6a frequency,false,false,false,6a (repeatable): Damage with a tribute cost is primary; no activation limit.,6a: inflict 400 points of damage,
79600447,Mementotlan Cranium Burst,0,10 frequency,false,false,false,"10 (repeatable): Negates effects, once per Chain so multiple per turn.",10: negate that activated effect,
81945676,Mementotlan Mace,0,4 7a,true,false,false,7a: Takes control. | 4: Handtrap that takes an opponent's monster off their field.,"7a: take control of it until the End Phase | 4: You can discard this card, then target 1 face-up monster your opponent controls; take control of it",Unclear if control change counts as removing a card for rule 4.
89785779,Millennium-Eyes Illusionist,0,4 7a,false,false,false,7a: Takes an opponent's monster as equip. | 4: Handtrap removing an opponent's monster.,"7a: target 1 Effect Monster your opponent controls; equip that target | 4: You can discard this card, then target 1 Effect Monster your opponent controls",
55733143,Mimighoul Charm,0,7c frequency,false,false,false,7c (repeatable): Brings a monster from the Extra Deck without materials; usable twice per turn.,7c: Special Summon it to your field,
68937720,Mind Drain,0,3.4,false,false,false,"3.4: Continuous lock on all hand monster effects, not defined by a card property.",3.4: Effects of monsters in the hand cannot be activated.,
22359980,Mirror Wall,0,3.4,true,false,false,"3.4: Lasting punishment of attacking (restriction by cost) on a Trap, no property subset.",3.4: has its ATK halved as long as this card remains on the field,Unclear whether an ATK-halving penalty for attacking counts as a floodgate by cost (ruling 4).
29587993,Mist Valley Apex Avian,0,10 frequency,false,false,false,"10 (repeatable): Once per chain negation, can repeat across chains in a turn.",10: negate the activation,
24027078,"Morgan, the Enchantress of Avalon",0,4 10,false,false,false,4: Handtrap that negates an opponent's activation. | 10: Negates an activation.,"4: You can send this card from your hand to the GY; destroy 1 ""Noble Arms"" Equip Spell you control, and if you do, negate the activation | 10: negate the activation",
29439831,Morgana the Witch of Eyes,0,10 frequency,false,false,false,10 (repeatable): Negates attacks without once-per-turn limit.,10: negate that attack,
71717923,Mormolith,0,8 frequency,false,false,false,"8 (repeatable): Destroys all qualifying monsters, no once-per-turn.",8: destroy all face-up monsters,
76375976,Mystic Mine,0,3.1,false,false,false,3.1: Floodgate based on comparing both fields.,"3.1: If your opponent controls more monsters than you do, your opponent cannot activate monster effects or declare an attack.",
15613529,Mystical Elf - White Lightning,0,4 7b 10,false,false,false,4: Hand effect in opponent's turn that negates. | 10: Negates an effect. | 7b: Revives from either GY.,"4: You can Special Summon this card from your hand, and if you do, negate that effect | 10: negate that effect | 7b: target 1 Normal Monster in either GY; Special Summon it to your field",
63053267,Nagel's Protection,0,6b 9a 9b stacking,false,false,false,9a: Effect destruction protection. | 9b: Battle protection. | 6b: Doubles battle damage.,9a: cannot be destroyed by battle or your opponent's card effects | 9b: cannot be destroyed by battle | 6b: the damage is doubled,
40172183,Narrow Pass,0,3.4,false,false,false,3.4: Continuous Normal Summon limit for both players.,3.4: Both players can only Normal Summon up to 2 additional monsters,
99916754,Naturia Exterio,0,10 frequency,false,false,false,10 (repeatable): Negates Spell/Trap activations without once-per-turn limit.,10: negate the activation of a Spell/Trap Card,
21105106,Nekroz of Sophia,0,4 8,false,false,false,4: Discarded from hand in opponent's turn to prevent their summons. | 8: Mass banish.,4: your opponent cannot Special Summon monsters from the Extra Deck during this phase | 8: banish all other cards on the field,
52068432,Nekroz of Trishula,0,4 10,false,false,false,4: Handtrap usable in opponent's turn that negates an activation. | 10: Negates an activation.,4: You can discard this card; negate the activation | 10: negate the activation,"Banishes only 1 card from the field, so no rule 8."
27204311,"Nibiru, the Primal Being",0,4 8,false,false,false,4: Handtrap in opponent's turn that removes cards from the field. | 8: Tributes all opponent monsters (ruling 28).,4: You can Tribute as many face-up monsters on the field as possible | 8: Tribute as many face-up monsters on the field as possible,
13629812,Ninjitsu Art of Shadow Sealing,0,3.4 7b,true,false,false,"7b: Banished opponent monster returns to the field (ruling 27). | 3.4: Continuous zone lock (ruling 14), not tied to a monster or card property.",7b: Return the card banished by this effect to the same Monster Card Zone | 3.4: its Monster Card Zone cannot be used,Zone lock on a single zone; unclear whether that counts as a class of actions.
10000000,Obelisk the Tormentor,0,8 9a frequency,false,false,false,9a: Untargetable by card effects. | 8 (repeatable): Destroys all opponent's monsters; no once-per-turn limit.,9a: Neither player can target this card with card effects | 8: destroy all monsters your opponent controls,
7930346,Origami Goddess,0,5 6b frequency,false,false,false,5: Draws. | 6b (repeatable): Doubles ATK.,5: draw 1 card for every 2 heads | 6b: Double this card's ATK for each heads,
49370016,P.U.N.K. JAM Extreme Session,0,5 frequency,false,false,false,"5 (repeatable): Draws a card, up to twice per turn.",5: You can draw 1 card,
14457896,Parasite Paranoid,0,4 10,true,false,false,10: Negates effects of the equipped monster. | 4: Quick Effect from hand in opponent's turn that negates/restricts an opponent monster.,10: its effects that activate by targeting an Insect monster(s) are negated | 4: equip this card from your hand to that target,Partial negation/attack restriction; unclear if it counts as preventing an opponent's action for rule 4.
68819554,Performage Damage Juggler,0,4 10,false,false,false,4: Hand effect negating an opponent's activation outside battle-only scope. | 10: Negates an activation.,"4: You can discard this card; negate the activation, and if you do, destroy that card | 10: negate the activation",
42562690,Performapal Skeeter Skimmer,0,10 frequency,false,false,false,10 (repeatable): Negates attacks without a once-per-turn limit.,10: negate that attack,
69488544,Phoenix Gearfried,0,7b 10 frequency,false,false,false,"7b (repeatable): Revives a Gemini monster from the GY, no per-turn limit. | 10 (repeatable): Negates activations, no per-turn limit.",7b: Special Summon that target | 10: negate the activation,
68304813,Precious Cards from Beyond,0,5 frequency,false,false,false,5 (repeatable): Continuous Spell draws 2 each time the condition is met.,5: Draw 2 cards,
22011689,Predaplant Moray Nepenthes,0,7a frequency,true,false,false,7a (repeatable): Equips an opponent's monster (ruling 24).,7a: You can equip that monster to this card,Monster is destroyed and in the GY when equipped; may be 7a or nothing (ruling 25).
12298909,Prime Material Dragon,0,10 frequency,true,false,false,"10 (repeatable): Negates activations, no limit.",10: negate the activation,Continuous damage-to-gain effect affects both players; possibly a floodgate.
1287123,Prime Material Falcon,0,10 frequency,false,false,false,10 (repeatable): Negates activations without a once-per-turn limit.,10: negate its activation,
74203495,PSY-Framegear Delta,0,4 7b 10,false,false,false,4: Handtrap negating a Spell. | 10: Negates a Spell activation. | 7b: Can summon from the GY.,"4: negate that activation | 10: negate that activation | 7b: 1 ""PSY-Frame Driver"" from your hand, Deck, or Graveyard",
1697104,PSY-Framegear Epsilon,0,4 7b 10,false,false,false,4: Handtrap that negates and destroys an opponent's Trap. | 10: Negates a Trap activation. | 7b: Can Special Summon Driver from the GY.,"4: Special Summon both this card from your hand | 10: negate that activation | 7b: from your hand, Deck, or Graveyard",
38814750,PSY-Framegear Gamma,0,4 10,false,false,false,4: handtrap negating an opponent's monster effect | 10: negates an activation,4: negate that activation | 10: negate that activation,
31980955,Quiet Life,0,3.4,false,false,false,3.4: Continuous summon lock on both players with no escape or property subset.,3.4: that player cannot Special Summon that turn,
53813120,Radiant Typhoon Mandate,0,5 10 frequency,false,false,false,"5: Draws a card. | 10 (repeatable): Negates effects; the limit is once per Chain, so it can repeat in one turn.","5: Shuffle them into the Deck, then draw 1 card. | 10: negate its effects",
6337436,Rapid-Fire Magician,0,6a frequency,false,false,false,"6a (repeatable): Primary damage on each Normal Spell, no limit.",6a: Inflict 400 damage to your opponent each time you activate a Normal Spell Card,
4550066,Rebuildeer,0,7b frequency,false,false,false,7b (repeatable): Revives a monster from the GY; unlimited battle trigger.,7b: target 1 Cyberse monster with 1500 or less ATK in your GY; Special Summon it,
18634367,Red Screen,0,3.4 7b,false,false,false,3.4: Continuous total attack lock not tied to a monster. | 7b: Revives a monster from the GY.,"3.4: Your opponent's monsters cannot declare attacks. | 7b: Level 1 Tuner monster in your Graveyard; destroy this card, and if you do, Special Summon that target",
21140872,Red-Eyes Slash Dragon,0,7b 10 frequency,false,false,false,10 (repeatable): Negates activations with no once-per-turn limit. | 7b: Revives monsters from the GY.,10: negate the activation | 7b: Special Summon as many monsters from your GY as possible,
5186893,Red-Eyes Zombie Dragon,0,7b frequency,false,false,false,7b (repeatable): Summons a monster from the GY; unlimited trigger.,7b: You can Special Summon that Zombie monster,
41406613,"Reign-Beaux, Overking of Dark World",0,7b frequency,false,false,false,7b (repeatable): Special Summons itself from the GY.,7b: You can Special Summon this card (from your GY),
2606417,Reversal Box,0,10 frequency,false,false,false,10 (repeatable): Negates monster effects; limited only by counters.,10: also its effects are negated,
47647354,"Rex, Ride Fur Hire",0,5 frequency,false,false,false,5 (repeatable): Draws a card; no once-per-turn limit on this effect.,5: You can draw 1 card,
132308,Rikka Princess,0,4 10,false,false,false,4: Can be activated from the hand on the opponent's turn to negate an effect. | 10: Negates a monster effect.,4: You can shuffle this card from your hand or GY into the Deck and Tribute 1 Plant monster; negate that effect | 10: negate that effect,
56655675,Ritual Beast Ulti-Gaiapelio,0,10 frequency,false,false,false,10 (repeatable): Negates activations with no once-per-turn limit.,10: negate the activation,
51852507,Rose Archer,0,4 10,false,false,false,4: Handtrap negating an opponent's action. | 10: Negates a Trap activation.,4: send this card from your hand to the Graveyard; negate the activation | 10: negate the activation,
70791313,Royal Magical Library,0,5 frequency,false,false,false,"5 (repeatable): Draws cards by removing counters, with no once-per-turn limit.",5: remove 3 Spell Counters from this card; draw 1 card,
93016201,Royal Oppression,0,10 frequency,true,false,false,"10 (repeatable): Negates Special Summons, repeatable by paying LP.",10: negate the Special Summon of a monster(s),Continuous trap with unlimited paid negations; repeatable flag uncertain.
26586849,Royal Prison,0,3.4,false,false,false,"3.4: Continuous summon lock by zone, not by property.",3.4: Monsters cannot be Special Summoned from the Graveyard,
49868263,Ryu Senshi,0,10 frequency,false,false,false,10 (repeatable): Negates Normal Trap effects without a turn limit.,10: You can pay 1000 LP; negate that effect,
60627999,Sanguine Swamp,0,3.4,true,false,false,"3.4: Continuous activation lock; face-down is a game state, not a property.",3.4: Face-down Spell and Trap Cards cannot be activated,Could be read as 3.3 (Spell/Trap card type).
4810828,"Sauravis, the Ancient and Ascended",0,4 8 10,false,false,false,4: Handtrap that negates an opponent's activation. | 10: Negates activations and Special Summons. | 8: Can banish multiple summoned opponent monsters.,4: You can discard this card; negate the activation | 10: negate the activation | 8: banish that monster(s),
68462976,Secret Village of the Spellcasters,0,3.1,false,false,false,3.1: Spell lock depending on comparison of both players' fields.,"3.1: If only you control a Spellcaster monster, your opponent cannot activate Spell Cards",
114932,Seismic Crasher,0,6a frequency,false,false,false,"6a (repeatable): Burn damage, the send is only a cost; usable twice per turn.",6a: inflict 500 damage to your opponent,
79569173,Seismic Shockwave,0,3.4,true,false,false,"3.4: Zone lock lasting while the card is on the field (rulings 9, 14).",3.4: Those Zones cannot be used.,Self-destructs after 3 turns; still judged 3.4.
9603356,Shadowknight Archfiend,0,10 frequency,false,false,false,10 (repeatable): Negates an opponent's targeting effect.,10: negate the effect and destroy the opponent's card,
27869883,Shadowpriestess of Ohm,0,6a frequency,false,false,false,"6a (repeatable): Damage with only a Tribute cost, no per-turn limit.",6a: inflict 800 damage to your opponent,
12197223,"Shiina, Twin Tempests of Celestial Thunder",0,4 8 9b,false,false,false,9b: Battle-destruction protection. | 8: Bounces all monsters or Spells/Traps. | 4: Handtrap on opponent's turn that removes cards.,"9b: The first time this card would be destroyed by battle each turn, it is not destroyed | 8: Return all face-up monsters on the field to the hand | 4: You can Special Summon this card from your hand",
32484853,Singularity Fiend,0,4 8,false,false,false,4: Handtrap in opponent's turn that removes opponent's monsters. | 8: Can destroy several summoned monsters.,4: You can discard this card and 1 Spell; destroy that monster(s) | 8: destroy that monster(s),
98139712,Skull Invitation,0,3.4,false,false,false,3.4: Continuous punishment of sending cards to GY (ruling 4).,"3.4: Each time a card(s) is sent to the Graveyard, inflict 300 damage to its owner",
67750322,Skull Meister,0,4 10,false,false,false,4: Handtrap that negates an opponent's effect. | 10: Negates an effect.,4: You can send this card from your hand to the GY; negate that effect | 10: negate that effect,
48453776,Sky Scourge Norleras,0,5 8 frequency,false,false,false,"8 (repeatable): Sends all cards on the field to the GY, no once-per-turn limit. | 5 (repeatable): Draws a card.",8: send all cards on the field and in both players' hands to the Graveyard | 5: then you draw 1 card,
97616504,Sky Striker Mecharmory - Hercules Base,0,5 frequency,false,false,false,5 (repeatable): Draws on destroying a monster; can trigger twice with the second attack.,5: Draw 1 card,
10000020,Slifer the Sky Dragon,0,3.2 8 frequency,true,false,false,8 (repeatable): Can destroy several summoned opponent's monsters at once. | 3.2: Lasting punishment of opponent's summons on a monster they can attack.,"8: That monster(s) loses 2000 ATK, then if its ATK has been reduced to 0 as a result, destroy it | 3.2: If a monster(s) is Normal or Special Summoned to your opponent's field in Attack Position",Unsure whether the summon punishment is a floodgate (ruling 4) or just removal.
47870325,Smile Action,0,6b 10 frequency,true,false,false,10 (repeatable): Negates attacks. | 6b: Doubles battle damage.,10: negate that attack | 6b: any battle damage you take this turn is doubled,Symmetric random effect; doubling hits the attacked player.
24731453,Snow Plow Hustle Rustle,0,4,true,false,false,4: Hand effect in the opponent's turn that destroys own cards (ruling 16).,4: destroy as many cards in your Spell & Trap Zone as possible,Triggers on an attack declaration; unclear whether this counts as working only in the Battle Phase (exception).
93211810,Sonic Boom,0,6b 9a stacking,false,false,false,6b: Doubles ATK. | 9a: Grants unaffected protection.,6b: its ATK becomes double its original ATK | 9a: it is unaffected by other Spell/Trap effects,
88619463,Sorcerer of Dark Magic,0,10 frequency,false,false,false,10 (repeatable): Negates Trap activations with no once-per-turn limit.,10: negate the activation,
51670553,Soul Devouring Bamboo Sword,0,11b,true,false,false,11b: Can skip Draw Phases on consecutive turns while active.,11b: they skip their next Draw Phase,Lasts about two turns; 11a vs 11b unclear.
73599290,Soul Drain,0,3.4,false,false,false,"3.4: Continuous lock on GY/banished monster effects, zone is not a card property.","3.4: Monsters that are banished, as well as monsters in the GY, cannot activate their effects.",
87844926,Soul Levy,0,3.4,false,false,false,3.4: Continuous punishment of all Special Summons.,"3.4: Each time your opponent Special Summons a monster(s), send the top 3 cards of your opponent's Deck to the GY.",
65107325,Sour Scheduling - Red Vinegar Vamoose,0,3.4 8,true,false,false,8: Can bounce several opponent cards in the column. | 3.4: Continuous zone lock on a trap.,8: return all other cards in this card's column to the hand | 3.4: Neither player can use the unused zones in this card's column,Column can hold 2 opponent cards; zone lock treated as floodgate per ruling 14.
20644748,Spatial Collapse,0,3.4,false,false,false,3.4: Continuous cap on both players' field presence.,3.4: The maximum number of cards that each player can have on the field is 5.,
26640671,Spiders' Lair,0,3.4,true,false,false,3.4: Continuous battle position lock on a Spell.,3.4: cannot change its battle position while this card is on the field,"Applies only to monsters that battled, so it may count as a lock on single cards (ruling 8)."
8324284,Spirit Shield,0,10 frequency,false,false,false,10 (repeatable): Negates attacks once per battle and activations.,10: negate that attack,
78625592,Spiritual Swords of Revealing Light,0,10 frequency,false,false,false,"10 (repeatable): Negates attacks, once per attack so multiple per turn.",10: negate that attack,
80637190,Spyder Spider,0,7b frequency,false,false,false,7b (repeatable): Revives a monster from the GY.,7b: Special Summon 1 Level 4 or lower Insect-Type monster from your Graveyard,
34646691,Stumbling,0,3.4,false,false,false,3.4: Continuous forced battle position on all summons.,3.4: is changed to Defense Position,
74762582,Subterror Fiendess,0,4 7b 10,false,false,false,4: Hand-activated Quick Effect on opponent's turn that negates an activation. | 10: Negates a card or effect activation. | 7b: Special Summons a monster from the GY.,"4: send this card from your hand or field to the GY | 10: negate the activation | 7b: Special Summon 1 ""Subterror"" monster from your hand or GY",
29724053,Summon Gate,0,3.4,true,false,false,"3.4: Continuous summon cap on both players, zone-based not property-based.",3.4: Each player can Special Summon a maximum of 3 monsters from the Extra Deck each turn,"Extra Deck origin treated as zone, not a card property (ruling 10)."
23516703,Summon Limit,0,3.4,false,false,false,3.4: Continuous summon limit on both players with no property subset.,3.4: Neither player can Summon more than two times per turn,
61650133,Summoning Curse,0,3.4,false,false,false,"3.4: Continuous punishment of Special Summons, no property limit.",3.4: The current controller of that monster(s) banishes 1 card from their hand,
53618293,Sunvine Maiden,0,4 10,false,false,false,4: Handtrap that negates an opponent's effect. | 10: Negates an effect.,"4: Special Summon this card from your hand, and if you do, negate that effect | 10: negate that effect",
29913783,Super Anti-Kaiju War Machine Mecha-Thunder-King,0,4 7b 9a 9b,false,false,false,4: Handtrap usable in opponent's Main Phase that removes a card. | 7b: Revives from the GY. | 9a: Partial immunity against opponent's Kaiju (ruling 31). | 9b: Partial battle protection.,"4: banish 1 ""Kaiju"" monster you control | 7b: you can Special Summon 1 monster from your GY | 9a: This card is unaffected by other ""Kaiju"" cards' effects | 9b: cannot be destroyed by battle with a ""Kaiju"" monster",
6849042,Super-Ancient Dinobeast,0,5 frequency,false,false,false,"5 (repeatable): Draws a card, no once-per-turn limit.",5: You can draw 1 card.,
88307361,Superancient Deepsea King Coelacanth,0,10 frequency,false,false,false,10 (repeatable): Negation without a per-turn limit.,10: negate the activation,
23738096,Supply Soldier of the Indestructible Insects,0,4 10,false,false,false,4: Quick Effect from hand in opponent's turn that negates an opponent's effect. | 10: Negates an effect.,4: negate that effect | 10: negate that effect,
93087299,Swords of Burning Light,0,3.4,true,false,false,3.4: Continuous attack lock not removable by listed regular actions.,3.4: monsters your opponent controls cannot declare attacks,Opponent can end it by holding 5+ cards; not a step 3.2 action.
12923641,Swords of Concealing Light,0,3.4,false,false,false,3.4: Continuous position lock on a Continuous Spell.,3.4: Monsters your opponent controls cannot change their battle positions.,
74150658,Talons of Shurilane,0,4 9b,false,false,false,"9b: Battle protection. | 4: Hand effect in opponent's turn removes a card (own, ruling 16).","9b: neither can be destroyed by that battle | 4: return it to the hand, and if you do, Special Summon this card from your hand",
60942444,Tenyi Spirit - Mapura,0,4 10,false,false,false,4: handtrap that negates an opponent's activation | 10: negates an activation,4: You can banish this card from your hand or GY; negate the activation | 10: negate the activation,
24557335,Tenyi Spirit - Shthana,0,4 7b,false,false,false,4: Can activate from the hand in the opponent's turn and destroys an opponent's card. | 7b: Revives a destroyed monster.,4: then you can destroy 1 monster your opponent controls | 7b: target 1 of those destroyed monsters; Special Summon it,
54631834,Terminal World,0,11b,true,false,false,11b: Continuously skips the opponent's Main Phase 2 every turn.,11b: both players skip their Main Phase 2,Could also be read as a rule 3 floodgate affecting both players.
48605591,Terminal World NEXT,0,3.4,false,false,false,3.4: Continuous board-size lock.,3.4: Cards cannot be placed on the field if it would give any player more than 3 monsters,
35975813,Terrorking Archfiend,0,10 frequency,false,false,false,10 (repeatable): Negates targeting effects without per-turn limit.,10: negate the effect and destroy the opponent's card,
87148330,"Tethys, Goddess of Light",0,5 frequency,false,false,false,"5 (repeatable): Draws a card, no once-per-turn limit.",5: draw 1 card,
7894706,The Chaotic Phantasmal Sacred Beasts,0,9a 10 frequency,false,false,false,9a: Partial effect indestructibility. | 10 (repeatable): Negates up to thrice per turn.,"9a: The first two times this card on the field would be destroyed by card effect each turn, it is not destroyed | 10: negate its effects",
30606547,The Dark Door,0,3.4,false,false,false,3.4: Continuous attack lock on both players.,3.4: Only 1 monster can attack during each Battle Phase,
92408984,The Dragon's Bead,0,10 frequency,false,false,false,"10 (repeatable): Continuous Trap negates Trap effects, no once-per-turn limit.",10: Negate the effect of a Trap Card,
26704411,The Fabled Kokkator,0,5 frequency,false,false,false,"5 (repeatable): Draw on battle destruction, with no once-per-turn limit.",5: draw 1 card,
94845226,The Fabled Rubyruda,0,10 frequency,false,false,false,10 (repeatable): Negates attacks without limit.,10: negate the attack,
44968687,The Legendary Fisherman III,0,6b 8 9a 9b stacking,true,false,false,8: Banishes all opponent monsters. | 9a: Indestructible by effects and unaffected by Spells/Traps. | 9b: Cannot be destroyed by battle. | 6b: Doubles battle damage.,"8: banish all monsters your opponent controls | 9a: Cannot be destroyed by battle or card effects, also unaffected by Spell/Trap effects | 9b: Cannot be destroyed by battle | 6b: the first battle or effect damage your opponent takes this turn becomes doubled",Doubling applies to battle or effect damage; only the battle part is 6b.
11587414,The True Sun God,0,3.4,true,false,false,"3.4: Continuous attack lock on a Continuous Spell; subset defined by summon state, not a printed property.","3.4: Monsters, except ""The Winged Dragon of Ra"", cannot attack the turn they are Special Summoned",Could be argued 3.3 since Ra is exempted by name.
5973663,The World Tree,0,7b frequency,false,false,false,"7b (repeatable): Can Special Summon a Plant from the GY, repeatable with counters.",7b: Special Summon that target,
24207889,There Can Be Only One,0,3.4 8,true,false,false,3.4: Continuous summon/control lock on both players. | 8: Can force several opponent's monsters to the GY.,3.4: Each player can only control 1 monster of each Type | 8: they must send some to the GY,3.3 (Type) vs 3.4; unclear whether a forced send by game rule counts for rule 8.
63519819,Thousand-Eyes Restrict,0,3.4 7a 9b,true,false,false,3.4: Continuous lock on attacking and position changes; opponent cannot attack it away. | 7a: Equips an opponent's monster to itself. | 9b: Battle destruction substitute.,"3.4: Other monsters on the field cannot change their battle positions or attack | 7a: equip that target to this card | 9b: If this card would be destroyed by battle, destroy that equipped monster instead",3.2 not applied because the opponent's monsters cannot attack this card.
53754391,Thundercrash Snarecrow,0,3.2 8 frequency,true,false,false,"3.2: Lasting trigger on a monster punishes non-Thunder Special Summons; removable by attacking it. | 8 (repeatable): Can destroy several Special Summoned opponent monsters at once, no per-turn limit.","3.2: That monster(s) cannot attack this turn, also destroy it during the End Phase | 8: also destroy it during the End Phase",Trigger-based lock treated as floodgate per ruling 9; rule 8 applies because 'monster(s)' may be several.
73625877,Time Escaper,0,4 7b,false,false,false,"4: Handtrap that removes a card (own counts, ruling 16). | 7b: Flicker returns a monster from banishment (ruling 1).","4: You can discard this card, then target 1 Psychic-Type monster you control; banish it | 7b: banish it until your next Standby Phase",
10960419,Time Magic Hammer,0,7b frequency,false,false,false,7b (repeatable): Temporary banish that returns (ruling 27).,7b: banish that opponent's monster until the Standby Phase of the Nth turn,
82003859,Toll,0,3.4,false,false,false,3.4: Cost floodgate on attacking.,3.4: Each player must pay 500 Life Points to declare an attack.,
44716890,Toll Hike,0,3.4,false,false,false,3.4: Cost on all attacks.,3.4: Each player must send 1 card from their hand to the GY to declare an attack.,
79875176,Toon Cannon Soldier,0,6a frequency,false,false,false,"6a (repeatable): Primary burn, unlimited.",6a: You can Tribute 1 monster; inflict 500 damage to your opponent.,
7293697,Toon World the Perfect World,0,7b frequency,true,false,false,7b (repeatable): Flicker returns a monster from banishment (ruling 1).,7b: banish 1 Toon monster you control until immediately after that card/effect resolves,"Also dodges effects, possibly protection-like; repeatable with different names."
47873397,Totem Pole,0,9a 10 frequency,false,false,false,9a: Untargetable protection. | 10 (repeatable): Negates attacks once per battle.,9a: Your opponent cannot target Rock monsters you control with 0 original ATK | 10: You can negate that attack,
62784717,Tour of Doom,0,3.4 11b,true,false,false,11b: Can take the opponent's Normal Summon every turn. | 3.4: Continuous summon lock without property limit.,11b: Your opponent cannot Normal Summon or Flip Summon until the End Phase | 3.4: Your opponent cannot Normal Summon or Flip Summon until the End Phase,Coin-dependent; overlap of rule 3 and 11.
31241087,Transcendosaurus Meteorus,0,4 7b,true,false,false,4: Handtrap in opponent's turn removing own cards (ruling 16). | 7b: Special Summons itself after being destroyed (from GY).,4: destroy 2 other Dinosaur monsters in your hand and/or field | 7b: then you can Special Summon this card,Destroyed cards are a cost-like part of its own summon; ruling 16 applied.
19096726,Tri-Brigade Mercourier,0,4 10,false,false,false,10: Negates a monster effect. | 4: Handtrap that negates an opponent's effect.,10: negate that effect | 4: You can send this card from your hand or face-up field to the GY; negate that effect,
45383307,Triamid Cruiser,0,5 frequency,true,false,false,5 (repeatable): Draw on each Triamid Normal Summon.,"5: You can draw 1 card, then discard 1 card",Unclear whether the once-per-turn clause covers the draw effect.
33184167,Tribe-Infecting Virus,0,8 frequency,false,false,false,"8 (repeatable): Destroys all monsters of a Type, no once-per-turn restriction.",8: Destroy all face-up monsters of the declared Type on the field.,
35371948,Trickstar Light Stage,0,6a frequency,true,false,false,"6a (repeatable): Extra damage without field change, repeating.",6a: inflict 200 damage to them,"Triggered by damage, possibly battle; could be byproduct. Set-card lock is single-card (ruling 8)."
48568432,Trigon,0,7b 9a 9b frequency,false,false,false,7b (repeatable): Revives from GY on each battle destruction. | 9a: Destruction substitute. | 9b: Destruction substitute incl. battle.,"7b: Special Summon 1 Level 4 or lower LIGHT Machine-Type monster from your Graveyard | 9a: If the equipped monster would be destroyed, destroy this card instead. | 9b: If the equipped monster would be destroyed, destroy this card instead.",
21237481,Type Zero Magic Crusher,0,6a frequency,false,false,false,6a (repeatable): Repeatable burn from a Continuous Trap.,6a: inflict 500 points of damage,
76721030,Tyrant's Tirade,0,3.4,true,false,false,3.4: Broad Continuous activation lock on a Trap.,3.4: Effects of Effect Monsters that activate in the hand or on the field cannot be activated.,"'Effect Monsters' could be read as a card-type subset (3.3), but covers practically all monster effects."
11819616,"Tytannial, Princess of Camellias",0,10 frequency,false,false,false,10 (repeatable): Negates activations with no once-per-turn restriction.,10: negate the activation,
67934141,Ultimate Baseball Kid,0,6a frequency,false,false,false,6a (repeatable): Burn without limit.,6a: inflict 500 damage to your opponent,
32692693,Ursarctic Radiation,0,5 frequency,false,false,false,"5 (repeatable): Draws each time a trigger occurs, no once-per-turn limit.",5: draw 1 card,
19743887,"VARefar, the Judge of Ball",0,4 6b,false,false,false,4: Handtrap that can banish an opponent's monster. | 6b: Doubles a monster's ATK.,4: Trap: Banish it. | 6b: Double its ATK,
78783557,Veidos the Eruption Dragon of Extinction,0,4 8,false,false,false,4: Hand Quick Effect usable on opponent's turn that destroys a card. | 8: Destroys all monsters.,"4: You can target 1 card in a Field Zone; Special Summon this card to your opponent's field, and if you do, destroy that card | 8: You can destroy all monsters on the field",
95220856,Vengeful Bog Spirit,0,3.4,false,false,false,3.4: Continuous attack lock not defined by a printed property.,3.4: Monsters cannot attack the turn they are Summoned,
26046205,Vengeful Shinobi,0,5 frequency,false,false,false,"5 (repeatable): Draws each time it is targeted for an attack, with no once-per-turn limit.",5: Draw 1 card,
8062132,Vennominaga the Deity of Poisonous Snakes,0,7b 9a frequency,false,false,false,9a: Untargetable and unaffected. | 7b (repeatable): Revives itself from the GY; unlimited trigger.,"9a: This card cannot be targeted by, and is unaffected by, Spell/Trap effects | 7b: Special Summon this card",
73219648,Vilepawn Archfiend,0,10 frequency,false,false,false,10 (repeatable): Can negate an opponent's effect on a die roll.,10: negate the effect and destroy the opponent's card,
14556954,VIP Whale,0,10 frequency,false,false,false,10 (repeatable): Negates an opponent's effect; can repeat per counter without once-per-turn limit.,10: negate that effect,
52575195,Vivid Knight,0,4 7b,true,false,false,4: Handtrap removing own card (ruling 16) and dodging targeting. | 7b: Flicker returns from banishment.,4: Banish that monster you control until your next Standby Phase | 7b: Banish that monster you control until your next Standby Phase,Rule 4 via ruling 16; may also be seen as protection.
32543380,Volcanic Doomfire,0,3.2 8 frequency,true,false,false,3.2: Forces opponent's monsters to attack; tied to a monster that can be attacked. | 8 (repeatable): Destroys all opponent monsters.,3.2: your opponent must attack this monster with any Attack Position monsters they control | 8: destroy all monsters your opponent controls,Forced attack combined with forced target; ruling 7 excludes forced targets but compels attacks.
26984177,Walls of the Imperial Tomb,0,5 frequency,true,false,false,5 (repeatable): Draws a card each time the Horus effect is activated.,5: You can draw 1 card,Draw trigger has no once-per-turn limit; repeatability depends on multiple Horus activations.
84428023,Wattjustment,0,5 frequency,false,false,false,"5 (repeatable): Draws on each instance of battle damage, with no limit.",5: Draw 1 card,Negating its own monster is a drawback (ruling 33).
41790641,Wattkingdom,0,3.4,true,false,false,"3.4: Continuous lock on summon-trigger effects defined by column, not a card property.",3.4: Your opponent cannot activate the effects of a monster that activate when it is Normal or Special Summoned,"Column-based; depends partly on Watt monsters, which could make it 3.2."
23274061,Wattsquirrel,0,10 frequency,false,false,false,"10 (repeatable): Negates effects of battled monsters, and can trigger on each of two battles per turn.",10: negate the effects of the monster it battled,
78021082,Weaver of Fairy Tails,0,7b 10 frequency,false,false,false,7b: Can summon from banishment. | 10 (repeatable): Negates an opponent monster's effects; trigger without limit.,"7b: Special Summon 1 ""Fairy Tail"" monster from your Deck or banishment | 10: negate its effects",
79473793,White Night Dragon,0,10 frequency,false,false,false,10 (repeatable): Negates targeting Spell/Traps without limit.,10: Negate the activation,
27944249,"Windaar, Sage of Gusto",0,7b frequency,false,false,false,7b (repeatable): Special Summons a monster from the GY.,"7b: target 1 Level 3 or lower ""Gusto"" monster in your Graveyard; Special Summon that target",
71074418,Witchcrafter Golem Aruru,0,4,false,false,false,4: Hand Quick Effect on the opponent's turn that removes an opponent's card.,"4: Special Summon this card from your hand, and if you do, return that targeted card to the hand",
6979239,Woodland Sprite,0,6a frequency,false,false,false,"6a (repeatable): Deals damage as primary function, no once-per-turn limit.",6a: Inflict 500 points of damage to your opponent's Life Points.,
53100061,X-Saber Axel,0,5 frequency,false,false,false,5 (repeatable): Draws on each Saber destruction without limit.,5: draw 1 card,
50604950,X-Saber Galahad,0,10 frequency,false,false,false,10 (repeatable): Negates attacks without limit.,10: negate the attack,
65195679,Xenovader△ Judgment,0,7b frequency,false,false,false,7b (repeatable): Summons a banished monster; can repeat with different Attributes.,7b: either add it to your hand or Special Summon it,
10852583,Yajiro Invader,0,8 frequency,false,false,false,8 (repeatable): Can destroy several opponent cards in a column; triggers each time.,8: destroy all other cards in this card's column,
43577607,Yang Zing Prana,0,3.4 8 9a 9b,false,false,false,9a: Effect destruction substitute. | 9b: Battle destruction substitute. | 3.4: Continuous Spell locks the opponent's monster setting. | 8: Mass destruction.,9a: you can send this card to the Graveyard instead | 9b: you can send this card to the Graveyard instead | 3.4: Your opponent cannot Set monsters. | 8: destroy all cards on the field,
3078576,Yata-Garasu,0,11b,false,false,false,11b: Returns to hand and can take the Draw Phase turn after turn.,11b: they skip their next Draw Phase,
29951323,Zap Mustung,0,3.4 9b,true,false,false,9b: Partial battle protection. | 3.4: Continuous summon lock on a monster hard to destroy by battle.,"9b: Twice per turn, this card cannot be destroyed by battle | 3.4: Each turn, the turn player can only Special Summon a number of times up to their number of attacks",Battle protection is only twice per turn; could be 3.2 if the opponent can attack it off.
37478723,"""Infernoble Arms - Durendal""",1,7b,false,false,false,7b: Special Summons a monster from the GY.,7b: Level 5 or lower FIRE Warrior monster in your GY; Special Summon it,
86988864,3-Hump Lacooda,1,5,false,false,false,5: Draws cards.,5: draw 3 cards,
83994646,4-Starred Ladybug of Doom,1,8,false,false,false,8: Destroys multiple opponent monsters.,8: Destroy all Level 4 monsters your opponent controls,
67048711,7,1,5,false,false,false,5: Draws cards.,5: draw 3 cards from your Deck,
9762295,"A Journey Back to the Light - ""Zenet""",1,5 7b 7c,false,false,false,5: Draws a card. | 7c: Fusion Monster to field without materials. | 7b: Special Summons from GY.,5: you can draw 1 card | 7c: Special Summon 1 Level 8 or lower non-Effect Fusion Monster from your Extra Deck | 7b: 1 Normal Monster from your GY,
32207100,A Major Upset,1,8,false,false,false,8: Bounces several monsters.,8: return all Level 7 or higher Special Summoned monsters to the hand,
44553392,"A Shattered, Colorless Realm",1,7b,false,false,false,7b: Special Summons from banishment.,"7b: Special Summon 1 of your banished ""Visas Starfrost""",
28596933,A Wingbeat of Giant Dragon,1,8,false,false,false,8: Destroys all Spells and Traps.,8: destroy all Spell and Trap Cards on the field,
30012506,A-Assault Core,1,9a 9b,false,false,false,9a: Grants immunity and destruction substitute. | 9b: Battle destruction substitute (ruling 6).,"9a: unaffected by your opponent's monster effects | 9b: if the equipped monster would be destroyed by battle or card effect, destroy this card instead",
13026402,A-Team: Trap Disposal Unit,1,10,false,false,false,10: Negates a Trap activation; tributes itself.,10: negate the activation of the Trap Card,
75926389,A-to-Z Energy Load,1,5,false,false,false,5: Draws cards.,5: Draw cards equal to the number,
10493654,A.I. Contact,1,5,false,false,false,5: Draws cards.,5: draw 3 cards,
77421977,A.I. Shadow,1,5,false,false,false,5: Draws a card.,5: Draw 1 card.,Forced attack target is not a floodgate (ruling 7).
22933016,A.I.dle Reborn,1,7b,false,false,false,7b: Special Summons a monster from the GY.,"7b: Target 1 ""@Ignister"" monster in your GY; Special Summon it",
89718302,Abare Ushioni,1,6a,false,false,false,6a: Coin-toss burn without changing the field.,6a: inflict 1000 damage to your opponent,
1561110,ABC-Dragon Buster,1,7b,false,false,false,7b: Special Summons monsters from banishment.,7b: target 3 of your banished LIGHT Machine Union monsters with different names; Special Summon them,
80801743,Abominable Chamber of the Unchained,1,7b,false,false,false,7b: Can revive from the GY.,"7b: Special Summon 1 ""Unchained"" monster from your hand or GY",
1966438,Abominable Unchained Soul,1,7b,false,false,false,7b: Special Summons itself from the GY.,7b: if this card is in the GY because it was destroyed on the field and sent there this turn: You can Special Summon this card,
70832512,Absolute Crusader,1,8,false,false,false,8: Can destroy multiple Special Summoned monsters.,8: destroy that Level 5 or higher monster(s),
51779204,Absolute Powerforce,1,6b,false,false,false,6b: Doubles battle damage.,6b: Any battle damage your opponent takes from that battle is doubled,
3900605,Absorbing Jar,1,5 8,false,false,false,"8: Destroys all Set Spells/Traps, including the opponent's. | 5: Draws cards.",8: Destroy all Set Spell/Trap Cards on the field | 5: each player draws 1 card for each of the cards they controlled,
100460003,Abyss Vagrada the Abyssal Cubic Lord,1,7b 9a,false,false,false,9a: Unaffected by some effects. | 7b: Special Summons from the GY.,"9a: unaffected by the activated effects of monsters | 7b: Special Summon 3 ""Cubic"" monsters from your GY",
19596712,Abyss-scale of Cetus,1,10,false,false,false,10: Negates a Trap effect.,10: negate that effect,
8719957,Abyss-scale of the Kraken,1,10,false,false,false,10: Negates an opponent's monster effect.,10: negate that effect,
72932673,Abyss-scale of the Mizuchi,1,10,false,false,false,10: Negates an opponent's Spell effect.,10: negate that effect,
34707034,Abyss-squall,1,7b,false,false,false,7b: Special Summons monsters from the GY.,7b: Special Summon those targets in face-up Defense Position,
63941169,Abyss-steam,1,5,false,false,false,5: Draws cards.,5: Draw cards equal to,
81878201,Abyss-sting Triaina,1,7b 9a 9b,false,false,false,7b: Can Special Summon from the GY. | 9a: Destruction substitute for card effects. | 9b: Destruction substitute for battle.,"7b: Special Summon 1 ""Atlantean"" or ""Mermail"" monster from your hand or GY | 9a: destroyed by battle or card effect, you can send this card to the GY instead | 9b: destroyed by battle or card effect, you can send this card to the GY instead",
97697447,Abyss-strom,1,8,false,false,false,8: Mass removal of Spells/Traps.,8: send all Spell and Trap Cards on the field to the Graveyard,
17080584,"Abyssrhine, the Atlantean Spirit",1,5,false,false,false,5: Draws a card.,5: draw 1 card,
10796448,Ace★Spades Speculation,1,7b 9a 9b,false,false,false,7b: Summons itself from the GY. | 9a: Protection from effect destruction. | 9b: Protection from battle destruction.,7b: Special Summon this card from your GY | 9a: Cannot be destroyed by battle or card effects | 9b: Cannot be destroyed by battle or card effects,
21323861,Acid Rain,1,8,false,false,false,8: Mass destruction.,8: Destroy all face-up Machine-Type monsters,
99004583,Action Magic - Full Turn,1,6b,false,false,false,6b: Doubles battle damage.,6b: double any battle damage,
81555617,Ad Libitum of Despia,1,7b,false,false,false,7b: Special Summons from GY or banishment.,"7b: that is banished or in your GY, except ""Ad Libitum of Despia""; Special Summon it",
9341993,Adamancipator Relief,1,8,false,false,false,8: Can destroy multiple cards.,8: target cards on the field equal to that number +1; destroy them,
72957245,Adamancipator Signs,1,7b,false,false,false,7b: Special Summons from the GY.,7b: Target 1 Rock monster in your GY; Special Summon it,
51630558,Advance Draw,1,5,false,false,false,5: Draw card.,5: draw 2 cards,
76224717,Advance Zone,1,5,false,false,false,5: Draws a card.,5: Draw 1 card,
18847598,Advanced Crystal Beast Amber Mammoth,1,10,false,false,false,10: Negates activations and attacks.,10: You can negate the activation,
12644061,Advanced Dark,1,10,false,false,false,10: Negates effects.,10: negate the effects of the attack target,
7935043,Aegis of the Ocean Dragon Lord,1,9a 9b,false,false,false,9a: Grants indestructibility by card effects. | 9b: Grants indestructibility by battle.,9a: cannot be destroyed by battle or by card effects | 9b: cannot be destroyed by battle or by card effects,
28143384,Aerial Eater,1,7b,false,false,false,7b: Special Summons itself from the GY.,7b: If this card is in your GY: You can banish 2 Level 6 or higher Fiend monsters,
43575579,Afterglow,1,6a,false,false,false,6a: Burn damage without changing the field.,6a: inflict 4000 damage to your opponent,
16135253,Agido,1,7b,false,false,false,7b: Revives from the GY.,7b: Special Summon 1 Fairy-Type monster from your Graveyard,
62320425,Agido the Ancient Sentinel,1,7b,false,false,false,7b: Special Summons a monster from the GY.,7b: Special Summon 1 Level 4 EARTH Fairy monster from your GY,
86377375,"Ahrima, the Wicked Warden",1,5,false,false,false,5: Draws a card.,5: draw 1 card,
18036057,Airknight Parshath,1,5,false,false,false,5: Draws a card.,5: Draw 1 card,
84747429,Airorca,1,7b,false,false,false,7b: Returns itself from banishment to the field (ruling 1).,7b: banish this card until your next Standby Phase,
84288367,"Aiwass, Divine Spirit of the Law",1,7b,false,false,false,7b: Summons itself from the GY.,7b: You can Special Summon this card,
35877582,"Aiwass, the Magistus Spell Spirit",1,7a,false,false,false,7a: Takes control of an opponent's monster.,7a: take control of the equipped monster,
38837163,"Akz, the Pumer",1,6b,false,false,false,6b: Doubles ATK.,6b: Double this card's ATK until the End Phase,
37683547,Albaz the Ashen,1,7b 9a,false,false,false,9a: Targeting protection. | 7b: Special Summons itself from the GY.,9a: your opponent cannot target other monsters you control with card effects | 7b: You can Special Summon this card,
38811586,Albion the Sanctifire Dragon,1,7b 9a,false,false,false,"9a: untargetable | 7b: summons from GY, also itself",9a: Your opponent cannot target this card with card effects | 7b: target 2 monsters in any GY(s); Special Summon both monsters,
25451383,Albion the Shrouded Dragon,1,5 7b,false,false,false,7b: Can Special Summon itself from the GY. | 5: Exchange that draws a card.,7b: If this card is in your hand or GY | 5: draw 1 card,
65384019,Alchemy Cycle,1,5,false,false,false,5: Draws cards.,5: draw 1 card,
100460002,Alditia Hell Blaze the Burning Cubic Lord,1,7b,false,false,false,7b: Special Summons from the GY.,"7b: Special Summon 2 ""Cubic"" monsters from your GY",
17573739,"Alector, Sovereign of Birds",1,10,false,false,false,10: Negates effects.,10: that target's effects are negated during this turn,
98787535,"Aleirtt, the Ogdoadic Dark",1,7b,false,false,false,7b: Revives itself.,7b: If this card is in your GY: You can Tribute 1 monster; Special Summon this card,
45154513,Alghoul Mazera,1,7b 9a 9b,false,false,false,9a: Destruction substitute against card effects. | 9b: Destruction substitute against battle. | 7b: Special Summons itself from banishment.,"9a: would be destroyed by battle or card effect, you can banish this card from your hand or GY instead | 9b: would be destroyed by battle or card effect, you can banish this card from your hand or GY instead | 7b: If this card is banished from the hand or GY: You can Special Summon this card",
14504454,"Alice, Lady of Lament",1,7b,false,false,false,7b: Revives a monster from the GY.,"7b: target 1 ""Lady of Lament"" monster in your GY; Special Summon it",
47728740,"Alich, Malebranche of the Burning Abyss",1,10,false,false,false,10: Negates a monster's effects.,10: negate its effects until the end of this turn,
652362,Alien Ammonite,1,7b,false,false,false,7b: Special Summons a monster from the GY.,"7b: Special Summon 1 Level 4 or lower ""Alien"" monster from your Graveyard",
17490535,Alien Brain,1,7a,false,false,false,7a: Takes control of an opponent's monster.,7a: Take control of the opponent's monster,
62437709,Alien Grey,1,5,false,false,false,5: Draws a card.,5: draw 1 card,
38468214,Alien Hypno,1,7a,false,false,false,7a: takes control of an opponent's monster,7a: take control of it while this card is on the field,
99532708,Alien Mars,1,10,false,false,false,10: Continuous negation.,10: The effects of Effect Monsters with A-Counters are negated,
24104865,Alien Mother,1,7b,false,false,false,7b: Special Summons an opponent's monster from the GY.,7b: Special Summon the destroyed monster to your side of the field,
68316358,Allure Dance,1,7b,false,false,false,7b: Special Summons monsters from the GY.,"7b: Special Summon as many ""Allure Queen"" monsters with different names as possible from your GY",
1475311,Allure of Darkness,1,5,false,false,false,5: Draws cards.,5: Draw 2 cards,
87257460,Allure Queen LV3,1,7a 9b,false,false,false,7a: Equips an opponent's monster. | 9b: Battle destruction substitute.,"7a: select 1 Level 3 or lower monster on your opponent's side of the field and equip it to this card | 9b: If this card would be destroyed by battle, the equipped monster is destroyed instead.",
23756165,Allure Queen LV5,1,7a 9b,false,false,false,7a: Equips an opponent's monster. | 9b: Battle destruction substitute.,"7a: select 1 Level 5 or lower monster on your opponent's side of the field and equip it to this card | 9b: If this card would be destroyed by battle, the equipped monster is destroyed instead",
92881099,Alluring Mirror Split,1,7b,false,false,false,7b: Revives from the GY.,"7b: Target 1 ""Harpie"" monster in your GY; Special Summon it",
45586855,Ally of Justice Cyclone Creator,1,8,false,false,false,8: Can return multiple opponent cards to hand.,8: return Spell/Trap Cards from the field to the hand equal to the number of face-up Tuner monsters,
45033006,Ally of Justice Enemy Catcher,1,7a,false,false,false,7a: Takes control of an opponent's monster.,7a: take control of 1 face-down Defense Position monster your opponent controls,
76650663,Ally of Justice Nullfier,1,10,false,false,false,10: Negates effects of battled monsters.,10: has its effects negated,
45450218,Ally of Justice Omni-Weapon,1,5,false,false,false,5: Draws a card.,5: draw 1 card,
59482302,Ally Salvo,1,8,false,false,false,8: Can destroy 2 opponent cards.,8: select 2 cards on the field and destroy them,
77797992,"Alpacaribou, Mystical Beast of the Forest",1,9a 9b,false,false,false,9a: Grants targeting and effect-destruction protection. | 9b: Grants battle indestructibility.,"9a: cannot be targeted by, or be destroyed by, card effects | 9b: cannot be destroyed by battle",
73355951,Alpha Summon,1,7b,false,false,false,7b: Special Summons monsters from banishment.,7b: Special Summon that opponent's monster to your field,
73304257,"Alpha, the Master of Beasts",1,8,false,false,false,8: Can bounce several opponent monsters.,8: return face-up monsters your opponent controls to the hand,
80143954,Altergeist Camouflage,1,9a 9b 10,false,false,false,10: Continuous negation. | 9a: Destruction substitute. | 9b: Destruction substitute.,"10: Negate an opponent's monster effect | 9a: would be destroyed by battle or card effect, you can banish this card from your GY instead | 9b: would be destroyed by battle or card effect, you can banish this card from your GY instead",
12977245,Altergeist Fifinellag,1,9a,false,false,false,9a: Grants untargetability.,"9a: your opponent cannot target ""Altergeist"" monsters you control with card effects",
2547033,Altergeist Haunted Rock,1,10,false,false,false,10: Negates a Trap.,10: negate that effect,
52927340,Altergeist Kunquery,1,10,false,false,false,10: Negates an attack and a card's effects.,10: negate that attack,"Handtrap part is Battle Phase only, so exempt from rule 4."
27132400,Altergeist Malwisp,1,7b,false,false,false,7b: Special Summons a monster from the GY.,"7b: target 1 ""Altergeist"" monster in your GY, except ""Altergeist Malwisp""; Special Summon it",
35146019,Altergeist Manifestation,1,7b,false,false,false,7b: Special Summons a monster from the GY.,"7b: Target 1 ""Altergeist"" monster in your GY; Special Summon it",
53143898,Altergeist Marionetter,1,7b,false,false,false,7b: Revives from GY.,7b: Special Summon that other monster from your GY,
54126514,Altergeist Peritrator,1,5,false,false,false,5: Draws a card.,5: You can draw 1 card,
27541563,Altergeist Protocol,1,3.3 10,false,false,false,3.3: Continuous uninegatable lock limited to an archetype (ruling 14). | 10: Negates a monster effect activation.,"3.3: The activation and effects of ""Altergeist"" cards activated on your field cannot be negated | 10: negate the activation",
62962630,Aluber the Jester of Despia,1,7b 10,false,false,false,7b: Special Summons itself from the GY. | 10: Negates monster effects.,7b: Special Summon this card | 10: negate the targeted monster's effects,
20073910,Amaterasu,1,5 8,false,false,false,5: Draws a card. | 8: Banishes all cards on the field.,5: draw 1 card | 8: Banish all other cards on the field,
92650018,Amaze Attraction Horror House,1,10,false,false,false,10: Negates an opponent's monster effects.,10: negate its effects until the end of this turn,
97182396,Amaze Attraction Viking Vortex,1,10,false,false,false,10: Negates an attack.,10: Negate the attack,
93473606,Amaze Attraction Wonder Wheel,1,5,false,false,false,5: Draw with a cost (ruling 2).,5: then draw 1 card,
94821366,Amazement Administrator Arlekino,1,8,false,false,false,8: Destroys any number of opponent cards.,8: target that many cards your opponent controls; destroy them,
20989253,Amazement Family Faces,1,7a,false,false,false,7a: Takes control of an opponent's monster.,7a: take control of the equipped monster,
23965033,Amazoness Augusta,1,9a,false,false,false,9a: Grants targeting and effect-destruction protection.,"9a: Your opponent cannot target other ""Amazoness"" cards you control with card effects",
10928224,Amazoness Baby Tiger,1,7b,false,false,false,7b: Can summon itself from the GY.,7b: You can Special Summon this card,
4591250,Amazoness Empress,1,7b 9a 9b,false,false,false,9a: Protects from destruction by card effects. | 9b: Protects from destruction by battle. | 7b: Can Special Summon from the GY.,"9a: cannot be destroyed by battle or card effects | 9b: cannot be destroyed by battle or card effects | 7b: Special Summon 1 ""Amazoness Queen"" from your hand, Deck, or GY",
83407038,Amazoness Onslaught,1,7b,false,false,false,7b: Revives from the GY.,"7b: target 1 ""Amazoness"" monster in your GY; Special Summon it",
59353647,Amazoness Pet Liger King,1,7b,false,false,false,7b: Revives a monster from the GY.,7b: Special Summon that other monster from the GY,
71209500,Amazoness Scouts,1,9a,false,false,false,9a: Grants untargetability and immunity to effect destruction.,"9a: cannot be targeted by monster effects, and cannot be destroyed by card effects",
6459419,Amazoness Shamanism,1,7b,false,false,false,7b: Special Summons from the GY.,"7b: ""Amazoness"" monsters from your Graveyard",
97870394,Amazoness Spiritualist,1,7b,false,false,false,7b: Special Summons itself from the GY.,7b: If this card is in your hand or GY,
22082163,Amazoness Willpower,1,7b,false,false,false,7b: Revives from the GY.,"7b: Select 1 ""Amazoness"" monster in your Graveyard and Special Summon it",
41224658,Ambitious Gofer,1,8,false,false,false,8: Can destroy up to 2 opponent monsters.,8: target up to 2 monsters your opponent controls,
98927491,Ambulance Rescueroid,1,7b,false,false,false,7b: Special Summons a destroyed monster from the GY.,7b: you can Special Summon that monster in Defense Position,
77972406,Ambush Fangs,1,10,false,false,false,10: Negates an attack.,10: Negate the attack,
19899073,Ame no Murakumo no Mitsurugi,1,7b 8 10,false,false,false,8: Board wipe. | 10: Negates an effect. | 7b: Special Summons itself after being Tributed (from the GY).,8: destroy all monsters your opponent controls | 10: that effect is negated | 7b: then you can Special Summon this card,
95174353,Ameba,1,6a,false,false,false,"6a: Damage triggered by control shift, not destruction/summon/battle.",6a: inflict 2000 points of damage to your opponent's Life Points,
75380687,Amulet Dragon,1,7b,false,false,false,7b: Special Summons a monster from the GY.,7b: target 1 Spellcaster monster in your GY; Special Summon that target,
61160289,"Amunessia, the Ogdoadic Queen",1,7b,false,false,false,7b: special summons itself and others from the GY,7b: Special Summon this card,
4064925,Ancient Gear Advance,1,5,false,false,false,5: Draws a card.,5: draw 1 card,
10509340,Ancient Gear Beast,1,3.2 10,false,false,false,3.2: Situational floodgate on a monster (ruling 5). | 10: Negates effects.,"3.2: If this card attacks, your opponent cannot activate any Spell/Trap Cards until the end of the Damage Step | 10: Negate the effects of an opponent's monster destroyed by battle with this card",
80045583,Ancient Gear Cannon,1,6a,false,false,false,6a: Primary burn.,6a: inflict 500 damage to your opponent,
27483935,Ancient Gear Commander,1,7b,false,false,false,7b: Special Summons from the GY.,"7b: Special Summon 1 ""Ancient Gear Golem"" from your hand or GY",
75892194,Ancient Gear Dragon,1,10,false,false,false,10: Negates a Spell/Trap effect.,10: negate that effect,
53541822,Ancient Gear Duel,1,9a,false,false,false,9a: Partial unaffected.,9a: unaffected by your opponent's activated monster effects,
1953925,Ancient Gear Engineer,1,3.2 10,false,false,false,10: Continuous negation of Trap effects. | 3.2: Situational floodgate on a monster.,"10: Negate any Trap effects that target this card | 3.2: If this card attacks, your opponent cannot activate any Spell/Trap Cards until the end of the Damage Step",
70147689,Ancient Gear Fortress,1,3.3 7b 9a,true,false,false,9a: Grants targeting/destruction protection. | 3.3: No-response lock limited to an archetype. | 7b: Can revive from the GY.,"9a: your opponent cannot target ""Ancient Gear"" monsters you control with card effects | 3.3: Your opponent cannot activate cards or effects in response to the activation of ""Ancient Gear"" cards and effects | 7b: Special Summon 1 ""Ancient Gear"" monster from your hand or Graveyard","3.3 vs 3.4: the archetype defines own cards, not the opponent's action subset."
64061284,Ancient Gear Fusion,1,7d,false,false,false,7d: Uses Fusion Material from the Deck.,7d: you can also use monsters from your Deck as material,
87182127,Ancient Gear Howitzer,1,6a 9a,false,false,false,6a: Direct burn without field change. | 9a: Unaffected by card effects.,6a: You can inflict 1000 damage to your opponent | 9a: Unaffected by other cards' effects,
37663536,Ancient Gear Megaton Golem,1,3.2 7c,false,false,false,3.2: Situational monster floodgate (ruling 5). | 7c: Extra Deck monster without materials.,"3.2: your opponent cannot activate Spell/Trap Cards until the end of the Damage Step | 7c: Special Summon 1 ""Ultimate Ancient Gear Golem"" from your Extra Deck, ignoring its Summoning conditions",
47482043,Ancient Gear Reborn,1,7b,false,false,false,7b: Special Summons from the GY.,7b: monster in your Graveyard; Special Summon it,
91098230,Ancient Gear Tanker,1,7b,false,false,false,7b: Special Summons a monster from the GY.,7b: you can Special Summon from your GY instead,
11830996,Ancient Leaf,1,5,false,false,false,5: Draws 2 cards.,5: draw 2 cards,
30752324,Ancient Secrets,1,5 7b 8,false,false,false,8: Board wipe. | 5: Draws cards. | 7b: Special Summons from GY.,8: Destroy all monsters your opponent controls | 5: Draw 2 cards | 7b: Special Summon 1 monster from either GY to your field,
33545259,Ancient Warriors - Ambitious Cao De,1,7b 9a,false,false,false,9a: Self untargetability and effect-destruction protection. | 7b: Special Summons the destroyed monster from the GY.,9a: your opponent cannot target this card with card effects | 7b: Special Summon that monster to your field in Defense Position,
77539547,Ancient Warriors - Graceful Zhou Gong,1,10,false,false,false,10: Negates a monster's effects.,10: negate its effects until the end of this turn,
32422602,Ancient Warriors - Ingenious Zhuge Kong,1,10,false,false,false,10: Negates Spell/Trap or monster effect activations.,10: negate the activation,
76416959,Ancient Warriors - Loyal Guan Yun,1,9a,false,false,false,9a: Grants untargetability to other monsters.,"9a: Your opponent cannot target other ""Ancient Warriors"" monsters you control with card effects",
79582540,Ancient Warriors - Savage Don Ying,1,3.2 5,false,false,false,3.2: Cost floodgate depending on a monster the opponent can attack. | 5: Draws a card.,3.2: your opponent must pay 400 LP to activate a card or effect | 5: draw 1 card,
40428851,Ancient Warriors - Virtuous Liu Xuan,1,5,false,false,false,5: Draws a card.,5: You can draw 1 card.,
82255872,Ancient Warriors Saga - Chivalrous Path,1,9b 10,false,false,false,9b: Destruction substitute protects Ancient Warriors monsters from battle destruction. | 10: Negates an activation targeting Ancient Warriors monsters.,9b: you can send this card to the GY instead | 10: negate the activation,
45115956,Ancient Warriors Saga - Deception and Betrayal,1,7a,false,false,false,7a: Takes control of an opponent's monster.,7a: you can take control of it,
4810585,Ancient Warriors Saga - Defense of Changban,1,3.3,true,false,false,3.3: Continuous lock on a card-type subset of activations.,3.3: your opponent cannot activate any Spell/Trap Cards until the end of the Damage Step,"Could be 3.4 if Spell/Trap is seen as the whole class; the lock sits on a Continuous Trap, not a monster."
91706817,Angel of Blue Tears,1,6a 10,false,false,false,6a: Damage without changing the field. | 10: Negates a monster's effects.,6a: takes damage equal to the number of cards in their hand x 200 | 10: negate that target's effects,
44822037,Angel Statue - Azurune,1,10,false,false,false,10: Negates a Summon.,10: negate the Summon,
54171327,Angelechy Disturbance,1,10,false,false,false,10: Negates effects of opponent's cards.,10: their effects are negated,
12845564,Angelechy Endgame Problem,1,3.2 5 7c 8,true,false,false,5: Draws. | 3.2: Continuous restriction on a Field Spell. | 8: Can banish several monsters. | 7c: Extra Deck summon without materials.,"5: You can draw 1 card | 3.2: When your opponent would Special Summon a monster(s), you choose the zone(s) to place it. | 8: You can banish that monster(s) | 7c: Special Summon 1 ""Angelechy"" monster from your Extra Deck",Zone choice as floodgate is debatable.
17782288,Angelechy Problem,1,7c,false,false,false,7c: Special Summons from the Extra Deck without its materials.,"7c: Special Summon 1 Level 2 ""Angelechy"" monster from your Extra Deck",
48340269,Angelechy Verdict,1,8 10,false,false,false,10: Negates effects. | 8: Banishes all opponent cards.,10: Negate the effects of 1 face-up card | 8: Banish all cards your opponent controls,
40678060,Angelica's Angelic Ring,1,9a 10,false,false,false,10: Negates the opponent's first Spell each turn. | 9a: Grants targeting protection.,10: negate the effect of your opponent's first Spell Card or effect that resolves | 9a: your opponent cannot target the monster this card was equipped to with card effects,
595626,Ankuriboh,1,7b,false,false,false,7b: Special Summons a monster from a GY.,"7b: target 1 monster in either GY, except this card; Special Summon it to your field",
83319154,Annihilate Retroglight,1,8 10,false,false,false,10: Negates a monster effect activation. | 8: Can banish all opponent's face-up monsters.,10: Negate that activation | 8: banish (face-down) all face-up monsters your opponent controls,
42364257,Anti Raigeki,1,8 10,false,false,false,10: Negates an effect. | 8: Destroys all opponent monsters.,10: Negate its effect | 8: destroy all monsters your opponent controls,
1463589,Anti-GMX Final Experiment,1,10,false,false,false,10: Negates a monster effect.,10: negate that activated effect,
53112492,Anti-Spell,1,10,false,false,false,10: Negates a Spell activation.,10: negate the activation of a Spell Card,
58921041,Anti-Spell Fragrance,1,3.3,false,false,false,3.3: Continuous delay on activating Spell Cards (card type).,3.3: Both players must Set Spell Cards before activating them,
43583400,Antialian,1,5,false,false,false,5: Draws a card.,5: Draw 1 card,
101403011,"Anu, Knight of the Winter Raven",1,7b,false,false,false,7b: Can revive from GY.,"7b: Special Summon 1 ""Winter Raven"" monster from your hand or GY",
31975743,Ape Magician,1,7a,false,false,false,7a: Takes control of an opponent's monster.,7a: take control of it until the End Phase,
25573115,Apex Predation,1,8,false,false,false,8: Destroys all Special Summoned monsters.,8: Destroy all Special Summoned monsters on the field,
41158734,Apocatequil,1,7b,false,false,false,7b: Revives from GY.,"7b: Special Summon 1 ""Oracle of the Sun"" from your Graveyard",
85888377,Apophis the Swamp Deity,1,10,false,false,false,10: Negates effects of opponent's cards.,10: negate the effects of face-up cards your opponent controls,
40061558,Apoqliphort Skybase,1,7a 9a,false,false,false,9a: Unaffected status. | 7a: Takes control of an opponent's monster.,9a: it is unaffected by Spell/Trap effects | 7a: take control of it until the End Phase,
27279764,Apoqliphort Towers,1,9a,false,false,false,9a: Self-immunity to Spell/Trap effects.,9a: it is unaffected by Spell/Trap effects,
43341600,Apple of Enlightenment,1,5,false,false,false,5: Draws cards.,"5: draw cards equal to the number of ""Valkyrie"" monsters you control +1",
5846183,Appliancer Breakerbuncle,1,9a 9b,false,false,false,9b: Battle protection for a monster. | 9a: Destruction substitute against card effects.,9b: that monster you control cannot be destroyed | 9a: you can banish this card from your field or GY instead,"Hand effect only grants protection (ruling 15), so not rule 4."
41830887,Appliancer Copybokkle,1,7b,false,false,false,7b: Special Summons from the GY.,7b: Special Summon 1 monster with the same name from your hand or GY,
30996652,Appliancer Reuse,1,7b,false,false,false,7b: Special Summons a monster from the GY.,"7b: Target 1 ""Appliancer"" monster in your GY; Special Summon it",
96427353,Aqua Armor Ninja,1,10,false,false,false,10: Negates an attack.,10: negate that attack,
28325165,Aqua Story - Urashima,1,9a 10,false,false,false,10: Negates effects. | 9a: Grants unaffected status.,10: its effects are negated | 9a: it is unaffected by your opponent's card effects,
91831066,Aquarium Lighting,1,6b 7b,false,false,false,6b: Doubles a monster's ATK. | 7b: Revives from GY.,6b: ATK and DEF each become double its current ATK and DEF | 7b: target 1 Aqua-Type monster in your Graveyard; Special Summon it,
65446452,Aquarium Set,1,7b,false,false,false,7b: Revives from GY.,7b: target 1 Aqua-Type monster in your Graveyard; Special Summon it,
29047353,Aquarium Stage,1,7b 9a 9b,false,false,false,9b: Makes monsters immune to destruction by battle. | 9a: Makes monsters unaffected by effects. | 7b: Special Summons a monster from the GY.,9b: cannot be destroyed by battle with a non-WATER monster | 9a: unaffected by your opponent's monster effects | 7b: target 1 Aqua-Type monster in your Graveyard; Special Summon it,
57964143,Arbitration of White,1,7b,false,false,false,7b: Revives from GY.,7b: Special Summon 1 Fish monster from your GY,
62892347,Arcana Force 0 - The Fool,1,9b 10,false,false,false,9b: Battle-destruction immunity. | 10: Negates targeting effects.,9b: This card cannot be destroyed by battle | 10: Negate your opponent's card effects that target this card,
69831560,Arcana Force EX - The Dark Ruler,1,8,false,false,false,8: Can destroy all cards on the field.,8: destroy all cards on the field,
39761418,Arcana Force XIX - The Sun,1,8,false,false,false,8: Can destroy multiple opponent cards.,8: Destroy all cards in the Spell & Trap Zones,
59712426,Arcana Force XV - The Fiend,1,8,false,false,false,8: Can destroy all monsters.,8: Destroy all monsters on the field,
6150044,Arcana Knight Joker,1,10,false,false,false,10: Negates effects targeting it.,10: negate the effect,
76302448,Arcana Spread,1,7b,false,false,false,7b: Special Summons from the GY.,7b: Special Summon 1 monster that has a coin tossing effect from your GY,
17896384,Arcane Barrier,1,5,false,false,false,5: Draws cards.,5: draw 1 card for each Spell Counter,
14553285,Arcanite Magician/Assault Mode,1,7b 8,false,false,false,8: Mass destruction. | 7b: Revives a monster from GY.,"8: destroy all cards your opponent controls | 7b: Special Summon 1 ""Arcanite Magician"" from your Graveyard",
92039899,Archfiend Cavalry,1,7b,false,false,false,7b: Special Summons a monster from the GY.,"7b: monster in your GY, except ""Archfiend Cavalry""; Special Summon it",
68371799,Archfiend Commander,1,7b,false,false,false,7b: Special Summons a monster from the GY.,"7b: target 1 Level 6 ""Archfiend"" monster in your Graveyard; Special Summon that target",
31766317,Archfiend Empress,1,7b 9a 9b,false,false,false,9a: Destruction substitute covering card effects. | 9b: Destruction substitute covering battle. | 7b: Special Summons a monster from the GY.,"9a: would be destroyed, you can remove from play 1 DARK Fiend-Type monster from your Graveyard, instead | 9b: would be destroyed, you can remove from play 1 DARK Fiend-Type monster from your Graveyard, instead | 7b: select 1 Level 6 or higher DARK Fiend-Type monster in your Graveyard, except ""Archfiend Empress"", and Special Summon it",
84341431,Archfiend Giant,1,9a,false,false,false,9a: Destruction substitute against effects.,"9a: would be destroyed by a card effect, you can pay 500 LP instead",
100459022,Archfiend of Gilfer - Flame Attack,1,5 7b,false,false,false,5: Draws a card. | 7b: Special Summons itself from the GY.,"5: draw 1 card, then discard 1 card | 7b: You can Special Summon this card",
63883999,Archfiend Palabyrinth,1,7b,false,false,false,7b: Special Summons from the GY.,"7b: Deck, or Graveyard",
53008933,Archfiend's Advent,1,7a,false,false,false,7a: Takes control of an opponent's monster.,7a: take control of it until the End Phase,
95825679,Archfiend's Awakening,1,7b 9a 9b,false,false,false,9b: Battle destruction protection. | 9a: Effect destruction protection. | 7b: Can Special Summon from the GY.,"9b: Cannot be destroyed by battle, except by battle with a Ritual Monster | 9a: cannot be destroyed by monster effects, except those of Ritual Monsters | 7b: Special Summon 1 ""Summoned Skull"" from your hand, Deck, or GY",
13379114,Archfiend's Fervor,1,10,false,false,false,10: Negates a card's effects.,10: negate its effects until the end of this turn,
32775808,Archfiend's Manifestation,1,7b,false,false,false,7b: Can Special Summon from the GY.,"7b: Special Summon 1 ""Summoned Skull"" from your hand, Deck, or GY",
79621896,Archfiend's Origin,1,7b 10,false,false,false,10: Negates a monster effect activation. | 7b: Can Special Summon from the GY.,"10: negate the activation | 7b: from your hand, Deck, or GY",
56246017,Archfiend's Roar,1,7b,false,false,false,7b: Special Summons a monster from the GY.,"7b: ""Archfiend"" monster in your Graveyard; Special Summon that target",
33212663,Archnemeses Eschatos,1,8 9a,false,false,false,9a: Self-protection from effect destruction. | 8: Destroys all monsters of a Type.,9a: Cannot be destroyed by card effects. | 8: destroy all monsters on the field with that Type,"Summon lock is temporary from an activated effect, not a floodgate."
6728559,Archnemeses Protos,1,8 9a,false,false,false,9a: Effect-destruction immunity. | 8: Destroys multiple monsters.,9a: Cannot be destroyed by card effects | 8: destroy all monsters on the field with that Attribute,
38379052,Argostars - Slayer Eteo,1,9a,false,false,false,9a: grants effect-destruction protection,9a: Warrior monsters you control cannot be destroyed by card effects,
40502912,Aria the Melodious Diva,1,9a 9b,false,false,false,9a: Grants untargetability. | 9b: Grants battle indestructibility.,9a: cannot be targeted by card effects | 9b: be destroyed by battle,
75730490,Ariane the Labrynth Servant,1,5,false,false,false,5: Draws a card.,5: You can draw 1 card,
1225009,Arianna the Labrynth Servant,1,5,false,false,false,5: Draws a card.,5: You can draw 1 card,
73602965,Arias the Labrynth Butler,1,7b,false,false,false,7b: Summons itself from the GY.,7b: You can activate this effect in the GY; Special Summon this card,
29904964,Arisen Gaia the Fierce Knight,1,7b,false,false,false,7b: Special Summons from GY.,"7b: Special Summon 1 ""Black Luster Soldier"" monster from your hand or Graveyard",
33282498,Arkbrave Dragon,1,7b 8,false,false,false,8: Banishes multiple opponent cards. | 7b: Special Summons a Dragon from the GY.,8: banish as many face-up Spell/Trap Cards your opponent controls as possible | 7b: Special Summon it.,
61606250,Armed Dragon Blitz,1,7b,false,false,false,7b: Can Special Summon a monster from the GY.,"7b: from your Deck or GY, and either add it to your hand or Special Summon it",
97091969,Armed Dragon Lightning,1,9a,false,false,false,9a: Destruction substitute against card effects.,9a: you can send this card to the GY instead,
58153103,Armed Dragon Thunder LV10,1,8 9b,false,false,false,8: Destroys all other cards. | 9b: Battle protection.,8: You can destroy all other cards on the field | 9b: Cannot be destroyed by battle,
57030525,Armed Dragon Thunder LV3,1,5,false,false,false,5: Draws a card.,5: You can draw 1 card,
31817415,Armed Neos,1,7c,false,false,false,7c: Summons an Extra Deck monster without its materials.,"7c: Special Summon 1 ""Elemental HERO"" Fusion Monster from your Extra Deck, ignoring its Summoning conditions",Its mass destruction is exempt from rule 8 because it is an Extra Deck monster.
20470500,Armed Sea Hunter,1,9a 9b 10,false,false,false,10: Negates an opponent monster's effects. | 9a: Destruction substitute (ruling 6). | 9b: Destruction substitute also covers battle.,"10: Negate the effects of that monster | 9a: If this card would be destroyed, you can destroy 1 face-up Level 3 or lower WATER monster you control instead | 9b: If this card would be destroyed, you can destroy 1 face-up Level 3 or lower WATER monster you control instead",
60110982,Armityle the Chaos Phantasm - Phantom of Fury,1,7c,false,false,false,7c: Brings an Extra Deck monster out without its materials.,"7c: Special Summon 1 ""Armityle the Chaos Phantasm"" from their Extra Deck, ignoring its Summoning conditions",
79155167,Armor Blast,1,8,false,false,false,8: Destroys 2 opponent cards.,8: 2 face-up cards your opponent controls; destroy them,
79649195,Armor Break,1,10,false,false,false,10: Negates an Equip Spell.,10: Negate the activation,
58827995,Armor Dragon Ritual,1,7b,false,false,false,7b: Special Summons a monster from the GY.,"7b: Special Summon 1 ""Knight of Armor Dragon"" from your GY",
16272453,Armor Ninjitsu Art of Alchemy,1,5,false,false,false,5: Draws cards.,5: then draw 2 cards,
65150219,Armor Ninjitsu Art of Freezing,1,3.2 10,false,false,false,10: Negates an attack. | 3.2: Lock depends on controlling a Ninja monster the opponent can attack.,10: negate that attack | 3.2: monsters your opponent controls cannot change their battle positions,
56779694,Armor Wizard Pazoo,1,10,false,false,false,10: Negates an opponent's effect; banishes itself.,10: you can negate the activated effect,
62742651,Armored Axon Kicker,1,7b,false,false,false,7b: Special Summons from the GY.,7b: Special Summon 1 monster from your Graveyard,
36868108,Armored Glass,1,10,false,false,false,10: Negates Equip Card effects.,10: Negate the effects of all Equip Cards on the field,
73333463,Armoroid,1,8,false,false,false,8: Banishes all Spells/Traps.,8: Banish all Spells and Traps on the field,
18078153,Army of the Haunted,1,7b,false,false,false,7b: Can Special Summon itself from the GY.,7b: this card is in your hand or GY: You can Special Summon this card,
12804701,Aroma Healing,1,7b,false,false,false,7b: Special Summons a monster from the GY.,"7b: target 1 ""Aroma"" monster in your GY; Special Summon it",
96789758,Aromage Jasmine,1,5,false,false,false,"5: Draws a card when you gain LP, once per turn.",5: Draw 1 card,
73167098,Aromalilith Magnolia,1,9a,false,false,false,9a: Grants effect destruction protection.,9a: Plant monsters you control cannot be destroyed by your opponent's card effects,Mass banish ignored: rule 8 excludes Extra Deck monsters.
16759958,Aromaseraphy Angelica,1,7b,false,false,false,7b: Revives itself.,7b: this card is in your Graveyard: You can Special Summon this card,
34172284,"Aron, the Ogdoadic King",1,7b,false,false,false,7b: Revives itself from the GY.,7b: Special Summon this card,
85080444,Artifact Aegis,1,7b 9a,false,false,false,7b: Summons itself from the GY. | 9a: Grants protection.,7b: sent to your Graveyard: Special Summon it | 9a: cannot be targeted or destroyed by your opponent's card effects,
12697630,Artifact Beagalltach,1,7b,false,false,false,7b: Summons itself from the GY.,7b: Special Summon it,
48086335,Artifact Failnaught,1,7b,false,false,false,7b: Summons itself from GY.,7b: Special Summon it.,
47863787,Artifact Labrys,1,7b,false,false,false,7b: Summons itself from GY.,7b: Special Summon it.,
80237445,Artifact Mjollnir,1,7b,false,false,false,7b: Revives from GY.,"7b: Target 1 ""Artifact"" monster in your GY; Special Summon it",
85103922,Artifact Moralltach,1,7b,false,false,false,7b: Summons itself from the GY.,7b: sent to your GY: Special Summon it,
27184601,Artmage Diactorus,1,7b 10,false,false,false,10: Negates an activation. | 7b: Can Special Summon from banishment.,"10: negate the activation | 7b: from your hand, Deck, or banishment",
34541940,Artmage Finmel,1,5 9a 10,false,false,false,9a: Grants untargetability. | 5: Draws a card. | 10: Negates the opponent's monster effects.,"9a: Your opponent cannot target Level 6 or lower ""Artmage"" monsters you control with card effects | 5: then you can draw 1 card | 10: negate the effects of all face-up monsters your opponent currently controls",
44654994,Artmage Impasto -Recapture-,1,7b 8 10,false,false,false,10: Negates an activation. | 8: Mass bounce. | 7b: Flicker returns a monster from banishment (ruling 1).,10: negate the activation | 8: return all Spells/Traps your opponent controls to the hand | 7b: banish 1 Fusion Monster you control (until the End Phase),
97434754,Artmage Litera,1,7b,false,false,false,7b: Special Summons a monster from the GY.,"7b: Special Summon 1 ""Artmage"" monster from your hand or GY",
74631897,Artmage Non-Finito,1,7c,false,false,false,7c: Alternate Extra Deck summon with fewer than listed materials.,"7c: discarding 1 Spell/Trap and Tributing 1 Level 7 or higher ""Artmage"" monster",
17719582,Artmage Peripeteia -Turmoil-,1,7b,false,false,false,7b: Special Summons a monster from the opponent's GY.,7b: Special Summon that target to your field,
74011784,Artmage Varnish -Alteration-,1,10,false,false,false,10: Negates an attack.,10: negate that attack,
66848311,Ashened for Eternity,1,7a,false,false,false,7a: Takes control of an opponent's monster.,7a: take control of that monster,
34813443,Ashened to Endlessness,1,8,true,false,false,8: Can use several opponent monsters as material (ruling 28).,8: using monsters from either field as material,Mass removal via opponent's monsters as fusion material.
12888461,Aspischool,1,7b,false,false,false,7b: Special Summons itself from banishment.,7b: If this card is banished: You can Special Summon this card,
76407432,Assault Counter,1,10,false,false,false,10: Counter Trap negates an activation.,10: Negate the activation,
67676619,Assault Lion,1,6b,false,false,false,6b: Doubles battle damage.,6b: battle damage it inflicts to your opponent is doubled,
93469007,Assault Overload,1,6a,false,false,false,6a: Burn with tribute as cost.,6a: Inflict damage to both players equal to its Level x 200,
56252810,Assault Revival,1,7b,false,false,false,7b: Revives from GY.,"7b: Special Summon 1 ""/Assault Mode"" monster from your Graveyard",
40012727,Assault Slash,1,8,false,false,false,8: Destroys multiple opponent monsters.,8: Destroy all face-up monsters on the field,
29863101,Assault Teleport,1,5,false,false,false,5: Draws cards.,5: Draw 2 cards,
29311166,Assault Wyvern,1,7b,false,false,false,7b: Revives a monster from the GY.,7b: Special Summon 1 Dragon-Type monster from your hand or Graveyard,
86762958,Assist★Yummy!,1,6a,false,false,false,6a: LP loss without changing the field.,6a: your opponent pays 100 LP,
25592142,Astellar of the White Forest,1,7b,false,false,false,7b: Special Summons itself from the GY.,7b: while this card is in your GY (except during the Damage Step): You can Special Summon this card,
69170403,Astra Ghouls,1,7b,false,false,false,7b: Special Summons a monster from the GY.,7b: target 1 Level 4 or lower monster in your GY; Special Summon it,
18738846,Astrazma Urania,1,10,false,false,false,10: Negates the effects of opponent cards.,10: negate their effects,
66719533,Asymmetaphys,1,5,false,false,false,5: Draws a card.,5: draw 1 card,
6112401,At One With the Sword,1,5,false,false,false,5: Draws a card.,5: draw 1 card,
48964966,Athena,1,7b,false,false,false,7b: Special Summons a monster from the GY.,"7b: target 1 Fairy monster in your GY, except ""Athena""; Special Summon that target",
65785782,Atlantis Call,1,10,false,false,false,10: Negates monster effects.,10: negate the effects of 1 Effect Monster,
79875526,Attachment Cybern,1,7b,false,false,false,7b: Revives from GY.,7b: in your GY; Special Summon it,
63689843,Attack and Receive,1,6a,false,false,false,6a: Burn as primary function.,6a: Inflict 700 points of damage,
85352446,Attention!,1,8,false,false,false,8: Can destroy multiple opponent monsters.,8: destroy all face-up monsters on the field with a different Level,
101402101,"Audhumla, Progenitor of the Frozen Expanse",1,5 9a,false,false,false,5: Draws cards. | 9a: Grants effect and targeting protection.,"5: draw that many cards | 9a: cannot be destroyed by your opponent's card effects, and your opponent cannot target them",
7183277,"Aurkus, Lightsworn Druid",1,9a,false,false,false,9a: Untargetability for monsters.,"9a: Neither player can target ""Lightsworn"" monsters (anywhere) with card effects",
70089580,Aurora Wing,1,7b,false,false,false,7b: Special Summons itself from the GY.,7b: You can Special Summon this card in face-up Attack Position,
37970940,Aussa the Earth Charmer,1,7a,false,false,false,7a: Takes control of an opponent's monster.,7a: take control of 1 EARTH monster your opponent controls,
71453557,Autonomous Action Unit,1,7b,false,false,false,7b: Revives from the opponent's GY.,7b: Special Summon that target to your side of the field,
82140600,Avalon,1,8,false,false,false,8: Board wipe.,8: destroy all cards on the field,
99284890,Avatar of The Pot,1,5,false,false,false,5: Draws cards.,5: draw 3 cards,
82832464,Awakening of Nephthys,1,7b,false,false,false,7b: Can revive from the GY.,"7b: Special Summon 1 ""Nephthys"" monster from your hand, Deck, or GY",
12877076,Awakening of the Crystal Ultimates,1,7b,false,false,false,7b: Can summon from GY.,"7b: Special Summon 1 ""Crystal Beast"" Monster Card from your hand, Deck, GY, or Spell & Trap Zone",
62256492,Awakening of the Possessed,1,5 9a,false,false,false,9a: Grants effect-destruction immunity to monsters. | 5: Draws a card.,9a: cannot be destroyed by card effects | 5: Draw 1 card,
74426895,Awakening of the Possessed - Gagigobyte,1,5,false,false,false,5: Draws a card.,5: each player draws 1 card,
65268179,Awakening of the Possessed - Nefariouser Archfiend,1,7b,false,false,false,7b: Revives from GY.,7b: Special Summon 1 Level 4 or lower monster from your GY,
19578592,Axe of Fools,1,6a 10,true,false,false,"6a: Damage without changing the field. | 10: Negates the equipped monster's effects, which can be an opponent's monster.",6a: Inflict 500 damage to the controller of the equipped monster | 10: its effects are negated,Rule 10 only if equipped to an opponent's monster.
42502956,Ayers Rock Sunrise,1,7b,false,false,false,7b: Revives from the GY.,7b: Target 1 Beast-Type monster in your Graveyard; Special Summon that target,
20934683,Azamina Debtors,1,7b 7c,false,false,false,7c: Summons a Fusion without its listed materials. | 7b: Special Summons from the GY.,"7c: then Special Summon that revealed monster. (This is treated as a Fusion Summon.) | 7b: target 1 ""Azamina"" monster in your GY; Special Summon it",
42201897,Azamina Determination,1,7c,false,false,false,7c: Summons a Fusion Monster without its materials.,7c: then Special Summon the revealed monster,
46396218,Azamina Ilia Silvia,1,6b 10,false,false,false,6b: Doubles battle damage. | 10: Negates an effect.,6b: inflicts to your opponent is doubled | 10: negate that effect,
46174776,Azamina Moa Regina,1,7b,false,false,false,7b: Special Summons a monster from the GY.,"7b: You can target 1 Illusion monster in your GY, except ""Azamina Moa Regina""; Special Summon it","Destroys up to 2, but rule 8 does not apply to Extra Deck monsters."
77411244,B-Buster Drake,1,9a 9b,false,false,false,9a: Unaffected by Spells and effect-destruction substitute. | 9b: Battle destruction substitute.,"9a: unaffected by your opponent's Spell effects, also if the equipped monster would be destroyed by battle or card effect, destroy this card instead | 9b: if the equipped monster would be destroyed by battle or card effect, destroy this card instead",
975299,B.E.F. Zelos,1,9a,false,false,false,9a: Grants untargetability and effect-destruction protection.,9a: your opponent cannot target them with card effects,
5121528,B.E.S. Derringer Core,1,7b,false,false,false,7b: Special Summons from the GY.,7b: Special Summon 1 Level 9 or lower,
56208713,Bacha the Melodious Maestra,1,7b,false,false,false,7b: Revives a Melodious monster from the GY.,7b: Special Summon it in Defense Position,
59919307,Back to the Front,1,7b,false,false,false,7b: Special Summons a monster from the GY.,7b: Target 1 monster in your GY; Special Summon it,
84976088,Background Dragon,1,7b,false,false,false,7b: Special Summons itself from the GY.,7b: You can Special Summon both this card,
71172240,Backlinker,1,8,false,false,false,8: Can remove multiple monsters from the field.,8: shuffle all monsters from the Extra Monster Zones into the Deck,
32603633,Backs to the Wall,1,7b,false,false,false,7b: Special Summons from the GY.,"7b: Special Summon as many ""Six Samurai"" monsters with different names from your GY as possible",
89328238,Backup Team,1,5,false,false,false,5: Draws cards.,5: Draw cards equal to the number of cards your opponent controls,
82593786,Bacon Saver,1,10,false,false,false,10: Negates an attack.,10: negate the attack,
76004142,Bad Luck Blast,1,6a,false,false,false,6a: Burn without changing the field.,"6a: inflict damage to your opponent, equal to the damage you took",
88890658,Baelgrill de Nouvelles,1,8 10,false,false,false,10: Negates effects. | 8: Tributes all opponent monsters.,10: negate the effects of all face-up cards your opponent currently controls | 8: Tribute as many monsters your opponent controls as possible,
7165085,Bait Doll,1,10,false,false,false,10: Negates a Trap's effect.,10: negate its effect,
67443336,Balance of Judgment,1,5,false,false,false,5: Draws cards.,5: Draw cards equal to their surplus,
31969219,Baneshade,1,8,false,false,false,8: Can banish several opponent cards.,8: also all cards with that name from your opponent's field,
55705473,Baobaboon,1,5,false,false,false,5: Draws a card.,5: You can draw 1 card,
81992475,"Barbar, Malebranche of the Burning Abyss",1,6a,false,false,false,6a: Burn from banishing own GY cards.,6a: inflict 300 damage to your opponent for each,
100459005,Barrel Dragon the Machine Dragon,1,7b 8,false,false,false,7b: Special Summons itself from the GY. | 8: Can destroy up to 3 monsters.,7b: You can Special Summon it | 8: destroy monsters on the field up to the number of heads,
98477480,Barrier of the Voiceless Voice,1,9a,false,false,false,9a: Grants targeting protection.,9a: your opponent cannot target LIGHT monsters you control with card effects,
69167267,Basal Rose Shoot,1,7b,false,false,false,7b: Special Summons from the GY.,7b: from your hand or GY in Defense Position,
61181383,Battery Charger,1,7b,false,false,false,7b: special summons from the GY,"7b: Special Summon 1 ""Batteryman"" monster from your Graveyard",
47346845,Batteryman AAA,1,7b,false,false,false,7b: Can Special Summon a monster from the Graveyard.,7b: from your hand or Graveyard,
19441018,Batteryman Industrial Strength,1,8,false,false,false,8: Removes up to 2 cards.,8: destroy 1 monster and 1 Spell or Trap Card on the field,
56839613,Batteryman Micro-Cell,1,5,false,false,false,5: Draws a card when destroyed by battle.,5: draw 1 card,
46570372,Battle of Sleeping Spirits,1,6b 7b,false,false,false,7b: Revives from GY. | 6b: Doubles ATK.,7b: Special Summon 1 monster from their GY | 6b: its ATK becomes doubled,
60530944,Battle of the Elements,1,8,false,false,false,8: Can send several opponent monsters to the GY.,8: Both players send monsters they control to the Graveyard,
90161770,Battlewasp - Arbalest the Rapidfire,1,7b,false,false,false,7b: Special Summons a monster from the GY.,7b: Insect monster in your GY; Special Summon that monster,
65899613,Battlewasp - Pin the Bullseye,1,6a,false,false,false,6a: Burn without changing the field.,6a: You can inflict 200 damage to your opponent,
28388927,Battlewasp - Sting the Poison,1,10,false,false,false,10: Negates an opponent monster's effects.,10: negate its effects until the end of this turn,
47921178,Battlin' Boxer Chief Second,1,7b 10,false,false,false,10: Negates an attack. | 7b: Temporary banish returns a monster.,10: negate that attack | 7b: banish 1 monster on the field until the End Phase,Handtrap works only in Battle Phase: exception.
68144350,Battlin' Boxer Switchitter,1,7b,false,false,false,7b: Special Summons from the GY.,"7b: target 1 ""Battlin' Boxer"" monster in your Graveyard; Special Summon that target",
11522479,Battlin' Boxer Uppercutter,1,7b,false,false,false,7b: Special Summons from the GY.,"7b: Special Summon 1 ""Battlin' Boxer"" monster from your GY",
36916401,Battlin' Boxing Spirits,1,7b,false,false,false,7b: Revives a monster from the GY.,7b: monster in your Graveyard; Special Summon that target,
4472318,Bayerock Dragon,1,7b,false,false,false,7b: Special Summons monsters from the GY.,7b: Rock monster in your GY; Special Summon them,
50371210,Beacon of White,1,7b,false,false,false,7b: Special Summons from the GY.,7b: Target 1 of them; Special Summon it,
27134209,"Beargram, Shelled Emperor of the Forest Crown",1,3.2 7b 8,false,false,false,7b: Can Special Summon itself from the GY. | 3.2: Continuous no-response lock on a monster the opponent can attack. | 8: Mass destruction.,7b: Must be Special Summoned (from your hand or GY) | 3.2: Your opponent cannot activate monster effects in response to your Spell/Trap Card or effect activation | 8: destroy all face-up monsters on the field,
78651105,Beast King Barbaros,1,8,false,false,false,8: Destroys all opponent cards.,8: Destroy all cards your opponent controls,
50675040,Beast King Unleashed,1,8,false,false,false,8: Can return several opponent cards in the column to hand.,8: any other cards in its column to the hand,
20011655,Beast of Talwar - The Sword Summit,1,3.2 9a,true,false,false,9a: Partial effect-destruction protection. | 3.2: Continuous targeting lock on a monster that can be attacked.,"9a: The first time this card would be destroyed by an opponent's card effect each turn, it is not destroyed. | 3.2: Neither player can target other monsters with Equip Spell Cards or effects.",The equip-targeting lock could be read as protection (9a) instead of a floodgate.
46924949,Beatraptor,1,10,false,false,false,10: Continuous negation.,10: Negate the effects of monsters in the Extra Monster Zones,
1474910,Bee List Soldier,1,5,false,false,false,5: Draws cards.,5: draw 2 cards,
30587695,Beetron,1,7b,false,false,false,7b: Special Summons from the GY.,7b: Special Summon that Insect monster in Defense Position,
91300233,Beetrooper Cruel Saturnas,1,7b,false,false,false,7b: Special Summons from banishment.,"7b: target 1 of your banished ""Beetrooper"" monsters; Special Summon it",
1712616,Beetrooper Fly & Sting,1,10,false,false,false,10: Negates a monster effect activation.,10: Negate the activation,
64213017,Beetrooper Formation,1,7b,false,false,false,7b: Special Summons from the GY.,"7b: ""Beetrooper"" monster in your GY; Special Summon it",
88962829,Beetrooper Light Flapper,1,10,false,false,false,10: Negates an attack.,10: negate that attack,
2656842,Beetrooper Scout Buggy,1,7b,false,false,false,7b: Can Special Summon from the GY.,"7b: from your hand, Deck, or GY",
13836592,Behemoth the King of a Hundred Battles,1,9a,false,false,false,9a: Partial unaffected-by-effects protection.,9a: This card is unaffected by the activated effects of Special Summoned monsters,
33731070,"Beiige, Vanguard of Dark World",1,7b,false,false,false,7b: Special Summons itself from the GY.,7b: Special Summon it from the Graveyard,
33655493,Belial - Marquis of Darkness,1,9a,false,false,false,9a: Grants untargetability against Spell/Trap effects.,"9a: Your opponent cannot target any face-up monster you control, except ""Belial - Marquis of Darkness""",
94662235,Bending Destiny,1,10,false,false,false,10: Negates activations or summons.,"10: Negate the activation of a Spell or Trap Card, or the Normal Summon of a monster",
69601012,Berfomet the Mythical King of Phantom Beasts,1,7b,false,false,false,7b: Special Summons a banished monster.,"7b: target 1 of your banished Beast, Fiend, or Illusion monsters",
15381252,Berserker Soul,1,6a,false,false,false,6a: Damage from excavation/sending to GY is primary (ruling 20).,"6a: send it to the Graveyard, and if you do that, inflict 500 damage to your opponent",
42901635,Berserkion the Electromagna Warrior,1,7b,false,false,false,7b: Special Summons banished monsters.,7b: Special Summon them,
23969415,Beta Evolution Pill - Ultranscendance,1,7c,false,false,false,7c: Brings an Extra Deck monster out without its materials.,7c: Special Summon 1 Level 5 or higher Dinosaur monster from your Deck or Extra Deck,
92714517,Big Welcome Labrynth,1,7b,false,false,false,7b: Can Special Summon from the GY.,"7b: from your hand, Deck, or GY",
55461744,Big-Winged Berfomet,1,7b,false,false,false,7b: Special Summons from GY.,7b: target 1 Illusion monster in your GY; Special Summon it,
99505609,Bingo Card,1,5 8,false,false,false,8: Can destroy several opponent cards. | 5: Draws cards.,8: destroy as many cards in that column as possible | 5: each player draws 1 card,
84845628,Bird of Paradise Lost,1,7a,false,false,false,7a: Takes control of an opponent's monster.,7a: take control of it until the End Phase,
35539880,Birthright,1,7b,false,false,false,7b: Revives a monster from the GY.,7b: Normal Monster in your Graveyard; Special Summon that target,
98684220,Black Chaos,1,8 9a,false,false,false,9a: Self unaffected protection. | 8: Banishes 2 opponent cards.,9a: this card is unaffected by your opponent's activated effects | 8: You can banish 2 cards your opponent controls,
56562619,Black Dragon Ninja,1,7b,false,false,false,7b: Banished monsters return to the field (ruling 27).,7b: Special Summon as many monsters banished by this card's effect as possible to their owner's field(s),
71645242,Black Garden,1,3.2 7b 8,true,false,false,3.2: Field Spell punishing summons (ruling 4). | 8: Can destroy several monsters. | 7b: Revives from the GY.,"3.2: Halve its ATK, then, the controller of that monster Special Summons 1 ""Rose Token"" | 8: destroy this card and as many Plant monsters on the field as possible | 7b: Special Summon that targeted monster",Whether the summon penalty is a floodgate.
50323155,Black Horn of Heaven,1,10,false,false,false,10: Negates a summon.,10: Negate the Special Summon,
32754886,Black Illusion,1,9a 9b,false,false,false,9b: Battle protection. | 9a: Unaffected-protection.,9b: cannot be destroyed by battle | 9a: unaffected by your opponent's card effects,
70551291,Black Luster Soldier - Legendary Swordsman,1,3.2 8,false,false,false,3.2: Monster-based activation lock removable by attacking it. | 8: Removes all opponent's cards.,3.2: Your opponent cannot activate cards or effects during your Battle Phase | 8: shuffle all cards your opponent controls into the Deck,
70405001,Black Luster Soldier - Soldier of Light and Darkness,1,9a 9b,false,false,false,9a: Self unaffected protection. | 9b: Battle protection.,"9a: Unaffected by your opponent's activated effects, unless they target this card | 9b: cannot be destroyed by battle",
54484652,Black Luster Soldier - Super Soldier,1,7b,false,false,false,7b: Can revive a monster from the GY.,"7b: Special Summon 1 ""Gaia The Fierce Knight"" monster from your hand, Deck, or Graveyard",
65169794,Black Pendant,1,6a,false,false,false,6a: Damage triggered by being sent to GY is primary.,6a: Inflict 500 damage to your opponent,
46985799,Black Rose Dragon/Assault Mode,1,7b 8,false,false,false,7b: Revives from the GY. | 8: Destroys all cards on the field.,"7b: Special Summon 1 ""Black Rose Dragon"" from your GY | 8: destroy all cards on the field",
88671720,Black Salvo,1,7b,false,false,false,7b: Revives from GY.,7b: Level 4 DARK Machine-Type monster in your Graveyard; Special Summon that target,
96367119,Black Shadow Squall,1,10,false,false,false,10: Negates a Spell/Trap activation.,10: negate the activation,
97818130,Black Skull Dragon the Archfiend Dragon of Unity,1,6a,true,false,false,6a: LP loss without board change.,6a: You can make your opponent lose 800 LP,Hand Quick Effect discards a Spell as cost; judged not rule 4.
72930878,Black Sonic,1,8,false,false,false,8: Banishes all opponent's attack position monsters.,8: Banish all face-up Attack Position monsters your opponent controls,
44028461,Blackback,1,7b,false,false,false,7b: Revives from GY.,7b: in your Graveyard; Special Summon that target,
53519297,Blackboost,1,5,false,false,false,5: Draws cards.,5: draw 2 cards,
31053337,Blackwing - Abrolhos the Megaquake,1,8,false,false,false,8: Bounces all opponent Spells/Traps.,8: return all cards in your opponent's Spell & Trap Zone to the hand,
17465972,Blackwing - Auster the South Wind,1,7b,false,false,false,7b: Special Summons from banishment.,"7b: target 1 of your banished Level 4 or lower ""Blackwing"" monsters; Special Summon it",
89040386,Blackwing - Backlash,1,8,false,false,false,8: Mass destruction.,8: Destroy all monsters your opponent controls,
22835145,Blackwing - Blizzard the Far North,1,7b,false,false,false,7b: Special Summons a monster from the GY.,"7b: ""Blackwing"" monster in your Graveyard; Special Summon that target",
43906884,Blackwing - Boobytrap,1,5,false,false,false,5: Draws a card.,5: draw 1 card,"Damage is triggered by destruction, so byproduct."
3072808,Blackwing - Hillen the Tengu-wind,1,7b,false,false,false,7b: Special Summons from the GY.,7b: Special Summon that monster and this card from the Graveyard,
81105204,Blackwing - Kris the Crack of Dawn,1,9a,false,false,false,9a: Partial effect protection.,9a: this card cannot be destroyed by Spell/Trap effects,
73534250,Blackwing - Tornado the Reverse Wind,1,7b,false,false,false,7b: Special Summons from the GY.,"7b: target 1 ""Blackwing"" Tuner in your Graveyard",
71187462,Blackwing - Vata the Emblem of Wandering,1,7c,false,false,false,7c: Summons from the Extra Deck without using its listed materials.,"7c: Special Summon 1 ""Black-Winged Dragon"" from your Extra Deck",
14785765,Blackwing - Zephyros the Elite,1,7b,false,false,false,7b: Special Summons itself from the GY.,7b: If this card is in your GY: You can return 1 face-up card you control to the hand; Special Summon this card,
78509901,Blade Garoodia the Cubic Beast,1,7b,false,false,false,7b: Special Summons from the GY.,"7b: ""Vijam the Cubic Seed"" in your Graveyard; send this card to the Graveyard, and if you do, Special Summon them",
39507162,Blade Knight,1,10,false,false,false,10: Negates effects.,10: the effects of Flip monsters destroyed by battle with this card are negated,
89041555,Blast Held by a Tribute,1,8,false,false,false,8: Mass destruction.,8: Destroy as many face-up Attack Position monsters they control as possible,
70138455,Blast Juggler,1,8,false,false,false,8: Destroys 2 monsters.,8: destroy 2 face-up monsters,
53804307,"Blaster, Dragon Ruler of Infernos",1,7b,false,false,false,7b: Special Summons itself from the GY.,"7b: If this card is in your hand or Graveyard: You can banish a total of 2 FIRE and/or Dragon-Type monsters from your hand and/or Graveyard, except this card; Special Summon this card.",
99788587,Blasting Fuse,1,8,false,false,false,8: Can destroy multiple opponent cards.,8: Destroy all cards in this column,
21466326,Blasting the Ruins,1,6a,false,false,false,6a: Pure burn.,6a: Inflict 3000 points of damage,
52198054,Blaze Accelerator Reload,1,5,false,false,false,5: Discard-to-draw effect.,5: draw 1 card,
4059313,Blaze Cannon,1,8 9a,false,false,false,9a: Grants unaffected protection. | 8: Mass removal.,9a: This card is unaffected by your opponent's card effects | 8: send all monsters your opponent controls to the GY,
6602300,"Blaze Fenix, the Burning Bombardment Bird",1,6a,false,false,false,6a: Burn damage based on counting cards.,6a: inflict 300 damage to your opponent for each card on the field,
16984449,Blazewing Butterfly,1,7b,false,false,false,7b: Special Summons a monster from the GY; tributes itself as cost.,7b: target 1 Gemini monster in your Graveyard,
75249652,Blazing Mirror Force,1,8,false,false,false,8: Destroys multiple opponent monsters.,8: Destroy as many Attack Position monsters your opponent controls as possible,
15177750,Blessed Winds,1,7b,false,false,false,7b: Revives a monster from GY.,"7b: Special Summon 1 ""Aroma"" monster from your GY",
82422049,Blessings for Gusto,1,7b,false,false,false,7b: Revives from GY.,7b: then Special Summon the third target,
32015116,Blind Destruction,1,8,false,false,false,8: Destroys all monsters of the rolled Level.,8: destroy all monsters on the field with the same Level,
22802010,Blind Obliteration,1,8,false,false,false,8: Mass destruction.,8: destroy all face-up monsters,
23526128,Blitzclique Return Stroke,1,9a 10,false,false,false,9a: Grants effect-destruction immunity. | 10: Negates Spell effects.,9a: cannot be destroyed by your opponent's card effects | 10: negate that effect,
51706604,Blizzard,1,10,false,false,false,10: Negates Spell effects.,10: negate the activated effects of that Spell,
43694481,Blizzard Falcon,1,6a,false,false,false,6a: Burn damage without changing the field.,6a: You can inflict 1500 damage to your opponent,
50920465,Blizzard Thunderbird,1,7b,false,false,false,7b: Special Summons a monster from the GY.,7b: 1 from your Graveyard,
60161788,"Blizzed, Defender of the Ice Barrier",1,5,false,false,false,5: Draws a card.,5: draw 1 card,
94689206,Block Dragon,1,7b 9a,false,false,false,9a: Grants effect destruction protection. | 7b: Can Special Summon itself from the GY.,"9a: Rock monsters you control cannot be destroyed, except by battle | 7b: Must be Special Summoned (from your hand or GY)",
72580321,Block Golem,1,7b,false,false,false,7b: Summons monsters from the GY.,7b: Special Summon those targets,
53167658,Blockout Curtain,1,9a 9b,false,false,false,9a: Destruction substitute vs opponent effects. | 9b: Destruction substitute vs battle.,9a: you can destroy this card instead of 1 of those cards | 9b: would be destroyed by battle or an opponent's card effect,
84988419,Bloom Diva the Melodious Choir,1,9a 9b,false,false,false,9a: Cannot be destroyed by card effects. | 9b: Cannot be destroyed by battle.,9a: Cannot be destroyed by battle or card effects | 9b: Cannot be destroyed by battle or card effects,
99092624,Blooming of the Darkest Rose,1,7b,false,false,false,"7b: Returns a banished monster to the field (flicker, ruling 1).",7b: return that banished monster to the field,
14568951,Blue Dragon Ninja,1,10,false,false,false,10: Negates a monster's effects.,10: that monster's effects are negated,
50903514,Blue Flame Swordsman,1,7b,false,false,false,7b: Special Summons a monster from the GY.,7b: target 1 FIRE Warrior-Type monster in your Graveyard; Special Summon that target,
98884569,Blue Rose Dragon,1,7b,false,false,false,7b: Special Summons a monster from the GY.,7b: Plant monster in your GY; Special Summon that monster,
43228023,Blue-Eyes Alternative Ultimate Dragon,1,9a,false,false,false,9a: Untargetable and indestructible by effects.,9a: Your opponent cannot target or destroy this card with card effects,Mass destroy ignored: Extra Deck monster (rule 8).
20654247,Blue-Eyes Chaos Dragon,1,9a,false,false,false,9a: Targeting and effect-destruction protection.,9a: Your opponent cannot target this card with card effects,
30576089,Blue-Eyes Jet Dragon,1,7b 9a,false,false,false,9a: Grants effect indestructibility. | 7b: Special Summons itself from the GY.,9a: Other cards you control cannot be destroyed by your opponent's card effects | 7b: Special Summon this card from the GY,
57043986,Blue-Eyes Solid Dragon,1,10,false,false,false,10: Negates an opponent monster's effects.,10: negate its effects,
11443677,Blue-Eyes Tyrant Dragon,1,9a,false,false,false,9a: Partial unaffected protection.,9a: Unaffected by Trap Cards or effects,
100459004,"Blue-Eyes Ultimate Dragon, the God-Surpassing Servant",1,9a,false,false,false,9a: Self-protection from card effect destruction.,9a: Cannot be destroyed by card effects,
71808988,Blue-Eyes Ultimate Toon Dragon,1,7b,true,false,false,7b: Flicker returns a monster from banishment (ruling 1).,7b: banish it until the end of the Damage Step,Flicker as 7b per ruling 1.
55349375,"Bluebeard, the Plunder Patroll Shipwright",1,5,false,false,false,5: Draws a card.,5: draw 1 card,
60709218,Bond Between Teacher and Student,1,7b,false,false,false,7b: Can Special Summon from the GY.,"7b: from your hand, Deck, or GY",
79402185,Bonding - D2O,1,7b,false,false,false,7b: Can Special Summon a monster from the GY.,"7b: from your hand, Deck, or GY",
6890729,Bonding - DHO,1,7b,false,false,false,7b: Can Special Summon from the GY.,"7b: Special Summon 1 ""Water Dragon Cluster"" from your hand or GY",
45898858,Bonding - H2O,1,7b,false,false,false,7b: Can Special Summon from the GY.,"7b: from your hand, Deck, or GY",
47778083,Bone Temple Block,1,7b,false,false,false,7b: Special Summons from the GY.,7b: Special Summon 1 Level 4 or lower monster from your opponent's Graveyard,
2204140,Book of Life,1,7b,false,false,false,7b: Special Summons a Zombie from the GY.,7b: Special Summon the first target,
12986778,Boon of the Meklord Emperor,1,5,false,false,false,5: Draws cards.,5: Draw 2 cards,
36668118,Boot Sector Launch,1,7b,false,false,false,7b: Special Summons monsters from the GY.,"7b: Special Summon ""Rokket"" monsters with different names from your GY",
36322312,Boot-Up Admiral - Destroyer Dynamo,1,9a 9b,false,false,false,9a: Cannot be destroyed by effects. | 9b: Cannot be destroyed by battle.,9a: Cannot be destroyed by battle or card effects | 9b: Cannot be destroyed by battle or card effects,
9715126,Boot-Up Order - Gear Force,1,8,false,false,false,8: Can destroy multiple opponent monsters.,"8: Destroy Attack Position monsters your opponent controls, up to the number of Machine monsters you control",
96699830,Born from Draconis,1,9a,false,false,false,9a: Makes the summoned monster unaffected by card effects.,"9a: it is unaffected by card effects, except its own and this card's",
87607094,Borrel Reboot,1,10,false,false,false,10: Negates Spell/Trap activation.,10: Negate the activation,
6556178,Borrel Regenerator,1,5 7b,false,false,false,7b: Special Summons from the GY. | 5: Draws a card.,"7b: targeting 1 ""Rokket"" monster in your GY; Special Summon it | 5: You can draw 1 card",
7987191,Borreload Riot Dragon,1,8 10,false,false,false,10: Negates a Special Summon. | 8: Can destroy multiple opponent monsters.,10: negate the Special Summon | 8: destroy that monster(s),
45951104,Bot Herder,1,6a 7a,true,false,false,7a: Takes control of opponent's monsters. | 6a: Direct burn without field change.,7a: Take control of all monsters your opponent controls | 6a: Inflict 200 damage to your opponent.,Burn is minor and bundled with a control effect.
76532077,Bottomless Shifting Sand,1,8,false,false,false,8: Can destroy several opponent monsters that tie for highest ATK.,8: destroy the face-up monster(s) with the highest ATK on the field,
53610653,Bound Wand,1,7b,false,false,false,7b: Revives from GY.,7b: You can Special Summon that monster,
32296881,Bountiful Artemis,1,5,false,false,false,5: Draws cards on each Counter Trap.,5: draw 1 card,
48582558,Bounzer Guard,1,9a 9b,false,false,false,9a: Grants untargetability. | 9b: Grants battle protection.,9a: it cannot be targeted by other card effects | 9b: be destroyed by battle,
52090844,Bowganian,1,6a,false,false,false,6a: Burns without changing the field.,6a: Inflict 600 damage to your opponent,
61156777,BOXer,1,9a 9b,false,false,false,9a: destruction substitute against card effects | 9b: destruction substitute against battle,"9a: If this card would be destroyed by battle or card effect, you can remove 1 counter from this card instead | 9b: If this card would be destroyed by battle or card effect, you can remove 1 counter from this card instead",
87910978,Brain Control,1,7a,false,false,false,7a: Takes control of an opponent's monster.,7a: take control of that target until the End Phase,
81919143,Brain Crusher,1,7b,false,false,false,7b: Special Summons an opponent's destroyed monster from the GY.,7b: Special Summon that target,
17313545,Brain Golem,1,10,false,false,false,10: Continuous negation (ruling 13).,10: Effects of face-up LIGHT monsters are negated,
40267580,Brain Jacker,1,7a,false,false,false,7a: Takes control of an opponent's monster.,7a: Take control of the equipped monster,
59258334,Brainwashing Beam,1,7a,false,false,false,7a: Takes control of an opponent's monster.,7a: take control of that monster,
6763530,Branded Banishment,1,7b 8,false,false,false,7b: Revives from the GY. | 8: Can use several opponent monsters as material (ruling 28).,7b: Special Summon it | 8: banishing Fusion Materials listed on it from either field,
60442460,Branded Befallen,1,10,false,false,false,10: Negates an effect.,10: negate that activated effect,
62022479,Branded Bond,1,7b,false,false,false,7b: Special Summons from GY or banishment.,"7b: Special Summon 1 of your ""Fallen of Albaz"" that is banished, in your hand, or in your GY",
34536828,Branded Disciple,1,10,false,false,false,10: Negates an effect.,10: you can negate that activated effect,
1041278,Branded Expulsion,1,7b,false,false,false,7b: Special Summons from GY/banishment.,7b: target 2 non-Fusion Monsters that are banished and/or in either GY; Special Summon both monsters,
44362883,Branded Fusion,1,7d,false,false,false,7d: Uses Fusion Material from the Deck.,"7d: using 2 monsters from your hand, Deck, or field as material",
14220547,Branded in Central Dogmatika,1,6b,false,false,false,6b: Effectively doubles ATK (ruling 23).,6b: it gains ATK equal to its original ATK,
10065487,Branded Loss,1,7c,false,false,false,7c: Summons Fusion from Extra Deck without materials.,"7c: each player can Special Summon 1 Fusion Monster that mentions ""Fallen of Albaz"" as material from their own Extra Deck",
36637374,Branded Opening,1,9a,false,false,false,9a: Destruction substitute against card effects.,"9a: If a Fusion Monster(s) you control would be destroyed by card effect, you can banish this card from your GY instead",
34090915,Branded Regained,1,5 7b,false,false,false,5: Draws a card. | 7b: Special Summons from the GY.,"5: draw 1 card | 7b: target 1 ""Bystial"" monster in your GY; Special Summon it",
17751597,Branded Retribution,1,10,false,false,false,10: Negates an activation.,10: negate the activation,
9852718,Break Away,1,10,false,false,false,10: Negates effects of face-up monsters.,10: have their effects negated,
69873498,Break the Seal,1,8,false,false,false,8: Can return up to 5 opponent cards to the hand.,8: return that many cards your opponent controls to the hand,
63851864,Break! Draw!,1,5,false,false,false,5: Draws a card.,5: Draw 1 card,
69217334,Breaking of the World,1,5,false,false,false,5: Draws a card.,5: Draw 1 card.,
78474168,Breakthrough Skill,1,10,false,false,false,10: Negates monster effects.,10: has its effects negated,
20101223,Breath of Light,1,8,false,false,false,8: Can destroy multiple opponent monsters.,8: Destroy all face-up Rock-Type monsters on the field,
64018647,Breath of Resurrection,1,7b,false,false,false,7b: Revives monsters from the GY.,7b: Special Summon up to 2 monsters from your hand and/or GY,
24707869,Bright Future,1,5,false,false,false,5: Draws a card.,5: draw 1 card,
19271881,"Brightest, Blazing, Branded King",1,10,false,false,false,10: Negates effects of cards on the field.,10: negate the effects of all other face-up cards currently on the field,
34848821,Brigrand the Glory Dragon,1,9a 9b,false,false,false,9b: Cannot be destroyed by battle. | 9a: Grants untargetability to your other monsters.,9b: Cannot be destroyed by battle | 9a: your opponent cannot target other monsters you control with monster effects,
7394770,Brilliant Fusion,1,7d,false,false,false,7d: Fusion Summons using material from the Deck.,7d: using monsters from your Deck as Fusion Material,
88086137,Broken Line,1,10,false,false,false,10: Negates an activation.,10: Negate the activation,
92572371,Brotherhood of the Fire Fist - Buffalo,1,7b,false,false,false,7b: Revives itself from the GY.,7b: Special Summon this card from your Graveyard,
43748308,Brotherhood of the Fire Fist - Dragon,1,7b,false,false,false,7b: Revives from GY.,"7b: target 1 ""Fire Fist"" monster in your GY",
61472381,Brotherhood of the Fire Fist - Eland,1,10,false,false,false,10: negates a monster effect,10: negate that effect,
35488287,Brotherhood of the Fire Fist - Panda,1,7b 9a,false,false,false,7b: Revives a monster from the GY. | 9a: Destruction substitute against effects.,"7b: Special Summon 1 ""Fire Fist"" monster from your GY | 9a: would be destroyed by your opponent's card effect, you can send 1 face-up ""Fire Formation"" Spell/Trap you control to the GY instead",
75132317,Brotherhood of the Fire Fist - Snake,1,5,false,false,false,5: Draws a card.,5: draw 1 card,
2521011,Brotherhood of the Fire Fist - Swallow,1,9a,false,false,false,9a: Grants targeting protection.,9a: cannot be targeted by your opponent's card effects,
79126789,"Broww, Huntsman of Dark World",1,5,false,false,false,5: Draws cards.,5: Draw 1 card,
79777187,Bubble Barrier,1,9a 9b,false,false,false,9a: Grants effect-destruction protection. | 9b: Grants battle protection.,9a: cannot be destroyed by battle or card effect | 9b: cannot be destroyed by battle,
58531587,Bubble Bringer,1,3.3 7b,false,false,false,3.3: Continuous attack lock defined by Level. | 7b: Revives monsters from the GY.,3.3: Level 4 or higher monsters cannot attack directly | 7b: Special Summon those targets,
61622107,Bubble Crash,1,8,false,false,false,8: Can send multiple opponent field cards to the GY.,8: send cards to their respective Graveyards until the amount remaining on the field and in their hand is 5,
19000848,Buio the Dawn's Light,1,9a,false,false,false,9a: Grants effect-destruction protection.,9a: cannot be destroyed by card effects,
23979249,Bujin Arasuda,1,5,false,false,false,5: Draws a card.,"5: You can draw 1 card, then discard 1 card",
68045685,Bujincandescence,1,7b 9a 10,false,false,false,9a: Grants protection from effect destruction. | 10: Negates effects. | 7b: Special Summons from the GY.,"9a: cannot be destroyed by your opponent's card effects | 10: negate its effects until the end of this turn | 7b: target 1 ""Bujin"" monster in your GY; Special Summon it",
66727115,Bujinfidel,1,7b,false,false,false,7b: Special Summons a monster from the GY.,"7b: target 1 ""Bujin"" monster with a different name in your Graveyard; Special Summon that target",
68601507,Bujingi Crane,1,6b,false,false,false,6b: Doubles a monster's ATK.,6b: the ATK of your monster becomes double its original ATK,"Hand effect is battle-only, so rule 4 exception applies."
89662736,Bujingi Crow,1,6a 10,false,false,false,10: Negates an attack. | 6a: Damage tied to negation (ruling 20).,10: negate the attack | 6a: inflict damage to your opponent equal to half the attacker's ATK,Handtrap acts only in Battle Phase: exception to rule 4.
59251766,Bujingi Hare,1,9a 9b,false,false,false,9a: Grants effect-destruction protection. | 9b: Grants battle-destruction protection.,9a: it cannot be destroyed by battle or by card effects | 9b: it cannot be destroyed by battle or by card effects,
5818294,Bujingi Turtle,1,10,false,false,false,10: Negates an effect.,10: negate that effect,
80555062,Bujingi Warg,1,9a,false,false,false,9a: Grants effect-destruction protection.,9a: cannot be destroyed by card effects,
39643167,Bunny Ear Enthusiast,1,7b 9b,false,false,false,9b: Grants battle protection. | 7b: Temporary banish returns monsters to field (ruling 1).,9b: it cannot be destroyed by battle as long as it has that Counter | 7b: banish both it and this card until the Standby Phase of the next turn,
86690572,Burgeoning Whirlflame,1,10,false,false,false,10: Negates a Trap activation.,10: negate the activation and destroy it,
89974735,Burgundy the Magic Elf,1,6a,false,false,false,6a: Damage from discards.,6a: inflict 400 damage to your opponent for each card discarded,
7428507,Burial Summit Xenovader△ Helheim,1,7b 9a,false,false,false,7b: Special Summons from banishment. | 9a: Grants effect-destruction and targeting protection.,"7b: Special Summon 1 of your face-down banished ""Xenovader△"" monsters | 9a: cannot be destroyed by your opponent's card effects, also your opponent cannot target them",
8085950,Burning Dragon,1,8,false,false,false,8: Destroys all Spells/Traps.,8: destroy all Spells and Traps on the field,
24294108,Burning Land,1,6a,false,false,false,6a: Burn with no board change.,6a: The turn player takes 500 damage,
25669282,Burnout,1,7b,false,false,false,7b: Special Summons a banished monster.,7b: target 1 of your banished Gemini monsters; Special Summon it,
80163754,Burst Breath,1,8,false,false,false,8: Can destroy multiple opponent monsters.,8: destroy all face-up monsters on the field,
50243722,Burst Rebirth,1,7b,false,false,false,7b: Special Summons a monster from the GY.,7b: target 1 monster in your Graveyard; Special Summon that target,
27191436,Burst Return,1,8,false,false,false,8: Can bounce several opponent monsters.,"8: Return all face-up ""Elemental HERO"" monsters on the field to the hand",
17655904,Burst Stream of Destruction,1,8,false,false,false,8: Destroys all opponent monsters.,8: Destroy all monsters your opponent controls,
3428069,"Buster Blader, the Destruction Swordmaster",1,8,false,false,false,8: Mass destruction.,8: destroy all monsters your opponent controls with the same Type,
63676256,Buster Blaster,1,8 9a 9b,false,false,false,8: Can destroy several opponent monsters. | 9a: Destruction substitute covers card effects. | 9b: Destruction substitute covers battle.,"8: Destroy all face-up monsters on the field with the same Monster Type as the destroyed monster | 9a: If the equipped monster would be destroyed, destroy this card instead | 9b: If the equipped monster would be destroyed, destroy this card instead",
4998619,Buster Gundil the Cubic Behemoth,1,7b,false,false,false,7b: Revives monsters from the GY.,"7b: target up to 3 ""Cubic"" monsters in your Graveyard; Special Summon them",
49823708,Buster Whelp of the Destruction Swordsman,1,7b,false,false,false,"7b: Revives from GY, also itself.","7b: Special Summon 1 ""Buster Blader"" from your hand or Graveyard",
58288565,Butterfly Fish,1,7b,false,false,false,7b: Special Summons itself from the GY.,7b: Special Summon this card,
20735371,Bye Bye Damage,1,6a 9b,false,false,false,9b: Battle protection. | 6a: Reflects damage (ruling 22).,9b: Your battling monster cannot be destroyed by that battle | 6a: your opponent takes effect damage equal to double that amount,
17597059,Byser Shock,1,8,false,false,false,8: Bounces all Set cards.,8: Return all Set cards on the field to the hand,
3405259,C-Crush Wyvern,1,9a 9b,false,false,false,9a: Grants unaffected protection and an effect-destruction substitute. | 9b: Battle-destruction substitute.,"9a: unaffected by your opponent's Trap effects | 9b: if the equipped monster would be destroyed by battle or card effect, destroy this card instead",
91449144,"Caam, Serenity of Gusto",1,5,false,false,false,5: Draws a card.,5: draw 1 card,
87288189,Caius the Mega Monarch,1,6a 8,true,false,false,"8: Can banish 2 cards. | 6a: Damage tied to banishing, not destruction/summon/battle.","8: You can target 2 cards, instead. | 6a: inflict 1000 damage to your opponent",Unclear whether banishing makes the damage a byproduct.
9748752,Caius the Shadow Monarch,1,6a,true,false,false,"6a: Damage tied to a banish, which ruling 20 does not list as byproduct trigger.",6a: inflict 1000 damage to your opponent if it is a DARK monster,Damage follows a banish that changes the field; ruling 20 lists only destruction/summon/battle as byproduct triggers.
50251045,"Calamity of the Sacred Beasts - Hamon, Lord of Striking Thunder",1,6a,false,false,false,6a: Damage triggered by cards sent to GY is primary.,6a: Inflict 1000 damage to your opponent,
78637313,Call of Darkness,1,3.3,false,false,false,3.3: Continuous lock on a named card.,"3.3: ""Monster Reborn"" also cannot be played as long as this card remains on the field.",
97803170,Call of the Archfiend,1,7b,false,false,false,7b: Special Summons from the GY.,7b: Special Summon the targeted monster,
73199638,Call of the Atlanteans,1,7b,false,false,false,7b: Special Summons monsters from the GY.,7b: Sea Serpent-Type monsters in your Graveyard; Special Summon all 3 of them,
16970158,Call of the Grave,1,10,false,false,false,10: Negates a card effect.,"10: Negate the effect of that ""Monster Reborn""",
97077563,Call of the Haunted,1,7b,false,false,false,7b: Special Summons a monster from the GY.,7b: targeting 1 monster in your GY; Special Summon that target,
45133463,Call of the Reaper,1,7b,false,false,false,7b: Special Summons from the GY.,"7b: Special Summon 1 ""Supay"" or 1 ""Fire Ant Ascator"" from your Graveyard",
24224830,Called by the Grave,1,10,false,false,false,10: Negates monster effects.,10: its effects are negated,
15635751,"Camelot, Realm of Noble Knights and Noble Arms",1,7b 9a 9b,false,false,false,9a: Effect destruction substitute. | 9b: Battle destruction substitute. | 7b: Can Special Summon from the GY.,"9a: if a ""Noble Knight"" card(s) you control would be destroyed by battle or card effect, you can destroy 1 Equip Card you control instead | 9b: if a ""Noble Knight"" card(s) you control would be destroyed by battle or card effect, you can destroy 1 Equip Card you control instead | 7b: Special Summon 1 ""Artorigus"" monster, or add to your hand 1 ""Noble Arms"" card, from your Deck or GY",
8315896,"Candelato, the Beast of Light",1,10,false,false,false,10: Negates search effects.,10: You can negate that effect,
95614612,Cannonball Spear Shellfish,1,9a,false,false,false,9a: Partial unaffected protection.,9a: this card is unaffected by any Spell Cards,
28120197,Canyon,1,6b,false,false,false,6b: Doubles battle damage.,6b: double any Battle Damage,
37806313,Caravan of the Ice Barrier,1,5,false,false,false,5: Draws a card.,5: each player draws 1 card,
72892473,Card Destruction,1,5,false,false,false,5: Draws cards.,5: each player draws the same number of cards they discarded,
59750328,Card of Demise,1,5,false,false,false,5: Draw effect.,5: Draw until you have 3 cards in your hand,
88513608,Card of Sacrifice,1,5,false,false,false,5: Draws cards.,5: Draw 2 cards,
42664989,Card of Sanctity,1,5,false,false,false,5: Draws cards.,5: draw until you have 2 cards in your hand,
48712195,Card Trader,1,5,false,false,false,5: Exchange draw.,5: draw 1 card,
85087012,Card Trooper,1,5,false,false,false,5: Draws a card.,5: Draw 1 card,
45812361,Cardcar D,1,5,false,false,false,5: Draws cards.,5: draw 2 cards,
4168871,Cards for Black Feathers,1,5,false,false,false,5: Draws cards.,5: draw 2 cards,
54977057,Cards from the Sky,1,5,false,false,false,5: Draws cards.,5: draw 2 cards,
39701395,Cards of Consonance,1,5,false,false,false,5: Draws cards.,5: draw 2 cards,
32566831,Cards of the Red Stone,1,5,false,false,false,5: Draws cards.,5: draw 2 cards,
55363218,Cartoon Shade,1,8,false,false,false,8: Can return up to 2 cards on the field to the hand.,8: you can target 2 if you control a monster with 2000 ATK or DEF; return that card(s) to the hand,
94076521,Cartorhyn the Hidden Gem of the Seafront,1,7b,false,false,false,7b: Special Summons itself from the GY.,7b: while this card is in your GY: You can Special Summon this card,
59957503,Cash Back,1,10,false,false,false,10: Negates activations.,10: Negate the activation,
36931229,Castle Gate,1,6a 9b,false,false,false,9b: Battle protection. | 6a: Damage with Tribute as cost is primary (ruling 19).,9b: This card cannot be destroyed by battle | 6a: inflict damage to your opponent equal to that monster's original ATK,
13513663,Castle of Dragon Souls,1,7b,false,false,false,7b: Summons from banishment.,7b: target 1 of your banished Dragon monsters; Special Summon that target,
65959844,Catalyst Field,1,7b,false,false,false,7b: Flicker returns a monster from banishment.,"7b: banish 1 Gemini monster you control, that is treated as an Effect Monster and has gained its effects, until your opponent's End Phase",
95727991,Catapult Turtle,1,6a,false,false,false,6a: Burn with tribute cost.,6a: inflict damage to your opponent equal to half the Tributed monster's ATK,
45955628,"Catoblepas, Familiar of the Evil Eye",1,7b,false,false,false,7b: Revives itself from the GY.,7b: while this card is in your GY: You can Special Summon this card,"Protection applies to a Spell/Trap, not a monster."
50619462,Cattle Call,1,7c,false,false,false,7c: Brings an Extra Deck monster out without its listed materials.,7c: Special Summon 1 monster from your Extra Deck,
91740879,Cauldron of the Old Man,1,6a,false,false,false,6a: Burn without changing the field.,6a: Inflict 300 damage to your opponent for each counter on this card,
36468556,Ceasefire,1,6a,false,false,false,"6a: Damage without destroying, summoning or battle.",6a: inflict 500 damage to your opponent for each Effect Monster on the field,
94381039,"Celestia, Lightsworn Angel",1,8,false,false,false,8: Destroys up to 2 opponent cards.,8: target up to 2 cards your opponent controls; destroy those targets,
67378104,Celestial Observatory,1,5,false,false,false,5: Draws cards.,5: draw 2 cards,
84491298,Cell Explosion Virus,1,8,false,false,false,8: Destroys multiple opponent monsters.,8: Destroy all Attack Position monsters your opponent controls.,
45531624,Celtic Guard of Noble Arms,1,5,false,false,false,5: Draws cards.,5: You can draw cards equal to the number of,
50073633,Celtic Mystic,1,5,false,false,false,5: Draws cards.,"5: you can draw 3 cards, then discard 2 cards",
51394546,Cemetary Bomb,1,6a,false,false,false,6a: Burn as primary function.,6a: Inflict 100 damage to your opponent for each card in their Graveyard,
78888899,Centur-Ion Emeth VI,1,7b,true,false,false,7b: Can Special Summon itself from GY.,7b: if this card is in your hand or GY (Quick Effect): You can target,Hand activation in opponent's turn moves own monster to S/T zone; unclear if that is 'removing a card' for rule 4.
15005145,Centur-Ion Primera,1,9a,false,false,false,9a: Grants effect-destruction immunity.,9a: cannot be destroyed by card effects,
77543769,Centur-Ion True Awakening,1,10,false,false,false,10: Negates an activation.,10: negate the activation,
24175232,Cerulean Sacred Phoenix of Nephthys,1,7b 8,false,false,false,8: Can destroy multiple opponent monsters. | 7b: Revives itself from the GY.,8: destroy an equal number of monsters your opponent controls | 7b: You can Special Summon this card from the GY,
54828837,Cerulean Skyfire,1,10,false,false,false,10: Negates Spell/Trap effects.,10: you can negate any Spell/Trap effect activated by your opponent,
7623640,"Ceruli, Guru of Dark World",1,7b,false,false,false,7b: Special Summons itself from the GY.,7b: Special Summon this card from the Graveyard,
43632709,"Cerynemesia, Mystical Beast of the Forest",1,3.2 7b,true,false,false,"7b: Special Summons from the GY; also flickers a banished monster. | 3.2: Forces attacks, on a monster.",7b: Special Summon 1 EARTH Beast monster from your Deck or GY | 3.2: Your opponent's monsters that can attack must attack the monster you control with the highest ATK,"Could be read as a forced attack target only (ruling 7, not rule 3)."
57139487,Chain Disappearance,1,8,false,false,false,8: Can banish multiple summoned monsters.,8: Banish that monster(s) with 1000 or less ATK,
9581215,Chain Hole,1,10,false,false,false,10: Negates an effect.,10: Negate that opponent's effect,
22205600,Chain Whirlwind,1,8,false,false,false,8: Destroys 2 cards.,8: Select 2 Spell/Trap Cards on the field and destroy them,
32600024,Chamber Dragonmaid,1,7b,false,false,false,7b: Can Special Summon from the GY.,"7b: Special Summon 1 Level 7 or higher ""Dragonmaid"" monster from your hand or GY",
46001505,Champion's Pulse,1,7b 7c 10,false,false,false,10: Negates a monster effect. | 7b: Can Special Summon from the GY. | 7c: Special Summons from Extra Deck without materials.,10: negate that activated effect | 7b: from your Extra Deck or GY | 7c: from your Extra Deck or GY,Ending the Battle Phase is not rule 11.
82382815,Champion's Vigilance,1,10,false,false,false,10: Negates Summons or activations.,10: Negate the Summon or activation,
4031928,Change of Heart,1,7a,false,false,false,7a: Takes control of an opponent's monster.,7a: take control of it until the End Phase,
24673894,Changing Destiny,1,10,false,false,false,10: Negates an attack.,10: negate the attack,
76352503,Changshi the Spiridao,1,7b,false,false,false,7b: Special Summons itself from banishment.,7b: If this card is banished: You can banish 1 Zombie monster in your GY; Special Summon this card,
29925614,Chaos Allure Queen,1,7b,false,false,false,7b: Can revive from the GY.,"7b: Special Summon 1 DARK ""Allure Queen"" monster from your Deck or GY",Equipping from GY is not 7b (ruling 25).
51788412,Chaos Ancient Gear Giant,1,3.2 9a,false,false,false,9a: Partial unaffected. | 3.2: Monster floodgate removable by attacking.,9a: Unaffected by Spell/Trap effects | 3.2: Your opponent's monsters cannot activate their effects during the Battle Phase,
34966096,Chaos Betrayer,1,7b,false,false,false,7b: Special Summons itself from the GY.,"7b: Special Summon this card in Defense Position, but banish it when it leaves the field",
72630549,Chaos Command Magician,1,10,false,false,false,10: Negates targeting monster effects.,10: Negate the effect of a Monster Card that targets this 1 card,
54040484,Chaos Core,1,9a 9b,false,false,false,9a: Destruction substitute against card effects. | 9b: Destruction substitute against battle.,"9a: If this card would be destroyed by battle or card effect, you can remove 1 Phantasm Counter from this card instead. | 9b: If this card would be destroyed by battle or card effect, you can remove 1 Phantasm Counter from this card instead.",
26873574,Chaos Daedalus,1,8 9a,false,false,false,9a: Grants untargetability. | 8: Can banish several cards on the field.,9a: your opponent cannot target LIGHT or DARK monsters you control with card effects | 8: up to the number of face-up Field Spells on the field; banish them,
55878038,Chaos Dragon Levianeer,1,7b 8,false,false,false,7b: Special Summons from GY. | 8: Can destroy 2 cards.,7b: Special Summon 1 monster from your GY | 8: Destroy up to 2 cards on the field,
82301904,Chaos Emperor Dragon - Envoy of the End,1,8,false,false,false,8: Sends all field cards to GY.,8: send as many cards in both players' hands and on the field as possible to the GY,
61044390,Chaos End,1,8,false,false,false,8: destroys all monsters,8: Destroy all Monster Cards on the field,
41424250,Chaos End Ruler - Master of the Beginning and End,1,6a 8,true,false,false,"8: Banishes all opponent field cards. | 6a: Damage triggered by banishing, not destruction/summon/battle.",8: banish as many cards from your opponent's field and GY as possible | 6a: inflict 500 damage to your opponent for each card banished by this effect,Whether banishing makes the damage a byproduct (6a) is unclear.
97439308,Chaos Greed,1,5,false,false,false,5: Draws 2 cards.,5: Draw 2 cards from your Deck.,
4081825,Chaos Infinity,1,7b,false,false,false,7b: Can Special Summon from the GY.,"7b: Special Summon 1 ""Meklord"" monster from your Deck or Graveyard",
2372506,Chaos Magical Hats,1,10,false,false,false,10: Rewrites the opponent's effect.,10: your opponent's activated effect becomes,
24226942,Chaos Nephthys,1,7b,false,false,false,7b: Revives itself from the GY.,7b: Special Summon this card from the GY,
99266988,Chaos Space,1,5,false,false,false,5: Draws a card.,5: then draw 1 card,
11593137,Chaos Trap Hole,1,10,false,false,false,10: Negates a Summon.,10: negate the Summon,
94243005,Chaos Zone,1,7b,false,false,false,7b: Special Summons a banished monster.,7b: target 1 banished monster with a Level equal to the number removed; Special Summon that target,
92221402,Chaotic Elements,1,7a,false,false,false,7a: Takes control of an opponent's monster.,7a: take control of it until the End Phase,
85325774,Charge Into a Dark World,1,7b,false,false,false,7b: Special Summons a monster from the GY.,7b: Fiend monster in your GY; Special Summon it,
48016074,Charmers of the Grand Circle,1,7b,false,false,false,7b: Special Summons from the GY.,7b: Special Summon 1 Spellcaster monster from your GY,Multi-bounce ignored: rule 8 does not apply to Extra Deck monsters.
87955518,Chef's Special Recipe,1,8 10,false,false,false,10: Negates activations. | 8: Tributes all opponent monsters.,10: Negate the activation | 8: Tribute as many monsters your opponent controls as possible,
55100740,Chemicritter Hydron Hawk,1,7b,false,false,false,7b: Special Summons a monster from the GY.,7b: target 1 Gemini monster in your Graveyard; Special Summon it,
13023431,"Chevreuil, Hunting Scout of the Deep Forest",1,7b 9a,false,false,false,9a: Partial unaffected protection. | 7b: Revives.,"9a: Unaffected by your opponent's activated effects, during the Main Phase only | 7b: Special Summon 1 EARTH Warrior monster from your GY or banishment",
67616300,Chicken Game,1,5,false,false,false,5: Draws a card.,5: Draw 1 card,
63136489,Chimera Fusion,1,7b,false,false,false,7b: Special Summons monsters from the GY.,7b: from your Deck and/or GY,
4796100,Chimera the Flying Mythical Beast,1,7b,false,false,false,7b: Special Summons a monster from the GY.,7b: in your Graveyard; Special Summon that target,
1769875,Chimera the King of Phantom Beasts,1,7b,false,false,false,7b: Special Summons a monster from the GY.,7b: monster in your GY; Special Summon it,
56532632,Chivalry,1,10,false,false,false,10: Negates a monster effect activation.,10: Negate the activation,
61488417,"Chiwen, Light of the Yang Zing",1,7b,false,false,false,7b: Special Summons itself from the GY.,"7b: You can Special Summon this card, and if you do, banish it",
7198399,Chocolate Magician Girl,1,5 7b,false,false,false,5: Draws. | 7b: Revives from the GY.,5: draw 1 card | 7b: target 1 Spellcaster-Type monster in your Graveyard,
98076754,Chosen of Zefra,1,8 9a,false,false,false,9a: Grants protection from effects and targeting. | 8: Removes all opponent field cards.,"9a: cannot be destroyed by an opponent's card effects | 8: shuffle all cards from your opponent's hand, field, and Graveyard into the Deck",
99902789,Chow Chow Chan,1,10,false,false,false,10: Negates a Trap activation.,10: negate the activation,Activated in own turn during battle; not a rule 4 handtrap.
24506253,Chronomaly Acambaro Figures,1,7b 9a 9b,false,false,false,9a: Destruction substitute against effects. | 9b: Destruction substitute against battle. | 7b: Revives itself from the GY.,"9a: would be destroyed by battle or your opponent's card effect, you can discard this card instead | 9b: would be destroyed by battle or your opponent's card effect, you can discard this card instead | 7b: You can pay 1000 LP; Special Summon this card",
4357063,Chronomaly City Babylon,1,7b,false,false,false,7b: Special Summons a monster from the GY.,"7b: ""Chronomaly"" monster in your Graveyard with the same Level as the banished monster; Special Summon it",
15941690,Chronomaly Crystal Bones,1,7b,false,false,false,7b: Can Special Summon from the GY.,"7b: Special Summon 1 ""Chronomaly"" monster from your hand or Graveyard",
24861088,Chronomaly Nebra Disk,1,7b,false,false,false,7b: Special Summons itself from the GY.,7b: If this card is in the Graveyard,
65591858,Chronomaly Winged Sphinx,1,7b,false,false,false,7b: Revives from GY.,"7b: Level 5 ""Chronomaly"" monster in your Graveyard; Special Summon that target",
72287557,Chthonian Polymer,1,7a,false,false,false,7a: Takes control of an opponent's monster.,7a: take control of that Fusion Monster,
75934716,"Cielo, the Veil of Raise Moon",1,5,false,false,false,5: Draws a card.,5: You can draw 1 card,
55496220,Cipher Interference,1,6b,false,false,false,6b: Doubles ATK.,"6b: double the ATK of your battling ""Cipher"" monster",
58383100,Cipher Mirror Knight,1,7b,false,false,false,7b: Special Summons a monster from the GY.,7b: Special Summon that destroyed monster,
57143342,"Cir, Malebranche of the Burning Abyss",1,7b,false,false,false,7b: Special Summons a monster from the GY.,"7b: ""Burning Abyss"" monster in your Graveyard, except ""Cir, Malebranche of the Burning Abyss""; Special Summon it",
59388357,Circle of the Fire Kings,1,7b,false,false,false,7b: Revives a monster from the GY.,7b: Special Summon that other monster from your GY,
46290741,Citadel Whale,1,7b 10,false,false,false,7b: Can Special Summon itself from the GY. | 10: Negates an activation targeting a WATER monster.,7b: If this card is in your hand or GY: You can Tribute 2 WATER monsters; Special Summon this card | 10: negate the activation,
57496978,Clashing Souls,1,8,false,false,false,8: Can send all of the opponent's cards to the GY.,8: send all cards that player controls to the Graveyard,
33900648,Clear World,1,3.2 6a,true,false,false,3.2: Field Spell restricting attacks/Spell activation; removable by playing own Field Spell. | 6a: Inflicts damage without changing the field.,3.2: you cannot declare an attack | 6a: Take 1000 damage,6a applies only if opponent controls FIRE; may be seen as part of the floodgate.
77087109,Clock Resonator,1,9a 9b,false,false,false,9a: Self-protection from destruction by card effects. | 9b: Self-protection from destruction by battle.,9a: cannot be destroyed by battle or by card effects | 9b: cannot be destroyed by battle or by card effects,
22723778,"Clorless, Chaos King of Dark World",1,9a,true,false,false,"9a: Grants untargetability to a card, which can be a monster.",9a: your opponent cannot target that face-up card with card effects,Destroy-all is rule 8 but not applied to Extra Deck monsters; 9a applies only if the chosen card is a monster.
78082039,Closed Forest,1,3.3,true,false,false,3.3: Continuous lock on activating a card type (Field Spells).,3.3: Field Spell Cards cannot be activated.,Step 3.2 impossible since the opponent cannot activate their own Field Spell; decided at 3.3 by card type.
31533473,Clown Crew Diabolo,1,6b,true,false,false,6b: Doubles battle damage.,6b: inflict double piercing battle damage,"Ruling 23 says piercing is not 6b, but this doubles the piercing damage; mass bounce is on an Extra Deck monster, so no rule 8."
42759961,Clown Crew Flair,1,8,false,false,false,8: Can shuffle multiple opponent Ritual Monsters from the field into the Deck.,8: Shuffle all Ritual Monsters from the field and the GYs into the Deck,
83232904,Clown Crew Malabarisme,1,7c,false,false,false,7c: Special Summons from the Extra Deck without materials.,"7c: from your Deck and/or Extra Deck, ignoring their Summoning conditions",
6547248,Clown Crew New Face,1,5 8,false,false,false,5: Draws a card. | 8: Can destroy multiple Spells/Traps.,5: then draw 1 card | 8: target other Spells/Traps on the field up to the number of monsters Tributed,
42541548,Coach Goblin,1,5,false,false,false,5: Draw with a cost.,5: to draw 1 card from your Deck,
3534077,Coach Soldier Wolfbark,1,7b,false,false,false,7b: Special Summons from the GY.,7b: Special Summon it in face-up Defense Position,
94395649,Cocatorium the Heavy Metal Avian,1,7b,false,false,false,7b: Can Special Summon itself from the GY.,"7b: If this card is in your hand or GY: You can Tribute 1 Beast, Beast-Warrior, or Winged Beast monster; Special Summon this card",
77840540,Cocoon of Ultra Evolution,1,5,false,false,false,5: Draws a card.,5: then draw 1 card,
56641453,Cocoon Veil,1,7b,false,false,false,7b: Can revive from a GY.,"7b: from your hand, Deck or from either player's Graveyard",
99342953,Code A Ancient Ruins,1,7b,false,false,false,7b: Special Summons from the GY.,"7b: Special Summon 1 ""Alien"" monster from your Graveyard",
7565547,Collected Power,1,8,true,false,false,8: May destroy several opponent Equip Cards.,8: destroy that Equip Card,Mass destruction only through incorrect equips; unclear.
38898779,Colossal Fighter/Assault Mode,1,7b,false,false,false,7b: Revives a monster from the GY.,"7b: Special Summon 1 ""Colossal Fighter"" from your Graveyard",
33453260,Comic Hand,1,7a,false,false,false,7a: Takes control of an opponent's monster.,7a: Take control of it,
40465719,Common Charity,1,5,false,false,false,5: Draws cards.,5: Draw 2 cards,
15721123,"Confronting the ""C""",1,9a,false,false,false,9a: Grants itself unaffected status.,9a: this card is unaffected by monster effects that target this card,
63413494,Consolation Prize,1,7b,false,false,false,7b: Special Summons a monster from the GY.,7b: Target 1 of them; Special Summon it to your field,
86825483,Constellar Belt,1,3.3,false,false,false,3.3: Cannot-be-negated lock limited to LIGHT monsters.,3.3: The activation of LIGHT monsters' effects cannot be negated.,
70624184,Constellar Rasalhague,1,7b,false,false,false,7b: Can Special Summon from the GY.,7b: from your hand or Graveyard in face-up Defense Position,
41933425,Contact Gate,1,7b,false,false,false,7b: Special Summons monsters from the GY and from banishment.,"7b: from your hand, Deck, and/or GY",
46259438,Contract Laundering,1,5,false,false,false,5: Draws cards.,5: draw the same number of cards you destroyed,
23204029,Contrast HERO Chaos,1,10,false,false,false,10: Negates a card's effects.,10: negate that target's effects,
82639107,Convert Contact,1,5,false,false,false,5: Draws cards.,5: then draw 2 cards,
18517177,Core Blast,1,8,false,false,false,8: Can destroy several opponent cards.,8: destroy a number of cards your opponent controls,
13997673,Core Compression,1,5,false,false,false,5: Draw card.,5: Draw 2 cards,
8057630,Core Reinforcement,1,7b,false,false,false,7b: Special Summons from the GY.,"7b: Special Summon 1 ""Koa'ki Meiru"" monster from your Graveyard",
92565383,Cornfield Coatl,1,9b 10,false,false,false,9b: Battle protection. | 10: Negates an effect.,9b: neither can be destroyed by that battle | 10: negate that effect,
63111591,Corpse-Seller Crow,1,7b,false,false,false,7b: Special Summons a monster from the GY.,7b: Special Summon 1 of the monsters sent to the GY,
85314178,Cosmo Queen the Queen of Prayers,1,10,false,false,false,10: Negates a Field Spell's effects.,10: Negate its effects,
91654806,Cosmos Channelling,1,5 7b,false,false,false,7b: Can Special Summon from the GY. | 5: Draws a card for its controller.,7b: Special Summon 1 Machine monster from your hand or GY | 5: draw 1 card,
42309337,Counter Counter,1,10,false,false,false,10: Negates a Counter Trap.,10: Negate the activation,
94561645,Counter Gate,1,5 10,false,false,false,10: Negates an attack. | 5: Draws a card.,10: Negate the attack | 5: draw 1 card,
30488793,Counterforce,1,6a,false,false,false,6a: Damage triggered by a negation is primary (ruling 20).,6a: Inflict damage to your opponent equal to the difference in ATK,
26259179,Couple of Aces,1,5,false,false,false,5: Draws 2.,5: Draw 2 cards,
91479482,Courageous Crimson Chevalier Bradamante,1,7a 7b,false,false,false,7b: Special Summons itself from the GY. | 7a: Equips an opponent's monster to own card (ruling 24).,"7b: You can Special Summon this card, and if you do | 7a: equip that monster your opponent controls to this card",
28340377,Court of Cards,1,5 7b,false,false,false,7b: Special Summons from the GY. | 5: Draws cards.,"7b: Special Summon 1 ""Queen's Knight"", ""King's Knight"", or ""Jack's Knight"" from your hand or GY | 5: draw the same number of cards you banished",
36975314,Crackdown,1,7a,false,false,false,7a: Takes control of an opponent's monster.,7a: take control of that monster,
32835363,Cracking,1,6a,true,false,false,6a: Damage triggered by sending to GY is primary (ruling 20).,6a: Inflict 800 damage to the owner of the monster(s),"Often caused by destruction, which would be byproduct."
28637168,Crane Crane,1,7b,false,false,false,7b: Revives a monster from the GY.,7b: Special Summon that target,
96915510,"Crealtar, the Impcantation Originator",1,7b,true,false,false,7b: Special Summons monsters from the GY.,"7b: Special Summon ""Impcantation"" monsters from your GY","Hand Quick Effect with discard cost; judged not rule 4 since the discard is a cost, not an effect removal."
15305240,Creature Seizure,1,7a,false,false,false,7a: Gains control of an opponent's monster.,7a: Each player gives their opponent control of 1 of their monsters,
31036355,Creature Swap,1,7a,false,false,false,7a: Takes control of an opponent's monster.,7a: switches control of those monsters with each other,
49144107,Creepy Coney,1,6a,false,false,false,6a: Burn based on counting the field without changing it.,6a: Inflict 1000 damage to your opponent for each face-up Normal Monster you control,
50604072,Crimson Blader/Assault Mode,1,3.2 7b,false,false,false,3.2: Monster floodgate removable by attacking. | 7b: Revives from GY.,"3.2: Your opponent cannot activate the effects of Level 5 or higher monsters Special Summoned from the Extra Deck | 7b: Special Summon 1 ""Crimson Blader"" from your GY",
24566654,Crimson Fire,1,6a,true,false,false,6a: Reflects damage (ruling 22).,"6a: Your opponent takes twice the effect damage you would have taken, instead","Could also be read as rewriting an effect (rule 10, ruling 34)."
98173209,Crimson Gaia,1,7b,false,false,false,7b: Special Summons a monster from the GY.,"7b: Special Summon 1 ""Red Dragon Archfiend"" from your GY",
30270176,Crimson Nova the Dark Cubic Lord,1,6a 9a,false,false,false,9a: Unaffected by some card effects. | 6a: Inflicts effect damage without changing the field.,9a: Unaffected by other monsters' activated effects | 6a: Each player takes 3000 damage,
37083210,Cross Counter,1,6b,false,false,false,6b: Doubles battle damage.,6b: the Battle Damage inflicted to your opponent is doubled,
40740224,Cross Keeper,1,5 7b,false,false,false,7b: Special Summons from the GY. | 5: Draws cards.,"7b: Special Summon 1 ""Elemental HERO"" monster or 1 ""Neo-Spacian"" monster from your hand or GY | 5: draw 2 cards",
65681983,Crossout Designator,1,10,false,false,false,10: Negates effects of cards with the declared name.,10: negate its effects,
96434581,Crusadia Power,1,9a,false,false,false,9a: Makes a monster unaffected by card effects.,9a: unaffected by card effects this turn,
57728570,Crush Card Virus,1,8,false,false,false,8: Destroys multiple opponent monsters.,8: destroy the monsters among them with 1500 or more ATK,
72881007,Crystal Abundance,1,7b 8,false,false,false,8: Sends all cards to the GY. | 7b: Summons from the GY.,"8: send all cards on the field to the Graveyard | 7b: Special Summon as many ""Crystal Beast"" monsters as possible from your Graveyard",
47149093,Crystal Brilliance,1,7b,false,false,false,7b: Summons from GY.,7b: from your hand or GY,
93169863,Crystal Girl,1,7b,false,false,false,7b: Special Summons itself from the GY.,7b: this card is in your GY: You can Special Summon this card,
86999951,Crystal God Tistina,1,8,false,false,false,8: Mass removal of opponent cards.,8: send all face-up cards your opponent controls to the GY,
11155484,Crystal Miracle,1,10,false,false,false,10: Negates an activation.,10: negate that activation,
79531196,Crystal Rose,1,7b,false,false,false,7b: Special Summons itself from the GY.,7b: Special Summon this card in Defense Position,
52176579,Crystron Entry,1,7b,false,false,false,7b: Special Summons a Tuner from the GY.,7b: 1 from your Graveyard,
99274184,Crystron Impact,1,7b 10,false,false,false,7b: Special Summons from banishment. | 10: Negates an effect.,"7b: Target 1 of your banished ""Crystron"" monsters; Special Summon it | 10: negate that effect",
31552317,Crystron Inclusion,1,7b 9b,false,false,false,9b: Once-per-turn battle destruction protection. | 7b: Revives from the GY.,"9b: it is not destroyed | 7b: target 1 ""Crystron"" monster in your GY; Special Summon it",
25865565,Crystron Sulfador,1,7b,false,false,false,7b: Can Special Summon itself from the GY.,7b: If this card is in your hand or GY,
3422200,Crystron Sulfefnir,1,7b,false,false,false,7b: Can Special Summon itself from the GY.,"7b: If this card is in your hand or Graveyard: You can discard 1 ""Crystron"" card",
2434862,Cubic Ascension,1,7b,false,false,false,7b: Can Special Summon from the GY.,"7b: from your hand, Deck, or GY",
100460006,Cubic Bodhi,1,10,false,false,false,10: Cubic Counters negate monster effects.,10: negate their effects,
38606913,Cubic Causality,1,10,false,false,false,10: Counters negate effects.,10: negate their effects,
1218214,Cubic Dharma,1,5,false,false,false,5: Draws a card.,5: draw 1 card,
8837932,Cubic Mandala,1,7b 10,false,false,false,7b: Revives onto the opponent's field (ruling 26). | 10: Continuous negation.,7b: Special Summon them to your opponent's field | 10: negate any monster effects your opponent activates,
71442223,Cubic Rebirth,1,7b 10,true,false,false,7b: Summons monsters from the opponent's GY to their field (ruling 26). | 10: Negates effects of opponent's monsters.,"7b: as many monsters as possible from their hand, Deck, and/or Graveyard | 10: also negate their effects",7b applied though revival is forced on opponent's field.
35058588,Cubic Wave,1,6b 10,false,false,false,6b: Doubles ATK. | 10: Cubic Counters negate effects.,6b: the ATK of that monster you control becomes double its current ATK | 10: negate their effects,
89552119,Cucumber Horse,1,7b,false,false,false,7b: Special Summons from GY.,7b: Special Summon 1 monster from either GY to your field,
27178262,Cunning of the Six Samurai,1,7b,false,false,false,7b: Special Summons a monster from a GY.,"7b: target 1 ""Six Samurai"" monster in either player's Graveyard; Special Summon that target",
37812118,Cup of Ace,1,5,false,false,false,5: Can draw cards for the controller.,5: Draw 2 cards,
1566817,Cupid Serve,1,9a,false,false,false,9a: Unaffected by card effects.,9a: Unaffected by the activated effects of monsters,
14509651,Curse Necrofear,1,7b 8,false,false,false,7b: Revives itself. | 8: Can destroy multiple opponent cards.,"7b: Special Summon this card from your GY | 8: destroy cards your opponent controls, up to the number",
64998567,Curse of Diabell,1,8,false,false,false,8: Destroys all opponent's face-up cards.,8: destroy all face-up cards your opponent controls,
61525276,"Curse of Dragon, the Cursed Dragon",1,10,false,false,false,10: Negates opponent monster effects.,10: negate the effects of face-up monsters your opponent currently controls,
2926176,Curse of Royal,1,10,false,false,false,10: Negates a Spell/Trap activation.,10: Negate the activation and the effect,
33391067,Curse Reflection Doll,1,6a,false,false,false,6a: Reflects damage (ruling 22).,6a: Your opponent takes that damage instead,
26116996,Cursed Paper Retribution,1,10,false,false,false,10: Negates effects.,10: negate its effects,
58851034,Cursed Seal of the Forbidden Spell,1,10,false,false,false,10: Negates a Spell activation.,10: negate the activation,
68756810,Cutter Shark,1,7b,false,false,false,7b: Can Special Summon itself from the GY.,7b: this card is in your hand or GY,
78316184,Cyber Angel Vrash,1,8 10,false,false,false,"8: Mass destruction. | 10: Negates activations, once per turn.",8: destroy as many face-up monsters your opponent controls as possible | 10: negate the activation,
59907935,Cyber Archfiend,1,5,false,false,false,5: Extra draw.,5: draw 1 more card in addition to your normal draw,
68774379,Cyber Barrier Dragon,1,10,false,false,false,10: Negates an attack.,10: your opponent's next attack is negated,
10248389,Cyber Blader,1,6b 9b 10,false,false,false,9b: Battle protection. | 6b: Doubles ATK. | 10: Continuous negation.,"9b: this card cannot be destroyed by battle | 6b: double this card's ATK | 10: negate the effects of your opponent's Spell, Trap, and Effect Monster Cards",
59281922,Cyber Dragon Drei,1,9a 9b,false,false,false,9a: Grants effect-destruction protection. | 9b: Grants battle-destruction protection.,9a: it cannot be destroyed by battle or card effects this turn | 9b: it cannot be destroyed by battle or card effects this turn,
1142880,Cyber Dragon Nachster,1,7b,false,false,false,7b: Special Summons from the GY.,7b: target 1 Machine monster with 2100 ATK or DEF in your GY; Special Summon it,
66664203,"Cyber Dragon, the Luminous Mech Dragon",1,10,false,false,false,10: Negates monster effects.,10: negate its effects,
33093439,Cyber Eltanin,1,8,false,false,false,8: Sends all other face-up monsters to the GY.,8: Send all other face-up monsters on the field to the GY.,
38265153,Cyber Energy Shock,1,10,false,false,false,10: Negates a card's effects.,10: Negate the effects of 1 face-up card on the field,
32768230,Cyber Eternal,1,7b 9a 9b,false,false,false,7b: Special Summons a Fusion Monster from the GY. | 9a: Destruction substitute vs card effects. | 9b: Destruction substitute vs battle.,"7b: Special Summon it, ignoring its Summoning conditions | 9a: would be destroyed by battle or card effect, you can banish this card from your GY instead | 9b: would be destroyed by battle or card effect, you can banish this card from your GY instead",
82315403,Cyber Eternity Dragon,1,7b 9a,false,false,false,9a: Untargetable and indestructible by effects. | 7b: Can revive from GY.,"9a: your opponent cannot target this card with card effects | 7b: Special Summon 1 ""Cyber Dragon"" from your hand, Deck, or GY",
34124316,Cyber Jar,1,8,false,false,false,8: Destroys all monsters.,8: Destroy all monsters on the field,
12670770,Cyber Network,1,7b,false,false,false,7b: Special Summons banished monsters.,7b: Special Summon as many of your banished LIGHT Machine monsters as possible,
64268668,Cyber Ogre,1,10,false,false,false,10: Negates a battle; handtrap is Battle Phase only so rule 4 exception applies.,10: negate 1 battle,
30042158,Cyber Ouroboros,1,5,false,false,false,5: Draws a card.,5: draw 1 card,
3370104,Cyber Phoenix,1,5 10,false,false,false,10: Negates Spell/Trap effects. | 5: Draws a card.,10: negate any Spell/Trap effects that target 1 Machine monster you control | 5: You can draw 1 card,
2158562,Cyber Prima,1,8,false,false,false,"8: Destroys all face-up Spells, including the opponent's.",8: Destroy all face-up Spell Cards on the field,
33041277,Cyber Revsystem,1,7b 9a,false,false,false,7b: Can Special Summon from the GY. | 9a: Grants effect-destruction protection.,"7b: Special Summon 1 ""Cyber Dragon"" from your hand or GY | 9a: It cannot be destroyed by card effects.",
63477921,Cyber Summon Blaster,1,3.3,false,false,false,3.3: Continuous punishment of summons limited to Machine Type.,3.3: Each time a Machine monster(s) is Special Summoned,
3657444,Cyber Valley,1,5,false,false,false,5: Draws cards.,5: then draw 2 cards,
45078193,Cyberdark Cannon,1,5,false,false,false,5: Draws a card.,5: You can draw 1 card,
37542782,Cyberdark End Dragon,1,9a,false,false,false,9a: Self-unaffected protection.,9a: Unaffected by your opponent's activated effects,
44352516,Cyberdark Inferno,1,9a,false,false,false,9a: Grants protection.,"9a: cannot be destroyed by your opponent's card effects, also your opponent cannot target them with card effects",
56100345,Cyberdark Wurm,1,7b,false,false,false,7b: Can Special Summon itself from the GY.,7b: If this card is in your hand or GY,
18597560,Cybernetic Revolution,1,7c,false,false,false,7c: Brings out a Fusion Monster without its full materials.,"7c: Special Summon 1 Fusion Monster from your Extra Deck that lists a ""Cyber Dragon"" monster as material",
47295267,Cybernetic Zone,1,6b 7b,false,false,false,7b: Flicker returns a banished monster. | 6b: Doubles ATK.,7b: remove it from play until the End Phase of this turn | 6b: double its ATK,
645087,Cyberse Gadget,1,7b,false,false,false,7b: Special Summons a monster from the GY.,7b: target 1 Level 2 or lower monster in your GY; Special Summon it,
51020079,Cyborg Doctor,1,7b,false,false,false,7b: Special Summons from the GY.,7b: Special Summon a monster from your Graveyard,
34614910,Cyclamen the Rikka Fairy,1,7b,false,false,false,7b: Special Summons itself from the GY.,"7b: You can Special Summon this card, but banish it when it leaves the field",
29612557,Cyclone Boomerang,1,8,false,false,false,8: Mass destruction of Spells/Traps.,8: Destroy all Spell and Trap Cards on the field,
43839002,Cynet Backdoor,1,7b,false,false,false,7b: Flicker returns a banished monster to the field.,7b: return that monster banished by this effect to the field,
7403341,Cynet Conflict,1,10,false,false,false,10: Negates activations.,10: Negate the activation,
57900671,Cynet Rollback,1,7b,false,false,false,7b: Special Summons a monster from banishment.,7b: Target 1 of your banished Cyberse monsters; Special Summon it,
47471667,D - Burst,1,5 7b,false,false,false,5: Draws a card. | 7b: Summons from GY or banishment.,"5: draw 1 card | 7b: from your hand, GY, or banishment",
6186304,D - Force,1,9a,false,false,false,9a: Effect protection and untargetability.,9a: cannot be destroyed by your opponent's card effects,
99357565,D Cubed,1,7b,false,false,false,7b: Can Special Summon itself/copies from the GY.,"7b: from your hand, Deck, and/or GY",
26841274,D-Fusion,1,9a 9b,false,false,false,9a: Makes a monster indestructible by card effects. | 9b: Makes a monster indestructible by battle.,9a: it cannot be destroyed by battle or card effects this turn | 9b: it cannot be destroyed by battle or card effects this turn,
8628798,D.D. Dynamite,1,6a,false,false,false,6a: Burn damage without changing the field.,6a: Inflict 300 damage to your opponent,
80208158,D.D. Esper Star Sparrow,1,7b 9a,false,false,false,9a: Targeting protection. | 7b: Revives itself.,9a: Your opponent cannot target other monsters you control with effects | 7b: Special Summon this card from your Graveyard,
15574615,D.D. Jet Iron,1,7b,false,false,false,7b: Special Summons monsters from the GY.,7b: in your Graveyard; Special Summon those targets,
75991479,D.D. Patrol Plane,1,7b,false,false,false,7b: Special Summons itself from banishment.,7b: Special Summon this card in Attack Position,
3773196,D.D. Scout Plane,1,7b,false,false,false,7b: Special Summons itself from banishment.,"7b: if this card is currently banished, and was banished this turn: Special Summon it",
16638212,D.D. Sprite,1,7b,false,false,false,7b: Returns a banished monster to the field.,7b: Return the banished monster to the field,
48092532,D.D. Survivor,1,7b,false,false,false,7b: Special Summons itself from banishment.,7b: Special Summon this banished card,
51701885,D.D. Telepon,1,7b,false,false,false,7b: Special Summons from banishment.,7b: Special Summon that monster banished by this effect,
95291684,D.D. Unicorn Knight,1,7b,false,false,false,7b: Special Summons from banishment.,7b: select 1 of your removed from play Level 3 or lower non-Tuner monsters and Special Summon it,
9622164,D.D.R. - Different Dimension Reincarnation,1,7b,false,false,false,7b: Special Summons a banished monster.,7b: target 1 of your banished monsters; Special Summon it,
19580308,D/D Lamia,1,7b,false,false,false,7b: Can Special Summon itself from the GY.,7b: If this card is in your hand or Graveyard,
67322708,D/D Lance Soldier,1,7b,false,false,false,7b: Special Summons itself from the GY.,"7b: Special Summon this card, but banish it when it leaves the field",
48210156,D/D Nighthowl,1,7b,false,false,false,7b: Revives from GY.,7b: Special Summon it,
32146097,D/D Pandora,1,5,false,false,false,5: Draws cards.,5: You can draw 2 cards,
16006416,D/D/D Flame High King Genghis,1,7b 10,false,false,false,7b: Revives from GY. | 10: Negates Spell/Trap activation.,"7b: target 1 ""D/D"" monster in your GY; Special Summon it | 10: You can negate the activation",
74583607,D/D/D Flame King Genghis,1,7b,false,false,false,7b: Special Summons a monster from the GY.,"7b: target 1 ""D/D"" monster in your Graveyard; Special Summon it",
91781484,D/D/D Headhunt,1,7a,false,false,false,7a: Takes control of an opponent's monster.,7a: take control of it until the End Phase of the next turn,
41090784,Dai-sojo of the Ice Barrier,1,9a,false,false,false,9a: Grants effect-destruction protection.,9a: cannot be destroyed by Spell or Trap Card effects,
42542842,"Dakki, the Graceful Mayakashi",1,7b,false,false,false,7b: Revives itself from the GY.,7b: while this card is in the GY (except during the Damage Step): You can Special Summon this card,
87106146,Damage Gate,1,7b,false,false,false,7b: Special Summons a monster from the GY.,7b: Special Summon that target,
46031686,Damage Polarizer,1,5 10,false,false,false,10: Negates a damage effect. | 5: Controller draws.,10: Negate its activation and effect | 5: each player draws 1 card,
52738610,Dance Princess of the Nekroz,1,3.2 9a,false,false,false,3.2: Chain lock on a monster (ruling 14). | 9a: Grants untargetability.,3.2: Your opponent cannot activate cards or effects in response to the activation | 9a: cannot be targeted by an opponent's card effects,
33298291,Dances with Beasts,1,7b,false,false,false,7b: Special Summons a monster from the GY.,"7b: 1 each from your hand, Deck, and GY",
43316238,Danger! Bigfoot!,1,5,false,false,false,5: Draws a card.,5: draw 1 card,
16209941,Danger! Chupacabra!,1,5 7b,false,false,false,5: Draws a card. | 7b: Special Summons from the GY.,"5: draw 1 card | 7b: target 1 ""Danger!"" monster in your GY, except ""Danger! Chupacabra!""; Special Summon it",
23213239,Danger! Disturbance! Disorder!,1,8,false,false,false,8: Destroys all cards on the field.,8: destroy all cards on the field,
26302107,Danger! Dogman!,1,5,false,false,false,5: Draws.,5: draw 1 card,
83928661,Danger! Feets of Strength!,1,9a,false,false,false,9a: Grants protection from destruction by card effects.,9a: It cannot be destroyed by card effects,
52350806,Danger! Mothman!,1,5,false,false,false,5: Draws cards.,5: draw 1 card,
70711847,Danger! Nessie!,1,5,false,false,false,5: Draws a card.,5: draw 1 card,
83518674,Danger! Ogopogo!,1,5,false,false,false,5: Draws a card.,5: draw 1 card,
25140659,Danger! Response Team,1,5,false,false,false,5: Draws a card.,5: then draw 1 card,
90807199,Danger! Thunderbird!,1,5,false,false,false,5: Draws a card.,5: draw 1 card,
15083304,Danger! Zone,1,5,false,false,false,5: Draws cards.,5: Draw 3 cards,
43694650,Danger!? Jackalope?,1,5,false,false,false,5: Draws a card.,5: draw 1 card,
99745551,Danger!? Tsuchinoko?,1,5,false,false,false,5: Draws a card.,5: draw 1 card,
76895648,Dangerous Machine Type-6,1,5,false,false,false,5: Can draw a card.,5: 3: Draw 1 card.,
22082432,Dangers of the Divine,1,7b 8,false,false,false,7b: Can Special Summon from banishment. | 8: Sends all other monsters to the GY.,7b: from your hand or banishment | 8: send all other monsters on the field to the GY,
18386170,"Dante, Pilgrim of the Burning Abyss",1,5 9a,false,false,false,9a: Self untargetability. | 5: Draws a card.,9a: Cannot be targeted by an opponent's card effects. | 5: draw 1 card,
39030883,Dark Armed Dragon Punisher,1,8,false,false,false,8: Can destroy up to 3 cards.,8: target that many cards on the field; destroy them,
57784563,Dark Blade the Captain of the Evil World,1,7a 9a 9b,false,false,false,7a: Equips an opponent's monster. | 9a: Destruction substitute. | 9b: Destruction substitute covers battle.,"7a: equip it to this card | 9a: the monster equipped to it with this effect is destroyed, instead | 9b: the monster equipped to it with this effect is destroyed, instead",
77538567,Dark Bribe,1,10,false,false,false,10: Negates a Spell/Trap.,10: negate the Spell/Trap activation,
44341034,Dark Bug,1,7b,false,false,false,7b: Special Summons from the GY.,7b: Special Summon 1 Level 3 Tuner monster from your Graveyard,
49702428,Dark Burning Attack,1,8,false,false,false,8: Board wipe.,8: Destroy all face-up monsters your opponent controls,
75190122,Dark Burning Magic,1,8,false,false,false,8: Destroys all opponent cards.,8: Destroy all cards your opponent controls.,
8634636,Dark Cat with White Tail,1,8,false,false,false,8: Bounces 2 opponent monsters.,8: Return 2 Monster Cards on your opponent's side of the field,
33875961,Dark Catapulter,1,8,false,false,false,8: Can destroy multiple opponent Spells/Traps.,8: destroy that many Spell or Trap Card(s) on the field,
37209439,Dark Contract with Errors,1,10,false,false,false,10: Negates Trap effects.,10: negate all Trap Card effects on the field,
70187958,Dark Desertapir,1,7b,false,false,false,7b: Special Summons from the GY.,7b: Beast-Type monster in your Graveyard and Special Summon it,
89111398,Dark Dust Spirit,1,8,false,false,false,8: Mass destruction.,8: Destroy all other face-up monsters on the field,
53194323,Dark Element,1,7c,false,false,false,7c: Brings an Extra Deck monster out without its materials.,"7c: Special Summon 1 Level 11 or higher ""Gate Guardian"" monster from your hand, Deck, or Extra Deck, ignoring its Summoning conditions",
88685329,Dark Eye Nightmare,1,5 9b,false,false,false,9b: Battle destruction substitute. | 5: Draws cards.,"9b: if this card would be destroyed by battle, you can banish 1 Trap from your GY instead | 5: Draw 2 cards, then discard 1 card.",
9064354,Dark Factory of More Production,1,5,false,false,false,5: Draws a card.,5: draw 1 card,
94820406,Dark Fusion,1,9a,false,false,false,9a: Makes the summoned monster untargetable.,9a: Your opponent cannot target it with card effects this turn,
41114306,Dark Garnex the Cubic Beast,1,7b,false,false,false,7b: Revives monsters from GY.,7b: Special Summon them,
70676581,Dark General Freed,1,10,false,false,false,10: Negates Spell effects.,10: Negate any Spell effects that target a face-up DARK monster(s) you control,
26746975,Dark Guardian,1,7b 9a 9b,false,false,false,7b: Can Special Summon itself from the GY. | 9b: Grants itself battle protection. | 9a: Unaffected by monster effects and opponent's Spells.,7b: Special Summoned (from your hand or GY) | 9b: Cannot be destroyed by battle | 9a: it is unaffected by other monsters' effects,
53129443,Dark Hole,1,8,false,false,false,8: Destroys all monsters.,8: Destroy all monsters on the field.,
72880377,Dark Hole Dragon,1,7b 9a,false,false,false,9a: Effect indestructible. | 7b: Revives itself from the GY.,9a: Cannot be destroyed by card effects | 7b: Special Summon this card from the GY,
66214679,Dark Horus,1,7b,false,false,false,7b: Revives from GY.,7b: Special Summon that target,
19357125,Dark Hunter,1,8,false,false,false,8: Can destroy multiple opponent monsters.,8: destroy all face-down monsters your opponent controls,
5562461,Dark Illusion,1,10,false,false,false,10: Negates an activation.,10: Negate the activation,
85313220,Dark Lucius LV4,1,10,false,false,false,10: Negates monster effects.,10: Negate the effects of your opponent's monsters destroyed by battle,
12817939,Dark Lucius LV6,1,10,false,false,false,10: Negates monster effects.,10: negate the effects of your opponent's monsters destroyed by battle,
58206034,Dark Lucius LV8,1,10,false,false,false,10: Negates effects.,10: negate their effects,
2314238,Dark Magic Attack,1,8,false,false,false,8: Destroys all opponent's Spells/Traps.,8: Destroy all Spells and Traps your opponent controls,
111280,Dark Magic Expanded,1,9a,false,false,false,9a: Makes monsters unaffected by opponent's effects.,9a: are unaffected by your opponent's card effects,
59016454,Dark Magic Mirror Force,1,8 9a 9b,false,false,false,8: Destroys multiple opponent monsters. | 9a: Grants protection from effect destruction. | 9b: Grants protection from battle destruction.,"8: Destroy as many Attack Position monsters your opponent controls as possible | 9a: would be destroyed by battle or card effect, it is not destroyed | 9b: would be destroyed by battle or card effect, it is not destroyed",
71440209,Dark Magic Talisman,1,10,false,false,false,10: Negates an effect.,10: Negate that effect,
82404868,Dark Magic Veil,1,7b,false,false,false,7b: Revives from GY.,7b: Special Summon 1 DARK Spellcaster-Type monster from your hand or Graveyard,
59400890,Dark Magician of Destruction,1,7c,false,false,false,7c: Summoned from Extra Deck without the full listed materials.,7c: by banishing 1 Level 6 or higher DARK Spellcaster monster you control as material,
5829717,Dark Magician the Knight of Dragon Magic,1,7b,false,false,false,7b: Can Special Summon monsters from the GY.,"7b: from your hand, Deck, Extra Deck, and/or GY","Burn is triggered by battle destruction, so byproduct (not 6a)."
88570003,"Dark Magician, the Pharaoh's Servant",1,8,false,false,false,8: Destroys multiple opponent cards.,8: destroy all Spells/Traps your opponent controls,
97642679,Dark Master - Zorc,1,8,false,false,false,8: Can destroy all opponent monsters.,8: destroy all monsters your opponent controls,
74713516,Dark Mimic LV1,1,5,false,false,false,5: Draws a card.,5: FLIP: Draw 1 card,
1102515,Dark Mimic LV3,1,5,false,false,false,5: Draws cards.,5: Draw 1 card,
20522190,Dark Mirror Force,1,8,false,false,false,8: Banishes multiple opponent monsters.,8: Banish all Defense Position monsters your opponent controls,
31829185,Dark Necrofear,1,7a,false,false,false,7a: Takes control of an opponent's monster.,7a: take control of that monster,
100459007,"Dark Necrofear, the Ruler of Demise",1,7a,false,false,false,7a: Takes control of an opponent monster.,7a: take control of 1 monster your opponent controls,
21960890,Dark Necromancer,1,7b,false,false,false,7b: Special Summons a monster from banishment.,7b: target 1 of your banished Level 4 or lower Fiend or Zombie monsters; Special Summon it,
38107923,Dark Nephthys,1,7b,false,false,false,7b: Special Summons itself from the GY.,7b: Special Summon this card from the Graveyard,
100459009,Dark Paladin - Wave-Motion,1,10,false,false,false,10: Negates a Spell effect.,10: You can negate that effect,
9287078,Dark Renewal,1,7b,false,false,false,7b: Can Special Summon from the GY.,7b: Special Summon 1 DARK Spellcaster monster from your Deck or GY,
85562745,Dark Room of Nightmare,1,6a,false,false,false,6a: Continuous burn without field change.,6a: inflict 300 damage to your opponent,
53982768,Dark Ruler Ha Des,1,10,false,false,false,10: Continuously negates effects of monsters it destroys in battle.,10: Negate the effects of monsters destroyed by battle,
54693926,Dark Ruler No More,1,10,false,false,false,10: Negates monster effects.,10: Negate the effects of all face-up monsters your opponent currently controls,
76045757,Dark Sacrifice,1,10,false,false,false,10: Negates an effect.,10: Negate the effect,
69402394,Dark Scheme,1,5,false,false,false,5: Discard-then-draw still counts as drawing.,5: then draw 2 cards,
11366199,Dark Simorgh,1,3.2 7b,false,false,false,7b: Revives itself. | 3.2: Continuous lock on a monster the opponent can attack.,7b: Special Summon this card from your Graveyard | 3.2: Your opponent cannot Set any cards on the field.,
47233801,Dark Snake Syndrome,1,6a,false,false,false,6a: Inflicts effect damage without changing the field.,6a: Inflict damage to both players,
12930501,Dark Spell Regeneration,1,7b,false,false,false,7b: Special Summons from the GY.,"7b: Special Summon 1 ""The Winged Dragon of Ra"" from your GY",
38167722,Dark Spirit Art - Greed,1,5,false,false,false,5: Draw card.,5: Draw 2 cards,
51993760,Dark Spirit of Banishment,1,7b,false,false,false,7b: Revives from GY.,7b: target 1 Level 8 Fiend monster in your GY; Special Summon it,Hand effect is Battle Phase only (rule 4 exception).
87988305,Dark Spirit of Malice,1,7b,false,false,false,7b: Revives from GY.,7b: target 1 Level 8 Fiend monster in your GY; Special Summon it,Hand effect removes only itself; not rule 4.
93599951,Dark Spirit of the Silent,1,10,false,false,false,10: negates an attack,10: Negate that attack,
14386013,Dark Spirit's Mastery,1,5,false,false,false,5: Draw with a cost still counts as draw.,5: then draw the same number of cards,
39613288,Dark Supremacy,1,10,false,false,false,10: Negates effects.,10: negate their effects until the end of this turn,
40235813,Dark Time Wizard,1,8,false,false,false,8: Board wipe on a correct call.,8: destroy as many monsters your opponent controls as possible,Damage is byproduct of destruction.
50164989,Dark Verger,1,7b,false,false,false,7b: Revives itself from the GY.,7b: Special Summon this card from your Graveyard,
76672730,Dark World Archives,1,5,false,false,false,5: Draws cards.,"5: You can discard 1 card, then draw 2 cards",
74117290,Dark World Dealings,1,5,false,false,false,5: Draws a card.,5: Each player draws 1 card,
61623148,Dark World Grimoire,1,7b,false,false,false,7b: Special Summons discarded monsters from the GY.,7b: You can target 1 of those monsters; Special Summon that target.,
3167439,Dark World Punishment,1,8 9a 9b 10,false,false,false,10: Negates a Summon. | 8: Can destroy multiple summoned monsters. | 9a: Effect destruction substitute. | 9b: Battle destruction substitute.,"10: negate the Summon | 8: destroy that monster(s) | 9a: would be destroyed by battle or an opponent's card effect, you can banish this card from your GY instead | 9b: would be destroyed by battle or an opponent's card effect, you can banish this card from your GY instead",
39343610,Darkblaze Dragon,1,6b,false,false,false,6b: Doubles ATK.,6b: Its ATK and DEF become double its original ATK and DEF,
50383626,"Darkest Diabolos, Lord of the Lair",1,7b 9a,false,false,false,9a: Untargetable by opponent. | 7b: Revives itself.,9a: cannot target it with card effects | 7b: Special Summon this card from your GY,
30127518,Darkfall,1,8,false,false,false,8: Sends 2 or more opponent monsters from the field to the GY.,8: Send those monsters to the Graveyard,
29876529,Darklight,1,8,false,false,false,8: Can destroy multiple opponent monsters.,8: destroy all monsters that were Special Summoned this turn,
85771019,Darklord Asmodeus,1,9a 9b,false,false,false,9a: Gives a token protection from destruction by effects. | 9b: Gives a token protection from destruction by battle.,"9a: ""Asmo Token"" cannot be destroyed by card effects | 9b: ""Deus Token"" cannot be destroyed by battle",
14517422,Darklord Contact,1,7b,false,false,false,7b: Revives a monster.,"7b: Special Summon 1 ""Darklord"" monster from your GY",
99941223,Darklord Dance,1,8,false,false,false,8: Can use several opponent monsters as material.,"8: you can also use ""Darklord"" monsters your opponent controls as material",
58787301,Darklord Descent,1,7b,false,false,false,7b: Special Summons monsters from the GY.,"7b: Special Summon up to 2 ""Darklord"" monsters from your Graveyard",
87990236,Darklord Enchantment,1,7a,false,false,false,7a: Takes control of an opponent's monster.,7a: take control of 1 face-up monster your opponent controls,
10136446,Darklord Eveningstar,1,9a,false,false,false,9a: Cannot be targeted by opponent's effects.,9a: Your opponent cannot target this card with card effects,
52840267,Darklord Ixchel,1,5,false,false,false,5: Draws cards.,5: draw 2 cards,
25451652,Darklord Morningstar,1,9a,false,false,false,9a: Untargetability.,9a: your opponent cannot target this card with card effects,
67316075,Darklord Nurse Reficule,1,6a,true,false,false,6a: Converts LP gain into damage.,"6a: inflicts the same amount of damage to them, instead",Could also be a floodgate punishing LP-gain effects.
11260714,Darklord Superbia,1,7b,false,false,false,7b: Special Summons a monster from the GY.,"7b: target 1 Fairy-Type monster in your Graveyard, except ""Darklord Superbia""; Special Summon that target",
88234365,Darklord Tezcatlipoca,1,9a 9b,false,false,false,9a: Effect destruction substitute. | 9b: Battle destruction substitute.,"9a: would be destroyed by battle or card effect, you can discard this card instead | 9b: would be destroyed by battle or card effect, you can discard this card instead",
40921744,Darklord Zerato,1,8,false,false,false,8: Board wipe of opponent monsters.,8: destroy all monsters your opponent controls,
76925842,Darknight Parshath,1,5,false,false,false,5: Draws a card.,5: draw 1 card,
70054514,Darksea Float,1,5,false,false,false,5: Draws a card.,5: draws 1 card,
57662975,Darkstorm Dragon,1,8,false,false,false,8: Destroys all Spells/Traps.,8: destroy all Spell and Trap Cards on the field,
1035143,Darkuriboh,1,9a 9b,false,false,false,9a: Grants effect-destruction protection. | 9b: Grants battle-destruction protection.,9a: it cannot be destroyed by battle or card effects | 9b: it cannot be destroyed by battle or card effects,"Hand effect only protects, does not negate or remove, so not rule 4."
83584898,Darkworld Shackles,1,6a,false,false,false,6a: Inflicts recurring damage without changing the field.,6a: Inflict 500 damage to the controller of the equipped monster,
95286165,De-Fusion,1,7b,false,false,false,7b: Special Summons materials from the GY.,7b: you can Special Summon all of them,
89462956,Dealer's Choice,1,5,false,false,false,5: Draws a card.,5: each player draws 1 card,
65703851,Debunk,1,10,false,false,false,10: Negates a monster effect activation.,10: Negate the activation,
66328392,Deception of the Sinful Spoils,1,6a,false,false,false,6a: LP loss triggered by GY sending is primary.,6a: You can make your opponent lose 1500 LP,
70485614,Decisive Battle of Golgonda,1,9a 9b,false,false,false,9a: Destruction substitute versus effects. | 9b: Destruction substitute versus battle.,"9a: if a card(s) you control would be destroyed by battle or card effect, you can send 1 Fusion Monster | 9b: if a card(s) you control would be destroyed by battle or card effect, you can send 1 Fusion Monster",
35027493,Deck Devastation Virus,1,8,false,false,false,8: Mass destruction.,8: destroy all those monsters with 1500 or less ATK,
33062423,Decode Destruction,1,8,false,false,false,8: Can destroy all opponent cards.,8: Destroy all cards your opponent controls.,
69542930,Dedication through Light and Darkness,1,7b,false,false,false,7b: Can Special Summon from the GY.,"7b: from your hand, Deck, or Graveyard",
28654932,Deep Dark Trap Hole,1,8,false,false,false,8: Can banish multiple summoned monsters.,8: Banish that Level 5 or higher Effect Monster(s),
101403059,Deep Forest of the Winter Raven,1,9a,false,false,false,9a: Grants immunity to destruction by card effects.,9a: cannot be destroyed by card effects,
8495780,Deep Sea Artisan,1,7b,false,false,false,7b: Special Summons a monster from the GY.,"7b: WATER monster in your GY, except ""Deep Sea Artisan""; Special Summon it",
22804410,Deep-Eyes White Dragon,1,8,true,false,false,8: Destroys all opponent's monsters.,8: Destroy all monsters your opponent controls,"Damage treated as a byproduct of the Special Summon; the hand effect only summons itself, so rule 4 was not applied."
67886895,"Deep-Eyes White Dragon, the Blue Abyss",1,7b,false,false,false,7b: Revives itself.,7b: Special Summon this card from your GY,
24128274,Deepsea Warrior,1,9a,false,false,false,9a: Partial unaffected protection.,9a: this card is unaffected by any Spell Cards,
71417170,Defenders Intersect,1,10,false,false,false,10: Negates effects of opponent's monsters.,10: their effects are negated,
24268052,Defense Draw,1,5,false,false,false,5: Draws a card.,5: draw 1 card,
96687733,Defense of the Temple,1,8,false,false,false,8: Can use several opponent monsters as material (ruling 28).,8: you can also use face-up monsters your opponent controls as material,
58582979,Defrag Dragon,1,7b,false,false,false,7b: Special Summons itself from the GY.,"7b: If this card is in the GY: You can banish 3 monsters from your GY with the same name, except ""Defrag Dragon""; Special Summon this card",
37421075,Degen-Force,1,7b,false,false,false,7b: Special Summons monsters from the GY.,7b: from your hand and/or Graveyard,
50426119,Degrade Buster,1,7b,false,false,false,7b: Temporary banish that returns (ruling 27).,7b: banish it until the End Phase,
87621407,Dekoichi the Battlechanted Locomotive,1,5,false,false,false,5: Draws cards.,5: Draw 1 card,
59839761,Delta Crow - Anti Reverse,1,8,false,false,false,8: Mass destruction.,8: Destroy all face-down Spells and Traps your opponent controls,
59504256,Demigod of the Tistina,1,8,false,false,false,8: Mass send to GY.,8: send all face-up cards your opponent controls to the GY,
59913418,"Demise, Supreme King of Armageddon",1,8 9b,false,false,false,8: Board wipe. | 9b: Grants battle protection.,8: destroy as many other cards on the field as possible | 9b: your Ritual Monsters cannot be destroyed by battle,
12890860,Denial Deity Dotan,1,9a 9b,false,false,false,9b: Self battle protection. | 9a: Conditional effect protection.,9b: cannot be destroyed by battle | 9a: monsters you control cannot be destroyed by card effects,
37798171,Depth Shark,1,6b,false,false,false,6b: Doubles ATK.,6b: This card's ATK becomes double its current ATK,
46708514,"Derk, Longing for the Blue Skies",1,7b 10,false,false,false,7b: Summons itself from the GY. | 10: Negates an effect.,7b: You can Special Summon this card | 10: negate that effect,
44883830,Des Croaking,1,8,false,false,false,8: Destroys all opponent's cards.,8: Destroy all cards your opponent controls,
69579761,Des Koala,1,6a,false,false,false,6a: Burn damage as the primary function.,6a: Inflict 400 damage to your opponent for each card in their hand,
2326738,Des Lacooda,1,5,false,false,false,5: Draws a card.,5: Draw 1 card,
36693940,Designer Frightfur,1,7b,false,false,false,7b: Revives a monster from the GY.,7b: monster in your Graveyard; Special Summon it,
94693857,Deskbot 001,1,7b,false,false,false,7b: Special Summons itself from the GY.,7b: while this card is in your GY (except during the Damage Step): You can Special Summon this card,
22227683,Deskbot 004,1,7b,false,false,false,7b: Special Summons monsters from the GY.,"7b: Special Summon 2 ""Deskbot"" monsters with different Levels from your hand and/or Graveyard",
25494711,Deskbot 009,1,3.2 9a 9b,false,false,false,3.2: Situational monster floodgate (ruling 5). | 9a: Destruction substitute against effects. | 9b: Destruction substitute against battle.,"3.2: your opponent's cards and effects cannot be activated until the end of the Damage Step | 9a: If this card would be destroyed by battle or card effect, you can destroy 1 ""Deskbot"" card you control instead | 9b: If this card would be destroyed by battle or card effect, you can destroy 1 ""Deskbot"" card you control instead",
12215894,Deskbot Base,1,5 8,false,false,false,5: Draws cards. | 8: Removes all opponent field cards.,"5: then draw the same number of cards | 8: shuffle all cards from your opponent's hand, field and Graveyard into the Deck",
71200730,Despair from the Dark,1,7b,false,false,false,7b: Special Summons itself from the GY.,7b: Special Summon this card.,
76728962,Desperado Barrel Dragon,1,5 8,false,false,false,8: Can destroy up to 3 monsters. | 5: Draws a card on 3 heads.,"8: destroy face-up monsters on the field, up to the number of heads | 5: draw 1 card",
99543666,"Despia, Theater of the Branded",1,7b,false,false,false,7b: Special Summons a Fusion Monster from the GY.,7b: Special Summon it,
48128081,Destined Duel,1,10,false,false,false,10: Negates an attack.,10: You can negate the attack,
22634473,Destined Rivals,1,10,false,false,false,10: Negates monster effects.,10: Negate the effects of all face-up monsters your opponent currently controls,
45809008,Destiny Draw,1,5,false,false,false,5: Draws cards.,5: draw 2 cards,
76263644,Destiny End Dragoon,1,7b,false,false,false,7b: Special Summons itself from the GY.,7b: Special Summon this card,
77608643,Destiny HERO - Captain Tenacious,1,7b,false,false,false,7b: Special Summons a monster from the GY.,7b: Special Summon that target,
63362460,Destiny HERO - Celestial,1,5,false,false,false,5: Draws cards.,5: draw 2 cards,
26964762,Destiny HERO - Dark Angel,1,7b 10,true,false,false,7b: Revives a monster from the GY onto the opponent's field (ruling 26). | 10: Negates Spell effects of its controller.,7b: Special Summon it to your opponent's field | 10: negate that effect,Negation targets its own controller's Spells (meant to be on the opponent's field); unclear if ruling 33 drawback exception applies.
81866673,Destiny HERO - Dasher,1,7b,false,false,false,7b: Summons itself from GY.,7b: Special Summon it,
16605586,Destiny HERO - Denier,1,7b,false,false,false,7b: Special Summons itself from the GY.,7b: You can Special Summon this card from your GY,
39829561,Destiny HERO - Departed,1,7b,false,false,false,7b: Special Summons itself from the GY.,7b: if this card is in your Graveyard: Special Summon it,
25158975,Destiny HERO - Destro-Dogma,1,6a 7b,false,false,false,7b: Can summon itself from GY. | 6a: Burn without changing the field.,7b: Must be Special Summoned (from your hand or GY) | 6a: inflict 2000 damage to your opponent during the next Standby Phase,
60461804,Destiny HERO - Destroyer Phoenix Enforcer,1,7b,false,false,false,7b: Special Summons from the GY.,"7b: Special Summon 1 ""Destiny HERO"" monster from your GY",
56570271,Destiny HERO - Disk Commander,1,5,false,false,false,5: Draws cards.,5: You can draw 2 cards,
17132130,Destiny HERO - Dogma,1,6a,false,false,false,6a: Halving LP counts as damage (ruling 21).,6a: Halve your opponent's LP,
69394324,Destiny HERO - Dominance,1,5 7b,false,false,false,5: Draws a card. | 7b: Special Summons monsters from the GY.,5: You can draw 1 card | 7b: Special Summon them,
41613948,Destiny HERO - Doom Lord,1,7b,false,false,false,7b: Banished monster returns to the field (flicker ruling).,7b: The banished monster returns to the opponent's side of the field,
62542673,Destiny HERO - Doom Overlord,1,7b,false,false,false,7b: Temporarily banishes a monster that returns (ruling 27).,7b: banish it until the next Standby Phase,
48150362,Destiny HERO - Drawhand,1,5 7b,false,false,false,5: Draws a card. | 7b: Revives itself from the GY.,5: make each player draw 1 card | 7b: Special Summon this card from your GY,
40591390,Destiny HERO - Dreadmaster,1,7b 9a 9b,false,false,false,7b: Revives monsters from GY. | 9a: Grants indestructibility including by effects. | 9b: Grants indestructibility including by battle.,"7b: Special Summon up to 2 ""Destiny HERO"" monsters from your GY | 9a: ""Destiny HERO"" monsters you control cannot be destroyed | 9b: ""Destiny HERO"" monsters you control cannot be destroyed",
54641720,Destiny HERO - Dreadnought Master,1,7c,false,false,false,7c: Summoned from Extra Deck without its listed materials.,"7c: Special Summoned (from your Extra Deck) by Tributing 1 ""Destiny HERO - Dreadmaster""",
66262416,Destiny HERO - Dreamer,1,7b 9b,false,false,false,7b: Special Summons itself from GY. | 9b: Grants battle indestructibility.,7b: You can Special Summon this card | 9b: your monster cannot be destroyed by that battle,
93657021,Destiny HERO - Dusktopia,1,9a 9b,false,false,false,9a: grants indestructibility by effects | 9b: grants indestructibility by battle,9a: make it unable to be destroyed by battle or card effects | 9b: make it unable to be destroyed by battle or card effects,
37780349,Destiny HERO - Dynatag,1,6a,true,false,false,6a: Effect damage from a discarded card.,6a: each player takes 1000 damage,"Occurs during damage calculation; unclear if battle makes it a byproduct. Hand effect is battle-only, rule 4 exception."
80744121,Destiny HERO - Fear Monger,1,7b,false,false,false,7b: Revives a monster from the GY.,7b: Special Summon that target,
83965310,Destiny HERO - Plasma,1,7a 10,false,false,false,10: Continuous negation. | 7a: Equips an opponent's monster.,10: Negate the effects of face-up monsters while your opponent controls them | 7a: equip that target to this card,
15294090,Destiny Mirage,1,7b,false,false,false,7b: Revives monsters from GY.,"7b: Special Summon, to your side of the field, all ""Destiny HERO"" monsters that were destroyed and sent to either Graveyard",
59235795,Destruction Cyclone,1,8,false,false,false,8: Destroys multiple monsters.,8: destroy all face-down and non-WIND monsters,
98956134,Destruction Jammer,1,10,false,false,false,10: Negates an activation.,10: Negate the activation,
15155568,Destruction Sword Flash,1,8 10,false,false,false,8: Banishes all opponent monsters. | 10: Negates an effect.,8: Banish all monsters your opponent controls | 10: negate that effect,
41940225,Destruction Swordsman Fusion,1,8,false,false,false,8: Can use several opponent monsters as material.,8: using monsters from your hand or either side of the field as Fusion Materials,
30748475,Destructive Daruma Karma Cannon,1,8,false,false,false,8: Can send multiple opponent monsters to the GY.,8: they must send all face-up monsters they control to the GY,
77859858,Destructive Draw,1,5,false,false,false,5: Extra draw for either player including controller.,5: they can draw 1 more card in addition to their normal draw,
5560911,Destrudo the Lost Dragon's Frisson,1,7b,false,false,false,7b: Can Special Summon itself from the GY.,7b: If this card is in your hand or GY,
89086566,Detonate,1,8,false,false,false,8: Can destroy multiple opponent cards.,"8: destroy cards your opponent controls, up to the number of cards destroyed",
46789706,Detonating Kuriboh,1,10,false,false,false,10: Negates an opponent monster's effects.,10: The equipped monster's effects are negated.,
62587693,Deus X-Krawler,1,10,false,false,false,10: Negates effects.,10: negate all monster effects activated on your opponent's field,
88176533,Devotee of Nephthys,1,7b,false,false,false,7b: Special Summons itself from the GY.,7b: Special Summon this card,
30037118,Devouring Sarcoughagus,1,7a,false,false,false,7a: Takes control of opponent's monster.,7a: take control of that opponent's monster,
19327348,Dharc the Dark Charmer,1,7a,false,false,false,7a: Takes control of an opponent's monster.,7a: Take control of 1 DARK monster your opponent controls,
72270339,Diabellstar the Black Witch,1,7b,false,false,false,7b: Revives itself from the GY.,7b: Special Summon this card,
100461000,"Diabellstar, the Seeker of Sinful Spoils",1,8,false,false,false,8: Mass destruction.,8: destroy all monsters your opponent controls,
60145298,Diabellze the White Witch,1,9a,false,false,false,9a: Grants effect-destruction immunity.,9a: Monsters you control cannot be destroyed by your opponent's card effects,
78077209,Diabolica the Draconique General,1,7b,false,false,false,7b: Revives itself from GY.,7b: You can Special Summon this card from your GY,
51644030,Diabound Kernel,1,7b,false,false,false,7b: Returns itself from banishment (ruling 1).,7b: banish this card until the Standby Phase of the next turn,
81994591,Diamond Core of Koa'ki Meiru,1,9a 9b,false,false,false,9a: Makes monsters indestructible by effects. | 9b: Also indestructible by battle.,"9a: ""Koa'ki Meiru"" monsters you control cannot be destroyed | 9b: ""Koa'ki Meiru"" monsters you control cannot be destroyed",
98643358,Diamond Dust,1,8,false,false,false,8: Mass destruction.,8: Destroy as many WATER monsters on the field as possible,
19980975,Diamond-Dust Cyclone,1,5,false,false,false,5: Draws cards.,5: draw 1 card for every 4 Fog Counters,
59905358,Dice Try!,1,10,false,false,false,10: Negates an activation.,10: Negate the activation,
31863912,Dice-nied,1,3.3 8,true,false,false,"3.3: Continuous punishment of Special Summons, affecting only monsters of the rolled Level. | 8: Can bounce several opponent monsters.",3.3: Each time your opponent Special Summons a monster(s) | 8: return all of those Summoned monster(s) to the hand,Level is chosen randomly by die; unclear if 3.3 (Level subset) or 3.4.
3493058,Dicephoon,1,8,false,false,false,8: Can destroy 2 cards.,8: Destroy 2 Spells/Traps on the field,
66961194,Dictator of D.,1,7b,false,false,false,7b: Revives from GY.,"7b: target 1 ""Blue-Eyes"" monster in your GY; Special Summon it",
62437430,Different Dimension Deepsea Trench,1,7b,false,false,false,7b: Returns a banished monster to the field.,7b: Special Summon that banished monster,
50939127,Different Dimension Dragon,1,9a 9b,false,false,false,9a: Partial effect protection. | 9b: Partial battle protection.,9a: cannot be destroyed by Spell/Trap effects that do not target it | 9b: cannot be destroyed by battle with a monster that has 1900 or less ATK,
39900763,Different Dimension Encounter,1,7b,false,false,false,7b: Special Summons from banishment.,7b: Each player Special Summons 1 of their banished monsters,
56460688,Different Dimension Gate,1,7b,false,false,false,7b: Returns banished monsters to the field.,7b: Return those banished monsters to the field,
87880531,Diffusion Wave-Motion,1,10,true,false,false,10: Negates destroyed monsters' effects.,10: cannot activate and are negated,Attacking all monsters could destroy several by battle; unclear if rule 8.
81782376,Dig of Destiny,1,5,false,false,false,5: Draws cards.,5: Draw 1 card,
77683371,Dimension Conjurer,1,5,false,false,false,5: Draws cards.,5: You can draw cards equal to the number of Spellcaster monsters you control,
44046281,Dimension Gate,1,7b,false,false,false,7b: Returns banished monster to field.,7b: You can Special Summon the monster banished by this card's effect,
54175023,Dimension Guardian,1,9a 9b,false,false,false,9a: Grants indestructibility by card effects. | 9b: Grants indestructibility by battle.,9a: It cannot be destroyed by battle or card effects | 9b: It cannot be destroyed by battle or card effects,
62107612,Dimension Wanderer,1,6a,false,false,false,6a: Burn without changing the board is its primary function.,6a: inflict 3000 damage to your opponent,
22959079,Dimensionhole,1,7b,false,false,false,7b: Banishes its own monster and returns it (ruling 1).,7b: remove it from play until your next Standby Phase,
41554273,Dinomist Rush,1,9a,false,false,false,9a: Grants unaffected status.,9a: it is unaffected by other cards' effects,
52020510,Dinomorphia Alert,1,7b,false,false,false,7b: Special Summons monsters from the GY.,7b: monsters from your GY whose total Levels equal 8 or less,
38628859,Dinomorphia Diplos,1,7b,false,false,false,7b: summons from GY,"7b: Special Summon 1 Level 4 or lower ""Dinomorphia"" monster from your GY",
26631975,Dinomorphia Domain,1,7d,false,false,false,7d: Fusion using material from the Deck.,"7d: using monsters from your hand, Deck, or field as material",
78420796,Dinomorphia Frenzy,1,7d,false,false,false,7d: Fusion material from Deck.,7d: using only 1 monster from your Deck and 1 monster from your Extra Deck as Fusion Material,
7336745,Dinomorphia Intact,1,10,false,false,false,10: Negates an activation.,10: negate the activation,
48832775,Dinomorphia Kentregina,1,7b,false,false,false,7b: Revives from GY.,"7b: Special Summon 1 Level 4 or lower ""Dinomorphia"" monster from your GY",
52807032,Dinomorphia Sonic,1,10,false,false,false,10: Negates S/T activation.,10: negate the activation,
74936480,Dinomorphia Stealthbergia,1,6a 7b,false,false,false,6a: Damage without changing the field. | 7b: Revives from the GY.,"6a: inflict damage to your opponent equal to that monster's original ATK | 7b: Special Summon 1 Level 4 or lower ""Dinomorphia"" monster from your GY",
92133240,Dinomorphia Therizia,1,7b,false,false,false,7b: Revives from GY.,"7b: Special Summon 1 Level 4 or lower ""Dinomorphia"" monster from your GY",
48372950,Dinowrestler Eskrimamenchi,1,7b,false,false,false,7b: Revives a monster from the GY.,"7b: Special Summon it, then add this card to your hand",
61269611,Dinowrestler Iguanodraka,1,7b,false,false,false,7b: Special Summons a monster from the GY.,7b: monster in your GY with a different original name,
11755663,Dinowrestler Martial Anga,1,7b 9b,false,false,false,9b: Grants battle-destruction protection. | 7b: Special Summons itself from the GY.,9b: your battling monster cannot be destroyed by that battle | 7b: You can Special Summon this card.,"Hand effect works only in battle, so rule 4 exception applies."
35770983,Dinowrestler Martial Ankylo,1,7b 9b,false,false,false,9b: Grants battle-destruction protection. | 7b: Special Summons itself from the GY.,"9b: that monster you control cannot be destroyed by that battle | 7b: You can Special Summon this card, but banish it when it leaves the field",
61764082,Dinowrestler Rambrachio,1,9a,false,false,false,9a: Grants untargetability.,"9a: Your opponent cannot target other ""Dinowrestler"" monsters you control with card effects",
56980148,Dinowrestler Systegosaur,1,7b,false,false,false,7b: Special Summons a monster from the GY.,"7b: ""Dinowrestler"" monster in your GY, except ""Dinowrestler Systegosaur""; Special Summon it",
66472129,Dipsea Fiend,1,7b,false,false,false,7b: Can revive from GY.,7b: from your hand or GY to your field,
40971261,Dirge of the Lost Dragon,1,3.3,false,false,false,3.3: Lasting punishment of activating one declared card name.,"3.3: Each time the declared card, or its effect, is activated, halve its owner's LP",
26834022,Disarm,1,10,false,false,false,10: Negates a Spell activation.,10: negate the activation and effect of a Spell Card,
20727787,Disarmament,1,8,false,false,false,8: Can destroy multiple opponent cards.,8: Destroy all Equip Cards on the field,
75425320,Disciples of the True Dracophoenix,1,5,false,false,false,5: Draws a card.,5: then draw 1 card,
81965543,Distrust Paranoia,1,7a 7b 9a,false,false,false,7a: Takes control. | 7b: Summons itself from GY/banishment. | 9a: Partial unaffected.,7a: Take control of all your opponent's monsters in this card's column. | 7b: You can Special Summon this card as an Effect Monster | 9a: Unaffected by your opponent's card effects activated in the same column.,
100460004,Divine Anima Infinity the Creation Cubic Overlord,1,7b 9a,false,false,false,9a: Unaffected by some effects. | 7b: Special Summons from the GY.,"9a: unaffected by the activated effects of monsters | 7b: Special Summon up to 3 ""Vijam the Cubic Seed"" from your GY",
12397569,Divine Domain Baatistina,1,7b,false,false,false,7b: Special Summons a monster from the GY.,"7b: Special Summon 1 ""Tistina"" monster from your Deck or GY",
60681103,Divine Dragon Lord Felgrand,1,7b,false,false,false,7b: Special Summons a Dragon from the GY.,7b: Special Summon it to your field,
32975247,Divine Dragon Titanomakhia,1,8 9b,false,false,false,9b: Battle indestructibility. | 8: Board wipe of opponent's cards.,9b: This Special Summoned card cannot be destroyed by battle | 8: destroy all cards your opponent controls,
61757117,Divine Grace - Northwemko,1,9a,false,false,false,9a: Self-protection from effect destruction.,9a: this card cannot be destroyed by card effects,
81066751,Divine Punishment,1,10,false,false,false,10: Negates an activation.,10: Negate the activation,
82103466,Divine Serpent Geh,1,9a 10,false,false,false,9a: Targeting protection. | 10: Negates effects.,9a: Cannot be targeted by card effects. | 10: negate the effects of that monster,
49010598,Divine Wrath,1,10,false,false,false,10: Negates a monster effect activation.,10: negate the activation,
33145233,Djinn Demolisher of Rituals,1,9a,false,false,false,9a: Grants untargetability to the Ritual monster.,9a: cannot be targeted by the card effects of the other player,
30492798,Djinn Disserere of Rituals,1,9a,false,false,false,9a: Grants Trap immunity.,9a: is unaffected by Trap effects,
34358408,Djinn Presider of Rituals,1,5,false,false,false,5: Grants a card draw.,5: the controller of the Ritual Monster draws 1 card,
27340877,DNA Checkup,1,5,false,false,false,5: Can draw 2 cards for its controller.,5: you draw 2 cards,
6260554,Do a Barrel Roll,1,10,false,false,false,10: Negates an activation.,10: negate the activation,
32671443,Doctor D,1,7b,false,false,false,7b: Special Summons from the GY.,"7b: Special Summon 1 ""Destiny HERO"" monster from your GY",
19700943,Dododo Bot,1,9a,false,false,false,9a: Self unaffected by card effects while attacking.,9a: it is unaffected by other card effects,
57996334,Dododo Buster,1,7b,false,false,false,7b: Special Summons a monster from the GY.,"7b: ""Dododo"" monster in your GY; Special Summon that target",
75421661,Dododo Swordsman,1,8,false,false,false,8: Can destroy 2 monsters.,8: target up to 2 face-up monsters on the field; destroy them,
83274244,Dododo Warrior,1,10,false,false,false,10: Continuous negation while attacking.,10: negate all card effects that activate in the opponent's Graveyard,
73866096,Dodododraw,1,5,false,false,false,5: Draws cards.,5: draw 2 cards,
59724555,Dodododwarf Gogogoglove,1,7b,false,false,false,7b: Special Summons itself from the GY.,"7b: You can Special Summon this card, but banish it when it leaves the field",
29354228,Dogmatika Encounter,1,7b,false,false,false,7b: Can Special Summon a monster from the GY.,"7b: Add to your hand or Special Summon 1 ""Dogmatika"" monster or ""Fallen of Albaz"" from your GY",
69680031,"Dogmatika Fleurdelis, the Knighted",1,10,false,false,false,10: Negates a monster's effects.,10: negate the effects of 1 face-up monster on the field,
65589010,Dogmatika Nation,1,9a,false,false,false,9a: Partial targeting protection.,"9a: Neither player can target ""Dogmatika"" monsters you control with effects of monsters",
93332803,"Dogoran, the Mad Flame Kaiju",1,8,false,false,false,8: destroys all opponent monsters,8: destroy all monsters your opponent controls,
44088353,Doll Hammer,1,5,false,false,false,5: Draws cards.,5: draw 2 cards,
40366667,Dominus Impulse,1,10,false,false,false,10: Negates an effect.,10: Negate that effect,
97045737,Dominus Purge,1,10,false,false,false,10: Negates a search effect.,10: Negate that effect,
42091632,Dominus Spiral,1,7b,true,false,false,7b: Lets a monster be revived from the GY.,7b: your opponent can Special Summon 1 monster from their GY,Revival is performed by the opponent; unclear if 7b applies.
65938950,"Don't Slip, the Dogs of War",1,5,false,false,false,5: Either player can draw.,5: they draw 2 cards,
94113093,Doodlebook - Uh uh uh!,1,7b 9b 10,false,false,false,10: Negates an attack. | 7b: Special Summons from the GY. | 9b: Grants battle destruction protection.,"10: Negate that attack | 7b: Special Summon 1 ""Doodle Beast"" monster from your GY | 9b: It cannot be destroyed by battle",
10389794,Doom Donuts,1,8,false,false,false,8: Can destroy multiple opponent monsters.,8: Destroy all face-up monsters on the field with an original ATK or DEF of 0,
94944637,Doom Shaman,1,7b,false,false,false,7b: Special Summons from a GY.,7b: Special Summon 1 Fiend-Type monster from your hand or from either Graveyard,
83116692,Doombearer Psychopompos,1,7b,false,false,false,7b: Special Summons itself from banishment.,7b: You can Special Summon this banished card,
78700060,Doomcaliber Knight,1,10,false,false,false,10: Negates a monster effect activation.,10: negate the activation,
1764972,Doomkaiser Dragon/Assault Mode,1,7b,false,false,false,7b: Special Summons from GYs.,7b: Special Summon any number of Zombie-Type monsters from either player's Graveyard(s),
39185163,Doomking Balerdroch,1,7b 10,false,false,false,7b: Special Summons itself from the GY. | 10: Negates effects.,7b: You can Special Summon this card in Defense Position | 10: Negate that effect,
49109013,Doomstar Ulka,1,7b,false,false,false,"7b: Special Summons a monster from GY/banishment, or itself from banishment.","7b: if that monster is in the GY or banished face-up, Special Summon it",
84054556,"DoomZ Command ""A.D.R.A.S.T.E.I.A.""",1,7b 9b,false,false,false,9b: Grants battle-destruction protection. | 7b: Special Summons from the GY or banishment.,"9b: would be destroyed by battle each turn, it is not destroyed | 7b: from your hand, GY, or banishment",
18789533,Dotscaper,1,7b,false,false,false,7b: Special Summons itself from the GY or banishment.,7b: If this card is banished: You can Special Summon this card,
1607603,Double Dai,1,7b,false,false,false,7b: Special Summons from the GY.,7b: from your Deck or GY,
44883600,Double Defender,1,10,false,false,false,10: Negates an attack.,10: negate that attack,
93612434,Double Disruptor Dragon,1,7b,false,false,false,7b: summons monsters from the GY,"7b: target 2 ""Rokket"" monsters in your GY with different names; Special Summon them",
64319467,Double Fin Shark,1,7b,false,false,false,7b: Special Summons from the GY.,7b: monster in your Graveyard; Special Summon that target,
73239437,Double Hero Attack,1,7b,false,false,false,7b: Special Summons a monster from the GY.,"7b: Target 1 ""HERO"" Fusion Monster in your GY; Special Summon it",
6214163,Double Hooking,1,7b,false,false,false,7b: Special Summons monsters from the GY.,7b: target up to 2 monsters in your GY; Special Summon them,
72621670,Double Magical Arm Bind,1,7a,false,false,false,7a: Takes control of opponent's monsters.,7a: take control of both targets,
94770493,Double or Nothing!,1,6b,false,false,false,6b: Doubles ATK.,6b: its ATK is doubled during the Damage Step only,
5914184,Double Payback,1,6a,true,false,false,6a: Damage is the card's purpose; destruction is only of itself.,6a: inflict 2000 damage to your opponent for each Payback Counter on this card,Damage follows destroying itself; could count as byproduct of destruction.
63730624,Double Tool C&D,1,10,false,false,false,10: Negates the attack target's effects.,10: any effects of the attack target that activate or apply on the field are negated,
51976476,Double Trap Hole,1,8,false,false,false,8: Can banish multiple opponent monsters.,8: Banish those monster(s),
21007444,Double-Edged Sword Technique,1,7b,false,false,false,7b: Special Summons from the GY.,"7b: Target 2 ""Six Samurai"" monsters in your GY; Special Summon those targets",
27995943,Dr. Frankenderp,1,5,false,false,false,5: Adds the blind top card to hand (ruling 18).,5: reveal it and add it to your hand,"Skipping own Draw Phase is self-imposed, not 11."
9070454,Draco-Utopian Aura,1,7b 10,false,false,false,10: Negates an activation. | 7b: Special Summons from the GY.,10: Negate the activation | 7b: Special Summon the monster that was destroyed and sent to the GY,
33760966,Dracotail Arthalion,1,7b,false,false,false,7b: Revives itself from the GY.,7b: You can Special Summon this card,Extra Deck monster: rule 8 does not apply.
5431722,Dracotail Flame,1,5 10,false,false,false,10: Negates a Spell's effects. | 5: Draws a card after placing a card on the Deck.,10: negate its effects | 5: then draw 1 card,
79755671,Dracotail Gulamel,1,7b,false,false,false,7b: Revives itself from GY.,7b: You can Special Summon this card,
69932023,Dracotail Horn,1,5,false,false,false,5: Draws a card.,5: then draw 1 card,
7375867,Dracotail Mululu,1,10,false,false,false,10: Negates monster effects.,10: negate the effects of 1 face-up monster your opponent controls,
44482554,Dracotail Pan,1,7b,false,false,false,7b: Special Summons from the GY.,"7b: Special Summon 1 non-Fusion ""Dracotail"" monster from your GY",
84477320,Dracotail Phryxul,1,7b,false,false,false,7b: Special Summons a monster from the GY.,"7b: monster in your GY, except",
42125140,Dracotail Shaulas,1,7b,false,false,false,7b: Summons itself from the GY.,"7b: You can Special Summon this card, but banish it when it leaves the field",
80208225,Dracotail Sting,1,5,false,false,false,5: Draws a card.,5: then draw 1 card,
65737274,Dragard,1,7b,false,false,false,7b: Special Summons a monster from the GY.,7b: target 1 Normal Monster with 1000 or less ATK in your Graveyard; Special Summon that target,
16435215,Dragged Down into the Grave,1,5,false,false,false,5: Draws a card.,5: both players draw 1 card,
48705086,Dragolithia Kunzite,1,7b,false,false,false,7b: Revives a Normal Monster from the GY.,7b: Special Summon it in Defense Position,
50045299,Dragon Capture Jar,1,3.3,false,false,false,3.3: Continuous position lock limited to Dragon monsters.,3.3: also they cannot change their battle positions,
87835759,Dragon Knight of Creation,1,7b,false,false,false,7b: Special Summons a monster from the GY.,7b: Special Summon that monster,
29228350,Dragon Laser,1,8,false,false,false,8: Mass destruction.,8: destroy all monsters your opponent controls,
63018132,Dragon Manipulator,1,7a,false,false,false,7a: Takes control of an opponent's monster.,7a: Take control of 1 face-up Dragon-Type monster,
76076738,Dragon Nails,1,7b 9a,false,false,false,9a: Grants effect indestructibility. | 7b: Special Summons the destroyed monster from the GY.,9a: it cannot be destroyed by your opponent's card effects | 7b: You can Special Summon that monster,
55763552,Dragon Piper,1,8,false,false,false,8: Can destroy multiple opponent cards.,"8: Destroy all face-up ""Dragon Capture Jar""(s) on the field",
80513550,Dragon Queen of Tragic Endings,1,5 7b,false,false,false,5: Draws a card. | 7b: Revives itself.,5: then you draw 1 card | 7b: Special Summon this card from the Graveyard,
71867500,Dragon Revival Rhapsody,1,7b,false,false,false,7b: Special Summons monsters from the GY.,7b: target up to 2 Dragon monsters in your GY,
63300440,Dragon Shield,1,9a 9b,false,false,false,9a: Grants effect-destruction protection. | 9b: Grants battle-destruction protection.,9a: cannot be destroyed by battle or by card effects | 9b: cannot be destroyed by battle,
55991637,Dragon's Gunfire,1,6a,false,false,false,6a: Direct effect damage.,6a: Inflict 800 damage to your opponent,
63295720,Dragon's Light and Darkness,1,10,false,false,false,10: Negates an effect.,10: Negate that effect,
85442146,Dragon's Mind,1,10,false,false,false,10: Negates an activation.,10: Negate the activation,
20638610,Dragon's Rebirth,1,7b,false,false,false,7b: Special Summons from the GY.,7b: Special Summon 1 Dragon monster from your hand or GY,
12163590,Dragonmaid Cehrmba,1,7b 9a,false,false,false,9a: Grants effect-destruction protection. | 7b: Summons from GY or banishment.,"9a: cannot be destroyed by your opponent's card effects | 7b: Special Summon 1 "" Dragonmaid "" monster from your GY or banishment",
76782778,Dragonmaid Ernus,1,9a,false,false,false,9a: Self-protection from destruction by card effects.,9a: Cannot be destroyed by card effects while you control a Fusion Monster,
78231355,Dragonmaid Hospitality,1,7b,false,false,false,7b: Special Summons a monster from the GY.,7b: from your hand or GY,
15848542,Dragonmaid Lorpar,1,9a,false,false,false,9a: Effect-destruction immunity.,9a: Cannot be destroyed by card effects while you control a Fusion Monster,
49575521,Dragonmaid Nudyarl,1,9a,false,false,false,9a: Effect-destruction protection.,9a: Cannot be destroyed by card effects while you control a Fusion Monster,
15754711,Dragonmaid Send-Off,1,9a 9b,false,false,false,9a: Grants the summoned monster effect-destruction immunity. | 9b: Grants the summoned monster battle-destruction immunity.,9a: cannot be destroyed by battle or card effects until the end of the next turn | 9b: cannot be destroyed by battle or card effects until the end of the next turn,
24799107,Dragonmaid Sheou,1,7b 10,false,false,false,10: Negates an activation. | 7b: Can Special Summon from the GY.,"10: You can negate the activation | 7b: Special Summon 1 Level 9 or lower ""Dragonmaid"" monster from your hand or GY",
57416183,Dragonmaid Tidying,1,7b,false,false,false,7b: Special Summons from the GY.,"7b: Special Summon 1 ""Dragonmaid"" monster from your hand or GY",
42055234,Dragonmaid Tinkhec,1,9a,false,false,false,9a: Self-protection from destruction by effects.,9a: Cannot be destroyed by card effects,
14625090,Dragonmaid Welcome,1,9a,false,false,false,9a: Makes monsters untargetable by opponent's card effects.,"9a: Your opponent cannot target ""Dragonmaid"" monsters you control with card effects this turn",
53184342,Dragunity Arma Gram,1,7b 10,false,false,false,7b: Revives itself. | 10: Negates a monster.,7b: Special Summon this card from your hand or GY | 10: its effects are negated,
63487632,Dragunity Arma Leyvaten,1,7b,false,false,false,7b: Revives from the GY.,7b: Special Summon this card from your hand or Graveyard,
13361027,Dragunity Darkspear,1,7b,false,false,false,7b: Revives from GY.,"7b: select 1 Level 4 or lower Winged Beast-Type monster in your Graveyard, and Special Summon it",
60004971,Dragunity Divine Lance,1,9a,false,false,false,9a: Grants partial unaffected protection.,9a: it is unaffected by Trap effects,
52962804,Dragunity Draft,1,9a,false,false,false,9a: Grants unaffected status to attacking Dragunity monsters.,9a: it is unaffected by your opponent's card effects,
69975751,Dragunity Guisarme,1,7b,false,false,false,7b: Special Summons a monster from the GY.,7b: monster in your GY; Special Summon it,
92868896,Dragunity Senatus,1,9a 9b,false,false,false,9a: Destruction substitute vs effects. | 9b: Destruction substitute vs battle.,"9a: would be destroyed by battle or card effect, you can destroy 1 ""Dragunity"" card equipped to this card, instead | 9b: would be destroyed by battle or card effect, you can destroy 1 ""Dragunity"" card equipped to this card, instead",
43250041,Draining Shield,1,10,false,false,false,10: Negates an attack.,10: negate that attack,
70366448,Drastic Draw,1,5,false,false,false,5: Draws cards.,5: draw 3 cards,
26557451,Draw Discharge,1,6a,false,false,false,"6a: Damage triggered by a draw, with no board change.",6a: inflict damage to your opponent equal to their combined ATK,
41367003,Draw Muscle,1,5 9b,false,false,false,5: Draws a card. | 9b: Grants battle indestructibility.,5: draw 1 card | 9b: that monster cannot be destroyed by battle this turn,
856784,Draw of Fate,1,5,false,false,false,5: Draws a card.,5: then draw 1 card,
37444964,Dream Mirror Fantasy,1,9a 9b,false,false,false,9a: Destruction substitute against effects (ruling 6). | 9b: Destruction substitute against battle (ruling 6).,"9a: would be destroyed by battle or card effect, you can banish this card from your GY instead | 9b: would be destroyed by battle or card effect, you can banish this card from your GY instead",
74665651,Dream Mirror of Joy,1,9a,false,false,false,9a: Grants untargetability.,9a: cannot be targeted by your opponent's card effects,
61459246,Dream Mirror Oneiromancy,1,10,false,false,false,10: negates activation or summon,10: Negate the activation,
6180710,Dream Shark,1,7b 9b,false,false,false,9b: Survives battle destruction. | 7b: Special Summons itself from the GY.,"9b: The first time this card would be destroyed by battle each turn, it is not destroyed | 7b: while this card is in your GY (except during the Damage Step): You can Special Summon this card",
94982447,"Dreiath III, the True Dracocavalry General",1,9a,false,false,false,9a: Grants untargetability and effect indestructibility.,"9a: Your opponent cannot target face-up ""True Draco"" or ""True King"" monsters on the field with card effects",
98248208,"Driangle, Dragon of the Dark Deep",1,6a,false,false,false,"6a: Damage from milling, not destruction/summon/battle.",6a: inflict 1000 damage to your opponent,
28265983,Dried Winds,1,8,false,false,false,8: Can destroy multiple opponent monsters.,8: destroy face-up monsters your opponent controls whose combined ATK,
56286179,Drill Synchron,1,5,false,false,false,5: Draws a card.,5: You can draw 1 card,
47475363,Drowning Mirror Force,1,8,false,false,false,8: Removes all opponent Attack Position monsters.,8: Shuffle all your opponent's Attack Position monsters into the Deck,
97148796,Drytron Alpha Thuban,1,7b,false,false,false,7b: Can Special Summon itself from the GY.,7b: Special Summon this card from your hand or GY,
33543890,Drytron Beta Rastaban,1,7b,false,false,false,7b: Special Summons itself from the GY.,7b: Special Summon this card from your hand or GY in Defense Position,
22420202,Drytron Delta Altais,1,5 7b,false,false,false,7b: Special Summons itself from the GY. | 5: Draws a card.,7b: Special Summon this card from your hand or GY | 5: draw 1 card,
60037599,Drytron Gamma Eltanin,1,7b,false,false,false,7b: Special Summons monsters from the GY.,7b: Special Summon this card from your hand or GY,
69815951,Drytron Meteonis Draconids,1,8 9a,false,false,false,9a: Targeting protection. | 8: Can send up to 2 opponent cards to the GY.,9a: Your opponent cannot target this card with monster effects | 8: send that card(s) to the GY,
95209656,Drytron Meteonis Quadrantids,1,7b 8 9a,false,false,false,9a: Self untargetability. | 8: Mass destruction. | 7b: Special Summons from the GY.,"9a: Your opponent cannot target this card | 8: destroy all Spells and Traps your opponent controls | 7b: Special Summon ""Drytron"" monsters from your GY",
84965420,Drytron Meteor Shower,1,10,false,false,false,10: Negates a Summon.,10: Negate the Summon,
22435424,Drytron Nu II,1,7b,false,false,false,7b: Special Summons itself from the GY.,7b: Special Summon this card from your hand or GY,
96026108,Drytron Zeta Aldhibah,1,7b,false,false,false,7b: Special Summons itself from the GY.,7b: Special Summon this card from your hand or GY,
7445307,Dual Assembwurm,1,7b,false,false,false,7b: Can Special Summon itself from the GY.,7b: If this card is in your hand or GY,
33026283,Dual Avatar - Empowered Kon-Gyo,1,3.2 10,false,false,false,3.2: Situational monster floodgate (ruling 5). | 10: Negates an activation.,"3.2: If this card battles, your opponent cannot activate cards or effects until the end of the Damage Step | 10: You can negate the activation",
28798938,Dual Avatar - Manifested A-Un,1,9a 9b,false,false,false,9a: Grants effect protection. | 9b: Grants battle protection.,9a: they cannot be destroyed by battle or card effects this turn | 9b: they cannot be destroyed by battle or card effects this turn,
44644529,Dual Avatar Ascendance,1,7c,false,false,false,7c: Brings an Extra Deck monster out without its materials.,"7c: Special Summon 1 ""Dual Avatar"" monster from your Deck or Extra Deck",
49158617,Dual Avatar Defeating Evil,1,5,false,false,false,5: Can draw a card.,5: Draw 1 card.,
7631534,Dual Avatar Feet - Armored Un-Gyo,1,9a 10,false,false,false,9a: Destruction substitute against card effects. | 10: Negates a monster's effects.,"9a: you can destroy 1 ""Dual Avatar"" monster you control instead | 10: negate its effects until the end of this turn",
11759079,Dual Avatar Feet - Kokoku,1,7c,false,false,false,7c: Brings a Fusion Monster from Extra Deck without its materials.,"7c: Special Summon 1 ""Dual Avatar"" Fusion Monster from your Extra Deck",
49752795,Dual Avatar Return,1,7b,false,false,false,7b: Special Summons a monster from the GY.,"7b: Target 1 ""Dual Avatar"" monster in your GY; Special Summon it",
39973386,Duality,1,5 7c,false,false,false,7c: Extra Deck monster summoned without its materials. | 5: Draws a card.,7c: Special Summon 1 LIGHT or DARK monster from your hand or Extra Deck | 5: then draw 1 card,
11335209,"Duamutef, Blessing of Horus",1,5 7b,false,false,false,7b: Special Summons itself from the GY. | 5: Draws cards.,7b: you can Special Summon this card (from your GY) | 5: You can draw cards equal to the number of monsters with different names,
43803845,Duck Dummy,1,9a,false,false,false,9a: Effect destruction and targeting immunity.,9a: Cannot be destroyed by card effects. Neither player can target this card with card effects.,
54813225,Duck Fighter,1,7b,false,false,false,7b: Can Special Summon itself from the GY.,7b: If this card is in your hand or Graveyard,
5833312,Duel Academy,1,6a,false,false,false,6a: Inflicts damage without changing the board.,6a: You can inflict 1000 damage to your opponent,
43940008,Duel Tower,1,8,false,false,false,8: Destroys all cards.,8: destroy all cards on the field,
85154941,Duke Archfiend,1,7b,false,false,false,7b: Special Summons itself from the GY.,7b: while this card is in your GY: You can Special Summon this card,
13532663,Dummy Golem,1,7a,false,false,false,7a: Takes control of an opponent's monster.,7a: Switch control of the selected monster and this card,
43017476,Duoterion,1,7b,false,false,false,7b: Special Summons a monster from the GY.,7b: in your GY; Special Summon it,
31476755,Dust Barrier,1,9a,false,false,false,9a: Grants Normal Monsters partial unaffected-protection against opponent's Spells.,9a: unaffected by your opponent's Spell Cards,
38049934,Dustflame Blast,1,8,false,false,false,8: Can destroy multiple opponent cards.,8: destroy any number of cards on the field,
75780818,Dyna Tank,1,7b,false,false,false,7b: Special Summons from the GY.,7b: Special Summon 1 Dinosaur monster from your GY,
7409792,Dynatherium,1,7b,true,false,false,"7b: Revival from GY, even onto the opponent's field.",7b: they Special Summon that target to their side of the field,"The revival benefits the opponent, a drawback."
52085072,Dystopia the Despondent,1,7b 9a 9b,false,false,false,9a: Unaffected. | 9b: Battle protection. | 7b: Can summon itself from GY.,9a: this card is unaffected by other cards' effects | 9b: it cannot be destroyed by battle | 7b: Must be Special Summoned (from your hand or Graveyard),
17427333,E.M.R.,1,8,false,false,false,8: Can destroy multiple cards.,8: target 1 card on the field for every 1000 original ATK of the Tributed monster; destroy those cards,
9416697,"Eanoc, Sentry of the Ghoti",1,7b,false,false,false,7b: Special Summons from banishment.,7b: target 1 of your banished Level 4 or lower Fish monsters; Special Summon it,
58995660,Early Palm Gets the Win,1,9a 9b,false,false,false,9a: Grants partial unaffected/destruction protection. | 9b: Grants one-time battle destruction protection.,"9a: it is unaffected by activated Spell/Trap effects | 9b: The first time it would be destroyed by battle or card effect, it is not destroyed",
10875327,Earthbound Immortal Aslla piscu,1,8,false,false,false,8: Mass destruction.,8: Destroy as many face-up monsters your opponent controls as possible,
79798060,Earthbound Immortal Ccarayhua,1,8,false,false,false,8: Mass destruction.,8: Destroy all cards on the field.,
15187079,Earthbound Immortal Uru,1,7a,false,false,false,7a: Takes control of an opponent's monster.,"7a: take control of that target, until the End Phase",
71089030,Earthbound Prison,1,10,true,false,false,10: Negates effects.,10: negate the effects of that face-up Effect Monster,LP halving triggered by this card's destruction treated as byproduct; could be 6a.
84262395,Earthbound Release,1,8,false,false,false,8: Mass destruction.,8: destroy as many monsters your opponent controls as possible,"The damage comes from destruction, so it is a byproduct."
29934351,Earthbound Wave,1,10,false,false,false,10: Negates Spell/Trap activation.,10: Negate the activation,
96907086,Earthbound Whirlwind,1,8,false,false,false,8: Destroys all opponent Spells/Traps.,8: Destroy all Spell and Trap Cards your opponent controls,
94384774,Ebisu Shinsen Matsuri,1,8,true,false,false,8: Can destroy multiple opponent Tokens.,8: destroy both this card and as many Tokens on the field as possible,Tokens on the opponent's field are mostly given by this card itself.
46128076,Ebon Magician Curran,1,6a,false,false,false,6a: Burn based on counting.,6a: inflict 300 damage to your opponent for each monster they control,
38798785,Echelon of the Fire Kings,1,7b,false,false,false,7b: summons from GY,"7b: 1 each from your hand, Deck, and GY",
4192696,"Eco, Mystical Spirit of the Forest",1,6a,false,false,false,6a: Reflects effect damage.,6a: inflict damage to your opponent equal to the damage you took,
97342942,Ectoplasmer,1,6a,true,false,false,"6a: Damage triggered by a Tribute, not destruction/summon/battle.",6a: inflict damage to their opponent equal to half the original ATK of the Tributed monster,Forced Tribute each End Phase for both players could also be read as a floodgate by compulsion.
16734927,Ectoplasmic Fortification,1,5,false,false,false,5: Draws cards.,"5: you can draw cards equal to the number of ""Call of the Haunted"" you control",
30068120,Edge Imp Sabres,1,7b,false,false,false,7b: Special Summons itself from the GY.,7b: Special Summon this card in Defense Position,
34688023,Edge Imp Saw,1,5,false,false,false,5: Draws cards.,5: draw 2 cards,
29280589,Edge Imp Scythe,1,9a 9b,true,false,false,9a: Destruction substitute vs card effects (ruling 6). | 9b: Destruction substitute vs battle (ruling 6).,9a: you can banish this card from your GY instead | 9b: would be destroyed by battle or card effect,Fusion Summon from hand in opponent's Main Phase sends own cards as material; unclear if rule 4 (ruling 16) applies.
97567736,Edge Imp Tomahawk,1,6a,false,false,false,6a: Burn without changing the field state.,6a: inflict 800 damage to your opponent,
85636437,Edge of the Ring,1,6a,false,false,false,6a: Inflicts effect damage without changing the field.,6a: inflict damage to your opponent equal to half of the original ATK,
42166000,Egyptian God Slime,1,9a 9b,false,false,false,9b: Battle protection. | 9a: Grants targeting protection.,"9b: Cannot be destroyed by battle. | 9a: your opponent cannot target with card effects, any monsters you control",
101403073,"Egyptian God Slime, Protector of the Sun God",1,9a,false,false,false,9a: Self-protection against effect destruction.,9a: Cannot be destroyed by card effects.,
31596518,Eidos the Underworld Monarch,1,7b,false,false,false,7b: Can Special Summon itself from the GY.,7b: You can add this card to your hand or Special Summon it,
59463312,Eidos the Underworld Squire,1,7b,false,false,false,7b: Revives a monster from the GY.,7b: Special Summon it in Defense Position,
92379223,El Dorado Adelantado,1,6a 8,false,false,false,8: Mass destruction. | 6a: Halving LP counts as damage.,8: destroy all cards on the field | 6a: halve your opponent's LP,
50907446,El Shaddoll Apkallone,1,9b 10,false,false,false,9b: Battle destruction protection. | 10: Negates effects.,9b: Cannot be destroyed by battle | 10: negate its effects,
48424886,El Shaddoll Grysta,1,10,false,false,false,10: Negates a Summon.,10: You can negate the Summon,
32467459,El Shaddoll Meshahrail,1,7b 9a,false,false,false,9a: Self unaffected-protection. | 7b: Revives a monster from the GY.,"9a: Unaffected by your opponent's activated Spell/Trap effects | 7b: Special Summon 1 ""Shaddoll"" monster from your GY",
74822425,El Shaddoll Shekhinaga,1,10,false,false,false,10: Negates a monster effect activation.,10: negate the activation,
94977269,El Shaddoll Winda,1,3.2 9a,false,false,false,9a: Effect-destruction immunity. | 3.2: Summon lock on a monster that can be destroyed by battle.,9a: Cannot be destroyed by an opponent's card effects | 3.2: Each player can only Special Summon monster(s) once per turn while this card is face-up on the field,
95440946,Eldlich the Golden Lord,1,9a,false,false,false,9a: Grants effect-destruction immunity to a summoned Zombie.,9a: cannot be destroyed by card effects,
74889525,Eldlich the Mad Golden Lord,1,7a 9a 9b,false,false,false,9a: Effect-destruction immunity. | 9b: Battle-destruction immunity. | 7a: Takes control of an opponent's monster.,9a: Cannot be destroyed by battle or card effects | 9b: Cannot be destroyed by battle or card effects | 7a: take control of it,
20612097,Eldlixir of Scarlet Sanguine,1,7b,false,false,false,7b: Special Summons from the GY.,7b: Special Summon 1 Zombie monster from your Deck or GY,
94224458,Eldlixir of White Destiny,1,7b,false,false,false,7b: Can Special Summon from the GY.,7b: Special Summon 1 Zombie monster from your hand or GY,
95824983,Electric Jellyfish,1,10,false,false,false,10: Negates opponent's effects.,10: You can negate that effect,
11324436,Electric Snake,1,5,false,false,false,5: Draws 2 cards.,5: draw 2 cards from your Deck,
24725825,Electric Virus,1,7a,false,false,false,7a: Takes control of an opponent's monster.,7a: take control of that target until the End Phase,
58680635,Electrode Beast Anion,1,5,false,false,false,5: Draws a card.,5: draw 1 card,
7914843,Electromagnetic Bagworm,1,7a,false,false,false,7a: Takes control of an opponent's monster.,7a: take control of that target,
79514956,Elegy the Melodious Diva,1,9a,false,false,false,9a: Grants effect-destruction protection.,9a: cannot be destroyed by card effects,
23118924,Element Doom,1,10,false,false,false,10: Negates effects of monsters it destroys.,10: Negate the effect of an Effect Monster that this card destroyed by battle,
92755808,Element Saurus,1,10,false,false,false,10: Negates effects.,10: Negate the effects of Effect Monsters destroyed by battle,
66712593,Element Soldier,1,10,false,false,false,10: Negates effects of monsters it destroys.,10: Negate the effect of an Effect Monster that this card destroyed by battle,
94253609,Elemental Absorber,1,3.3,false,false,false,3.3: Continuous attack lock limited by Attribute.,3.3: Your opponent's monsters that have the same Attribute as the monster removed by this effect cannot declare an attack,
61411502,Elemental Burst,1,8,false,false,false,8: destroys all opponent's cards,8: Destroy all cards on your opponent's side of the field,
79979666,Elemental HERO Bubbleman,1,5,false,false,false,5: Draws cards.,5: You can draw 2 cards,
17032740,Elemental HERO Chaos Neos,1,10,false,false,false,10: Negates opponent monster effects.,10: the effects of all face-up monsters your opponent controls are negated,
8593259,Elemental HERO Clay Guardian,1,9a 9b,true,false,false,9a: Grants effect indestructibility. | 9b: Grants battle indestructibility.,9a: cannot be destroyed by battle or card effects | 9b: cannot be destroyed by battle or card effects,"The count-based 400 damage follows its summon; treated as byproduct, but could be 6a."
95486586,Elemental HERO Core,1,6b 7b,false,false,false,6b: Doubles ATK. | 7b: Revives from GY.,6b: make this card's ATK become double its current ATK | 7b: Fusion Monster in your Graveyard; Special Summon it,
28677304,Elemental HERO Dark Neos,1,10,false,false,false,10: Negates a monster's effect.,10: that target's effect on the field is negated,
93347961,Elemental HERO Flame Wingman - Infernal Rage,1,7c,false,false,false,7c: summons an Extra Deck monster without its materials,"7c: Special Summon 1 Level 7 or lower ""Elemental HERO"" monster from your Deck or Extra Deck that cannot be Normal Summoned/Set, ignoring its Summoning conditions",
36841733,Elemental HERO Grandmerge,1,7c,false,false,false,7c: Brings an Extra Deck monster without its materials.,"7c: Special Summon 1 ""Elemental HERO"" Fusion Monster from your Extra Deck, ignoring its Summoning conditions",
95362816,Elemental HERO Lady Heat,1,6a,false,false,false,6a: Burn without changing the field.,"6a: Inflict 200 damage to your opponent for each face-up ""Elemental HERO"" monster you control",
59392529,Elemental HERO Liquid Soldier,1,5 7b,false,false,false,7b: Revives a HERO from the GY. | 5: Draw effect.,"7b: Special Summon it | 5: You can draw 2 cards, then discard 1 card",
40080312,Elemental HERO Nebula Neos,1,5 10,false,false,false,5: Draws cards. | 10: Negates effects.,5: Draw cards equal to the number of cards your opponent controls | 10: negate the effects of 1 face-up card on the field,Rule 8 not applied: Extra Deck monster.
81003500,Elemental HERO Necroid Shaman,1,7b,false,false,false,7b: Summons a monster from a GY.,7b: Special Summon 1 monster from your opponent's Graveyard,
1945387,Elemental HERO Nova Master,1,5,false,false,false,5: Draws a card.,5: Draw 1 card,
56733747,Elemental HERO Shining Neos Wingman,1,9a,false,false,false,9a: Self protection.,9a: cannot be destroyed by card effects,Mass destruction ignored: Extra Deck monster.
45195443,Elemental HERO Solid Soldier,1,7b,false,false,false,7b: Special Summons a HERO from the GY.,7b: Special Summon it in Defense Position,
40044918,Elemental HERO Stratos,1,8,false,false,false,8: Can destroy multiple opponent cards.,"8: Destroy Spells/Traps on the field, up to the number of ""HERO"" monsters you control",
19222426,Elemental HERO Thunder Giant - Voltic Thunder,1,7b,false,false,false,7b: Special Summons a monster from the GY.,"7b: target 1 ""Elemental HERO"" monster in your GY; Special Summon it",Destroy-all effect not counted for rule 8 because it is an Extra Deck monster.
9327502,Elemental HERO Voltic,1,7b,false,false,false,7b: Special Summons a monster from banishment.,"7b: target 1 of your banished ""Elemental HERO"" monsters; Special Summon that target",
86188410,Elemental HERO Wildheart,1,9a,false,false,false,9a: Partial unaffected protection.,9a: This card is unaffected by Trap effects,
50208444,Elemental Saga Doriado,1,7b,false,false,false,7b: Special Summons a monster from the GY.,7b: target 1 monster in your GY; Special Summon both it and this card,
83032858,Elementsaber Aina,1,7b,false,false,false,7b: Special Summons a monster from the GY.,"7b: in your GY; Special Summon it, ignoring its Summoning conditions",
18214905,Elementsaber Lapauila,1,10,false,false,false,10: Negates a Spell/Trap activation.,10: negate the activation,
71797713,Elementsaber Lapauila Mana,1,9a 9b,false,false,false,9a: Grants effect protection and untargetability. | 9b: Grants battle protection.,9a: Cannot be destroyed by effects | 9b: Cannot be destroyed by battle,
12160911,Elephant Statue of Disaster,1,6a,false,false,false,6a: Damage triggered by being sent to GY is primary (ruling 20).,6a: Inflict 2000 damage to your opponent,
80621422,Emblem of the Plunder Patroll,1,7c 9a,false,false,false,9a: Grants untargetability. | 7c: Brings an Extra Deck monster out without its materials.,"9a: your opponent cannot target it with card effects | 7c: Special Summon 1 ""Plunder Patroll"" monster from your Extra Deck",
59069885,Embrace of the Tistina,1,7a,false,false,false,7a: Takes control of an opponent's monster.,7a: take control of that monster,
43633088,Emergency Apport,1,7b,false,false,false,7b: Special Summons from GY or banishment.,7b: that is banished or in your GY; Special Summon it,
24019261,Emergency Assistance,1,7b,false,false,false,7b: Special Summons from the GY.,7b: Special Summon 1 Level 4 monster from your Graveyard,
70628672,Emergeroid Call,1,10,false,false,false,10: Negates an activation.,10: Negate the activation,
53136004,Emperor of Prophecy,1,7a,false,false,false,7a: Takes control of an opponent's monster.,7a: take control of that target until the End Phase,
9409625,Empty Machine,1,5,false,false,false,5: Draws a card.,5: Discard 1 Level 10 monster; draw 1 card,"Self-protection is for a Trap, not a monster; not rule 9."
10186633,EN Shuffle,1,5,false,false,false,5: Draws a card.,5: then draw 1 card,
89058026,EN Wave,1,7b,false,false,false,7b: Revives from GY.,"7b: Special Summon 1 ""Elemental HERO"" monster from your GY",
53442500,End of the Line,1,5,false,false,false,5: Draws cards.,5: Draw 2 cards,
34041788,Endymion Empire,1,9a 9b,false,false,false,9a: Destruction substitute against effects. | 9b: Destruction substitute against battle.,"9a: would be destroyed by battle or card effect, you can destroy 1 ""Regulus, the Prince of Endymion"" in your hand or face-up Monster Zone instead | 9b: would be destroyed by battle or card effect, you can destroy 1 ""Regulus, the Prince of Endymion"" in your hand or face-up Monster Zone instead",
9482987,"Endymion, the Magistus of Mastery",1,5,false,false,false,5: Draw with a cost is still draw.,"5: draw 1 card, then place 1 card from your hand on the bottom of the Deck",
40732515,"Endymion, the Master Magician",1,7b,false,false,false,7b: Can summon itself from GY.,7b: Special Summon this card (from your hand or GY),
98045062,Enemy Controller,1,7a,false,false,false,7a: Takes control of an opponent's monster.,7a: take control of that target until the End Phase,
72631243,Energy Bravery,1,9a,false,false,false,9a: Grants effect indestructibility.,9a: cannot be destroyed by card effects,
57006589,Energy-Absorbing Monolith,1,10,true,false,false,10: Negates damage.,10: That damage is negated,Negating damage may not be what rule 10 targets.
46186135,Enlightenment Dragon,1,7b,false,false,false,7b: Special Summons monsters from banishment.,7b: then you can Special Summon both,Mass banish ignored: rule 8 does not apply to Extra Deck monsters.
32120116,Enma's Judgment,1,8,false,false,false,8: Can destroy several summoned opponent monsters.,8: When your opponent Special Summons a monster(s): Destroy it,
80015408,Enneacraft Reverth,1,5,false,false,false,5: Draws cards.,5: draw cards equal to the number shuffled,
52566270,Epsilon The Magnet Warrior,1,7b,false,false,false,7b: Special Summons a monster from the GY.,"7b: Special Summon 1 ""Magnet Warrior"" or ""Magna Warrior"" monster from your GY",
94716515,Eradicating Aerosol,1,8,false,false,false,8: Can destroy multiple opponent monsters.,8: Destroy all Insect monsters on the field.,
54974237,Eradicator Epidemic Virus,1,8,false,false,false,8: Destroys all opponent Spells or Traps.,8: destroy all cards of that declared type,
74364659,Eria the Water Charmer,1,7a,false,false,false,7a: Takes control of an opponent's monster.,7a: take control of that target,
7407724,Erica the Rikka Fairy,1,7b,false,false,false,7b: Special Summons itself from the GY.,7b: while this card is in your GY (except during the Damage Step): You can Special Summon this card,
31550470,Escape from the Dark Dimension,1,7b,false,false,false,7b: Special Summons a banished monster.,7b: Target 1 of your banished DARK monsters; Special Summon that target,
45283341,Eternal Bond,1,7a 7b,false,false,false,7b: Special Summons from the GY. | 7a: Takes control of an opponent's monster.,"7b: Target any number of ""Photon"" monsters in your GY; Special Summon them | 7a: take control of it",
56606928,Eternal Drought,1,8,false,false,false,8: Mass destruction potential.,8: Destroy all face-up Fish-Type monsters on the field,
87532344,Eternal Favorite,1,7b 8,false,false,false,7b: Revives from GY/banishment. | 8: Can use several opponent monsters as material.,"7b: Special Summon 1 of your ""Yubel"" monsters that is banished or in your GY | 8: using monsters from either field as material",
95051344,Eternal Rest,1,8,false,false,false,8: Can destroy multiple opponent monsters.,8: Destroy all monsters equipped with Equip Cards.,
48680970,Eternal Soul,1,7b 9a,false,false,false,9a: Grants unaffected status. | 7b: Revives from the GY.,"9a: unaffected by your opponent's card effects | 7b: Special Summon 1 ""Dark Magician"" from your hand or GY",
37042505,Everlasting Alloy,1,9a 10,false,false,false,9a: Grants protection from destruction by effects. | 10: Negates an effect.,9a: cannot be destroyed by your opponent's card effects | 10: Negate that effect,
71203602,Evigishki Levianima,1,5,false,false,false,5: Draws a card when it declares an attack.,5: Draw 1 card,
88926295,Evigishki Neremanas,1,7b 9b 10,false,false,false,7b: Special Summons from GY. | 9b: Partial battle protection. | 10: Negates monster effect activation.,7b: target 1 WATER monster in your GY; Special Summon it | 9b: Cannot be destroyed by battle with a monster Special Summoned from the Extra Deck | 10: negate the activation,
15684835,Evil Blast,1,6a,false,false,false,6a: Burn damage each Standby Phase without changing the field.,"6a: During each of your opponent's Standby Phases, inflict 500 damage to your opponent.",
100459013,Evil Dragon Cards - Earth Dragon,1,9a 9b 10,false,false,false,10: Negates a monster effect. | 9a: Protection from effect destruction. | 9b: Protection from battle destruction.,10: You can negate that effect | 9a: cannot be destroyed by battle or card effects this turn | 9b: cannot be destroyed by battle or card effects this turn,
100459014,Evil Dragon Cards - Metal Dragon,1,5,false,false,false,5: Draws a card.,5: you can draw 1 card,
17616743,Evil Eye Awakening,1,7b,false,false,false,7b: Can revive from GY.,"7b: Special Summon 1 ""Evil Eye"" monster from your hand or GY",
6494106,Evil Eye Defeat,1,8,false,false,false,8: Can bounce 2 cards.,8: or up to 2 instead,
42899204,Evil Eye Mesmerism,1,7a,false,false,false,7a: Takes control of an opponent's monster.,7a: take control of that monster,
44133040,Evil Eye of Selene,1,9a 9b,false,false,false,9a: Effect destruction and targeting immunity. | 9b: Battle destruction immunity.,9a: your opponent cannot target it with card effects | 9b: It cannot be destroyed by battle,
79400597,Evil Eye Repose,1,5,false,false,false,5: Draws a card.,5: draw 1 card,
79383919,Evil Eye Retribution,1,10,false,false,false,10: Negates a Spell/Trap activation.,10: Negate the activation,
86282581,Evil HERO Darkest Knight,1,7b,false,false,false,7b: Special Summons a monster from the GY.,7b: Fiend or Warrior monster in your GY; Special Summon it,
95943058,Evil HERO Infernal Gainer,1,7b,false,false,false,7b: Returns itself from banishment to the field.,7b: Special Summon this card in Attack Position,
50304345,Evil HERO Infernal Prodigy,1,5,false,false,false,5: Draws a card.,5: Draw 1 card,
50282757,Evil HERO Infernal Sniper,1,6a 9a,false,false,false,6a: Standby burn. | 9a: Partial effect-destruction protection.,6a: Inflict 1000 damage to your opponent | 9a: This card cannot be destroyed by Spell Cards,
86165817,Evil HERO Malicious Bane,1,9a 9b,false,false,false,9a: Self protection from effects. | 9b: Self battle protection.,9a: Cannot be destroyed by battle or card effects | 9b: Cannot be destroyed by battle,Its mass destroy is not a rule 8 hit because it is an Extra Deck monster.
13708888,Evil HERO Neos Lord,1,7a 9a 9b,false,false,false,9a: Self effect-destruction protection. | 9b: Self battle protection. | 7a: Takes control of an opponent's monster.,9a: Cannot be destroyed by battle or card effects | 9b: Cannot be destroyed by battle | 7a: take control of it,
3598351,Evil HERO Toxic Bubble,1,5,false,false,false,5: Draws cards.,5: You can draw 2 cards,
35095329,Evil HERO Vicious Claws,1,7b,false,false,false,7b: Special Summons itself from the GY.,7b: while this card is in your GY: You can Special Summon this card,
73320394,Evil Lord - Zorc,1,7a 7b,false,false,false,7a: Takes control of an opponent's monster. | 7b: Special Summons itself from the GY.,7a: Take control of | 7b: Special Summon this card from your GY,
18438874,Evil Mind,1,5,false,false,false,5: Draws a card.,5: Draw 1 card.,
85431040,Evil Thorn,1,6a,false,false,false,6a: Damage paid for by tributing itself as cost.,6a: inflict 300 damage to your opponent,
34365442,Evil★Twin GG EZ,1,10,false,false,false,"10: Negates a destruction effect, once per turn.",10: You can negate that effect,
60759087,Evil★Twin Present,1,7a,false,false,false,7a: takes control of an opponent's monster,7a: switch control of those monsters,
77841719,Evilswarm Coppelia,1,7a,false,false,false,7a: Takes control of an opponent's monster.,7a: take control of that target,
78663366,Evilswarm Thunderbird,1,7b,false,false,false,7b: Returns itself from banishment to the field (ruling 1).,7b: return this card banished by this effect to the field,
34026662,Evo-Miracle,1,9a 9b,false,false,false,9a: Grants effect-destruction protection. | 9b: Grants battle-destruction protection.,9a: cannot be destroyed by battle or by card effects | 9b: cannot be destroyed by battle or by card effects,
16146511,Evocator Eveque,1,7b,false,false,false,7b: Special Summons a monster from the GY.,"7b: 1 Gemini monster in your GY, except ""Evocator Eveque""; Special Summon it",
54266211,Evolsaur Vulcano,1,7b,false,false,false,7b: Special Summons a monster from the GY.,"7b: target 1 ""Evolsaur"" monster in your Graveyard; Special Summon that target",
91903221,Evoltile Elginero,1,5,false,false,false,5: Draws a card.,5: Draw 1 card,
55488859,Evoltile Gephyro,1,7b,false,false,false,7b: Special Summons a monster from the GY.,"7b: ""Evolsaur"" monster in your Graveyard; Special Summon that target",
89776023,Evoltile Pholis,1,7b 9a 9b,false,false,false,9a: Destruction substitute against card effects. | 9b: Destruction substitute against battle. | 7b: Special Summons a monster from the GY.,"9a: would be destroyed by battle or card effect, you can Tribute 1 Reptile or Dinosaur monster you control instead | 9b: would be destroyed by battle or card effect, you can Tribute 1 Reptile or Dinosaur monster you control instead | 7b: Special Summon 1 ""Evoltile"" monster from your hand or GY",
93504463,Evolutionary Bridge,1,7b,false,false,false,7b: Revives from GY.,"7b: Target 1 ""Evoltile"" monster in your Graveyard; Special Summon that target",
1595137,Evolved Daneen,1,7b,false,false,false,7b: Special Summons itself from the GY.,7b: GY: Special Summon this card.,
53180020,"Exa, Enforcer of the Nekroz",1,7b,false,false,false,7b: Special Summons a banished monster.,"7b: target 1 of your banished ""Nekroz"" monsters, except this card; Special Summon that monster",
52782439,Exceptional Schedule,1,7b,false,false,false,7b: Special Summons a monster from GY or banishment.,7b: target 1 Level 10 Machine monster in your GY or banishment,
25209168,Exchange of Despair and Hope,1,7b 8,false,false,false,8: Can send multiple opponent monsters to the GY. | 7b: Special Summons monsters from a GY.,8: Send as many monsters from the field to the GY as possible | 7b: Special Summon monsters from their opponent's GY to their own field,
26725158,Exile of the Wicked,1,8,false,false,false,8: Mass destruction.,8: Destroy all Fiend monsters on the field.,
12600382,Exodia Necross,1,9a 9b,false,false,false,9b: Battle protection. | 9a: Partial effect-destruction protection.,9b: Cannot be destroyed by battle | 9a: or Spell/Trap effect,
84125619,Expendable Dai,1,5,false,false,false,5: Draws a card.,5: draw 1 card,
52140003,Explosive Urchin,1,6a,false,false,false,6a: Burns each Standby Phase without changing the field.,6a: Inflict 1000 damage to your opponent,
68456353,Exterio's Fang,1,10,false,false,false,10: Negates a Spell/Trap activation.,10: Negate the activation,
95676943,Extinction on Schedule,1,8,false,false,false,8: Sends all opponent's cards to the GY.,8: send all cards they control to the Graveyard,
94937430,Extra Buck,1,5,false,false,false,5: Draws cards.,5: draw 2 cards,
32391566,Extra Veiler,1,6a,false,false,false,6a: Redirects damage to the opponent (ruling 22).,"6a: your opponent takes any effect damage you would have taken from their card effects this turn, instead",Not rule 4: redirecting damage does not prevent an action (ruling 15).
38383368,Extraceratops,1,5 7b,false,false,false,7b: summons itself from the GY | 5: draws a card,7b: while this card is in the GY: You can Special Summon this card | 5: Draw 1 card,
23617756,Exxod Fires of Rage,1,8,false,false,false,8: Destroys all opponent cards.,8: Destroy all cards your opponent controls,
23446369,Eye of Illusion,1,7a 9b,false,false,false,9b: Grants battle indestructibility. | 7a: Takes control of an opponent's monster.,9b: cannot be destroyed by battle this turn | 7a: take control of it until the End Phase,
39271553,F.A. Auto Navigator,1,7b,false,false,false,7b: Can Special Summon itself from the GY.,7b: If this card is in your hand or GY,
39838559,F.A. Circuit Grand Prix,1,5,false,false,false,5: Draws a card.,5: You can draw 1 card,
1061200,F.A. City Grand Prix,1,9a,false,false,false,9a: Grants untargetability.,"9a: Your opponent cannot target ""F.A."" monsters you control with card effects",
93449450,F.A. Hang On Mach,1,3.2 9a,false,false,false,9a: Partial unaffected protection. | 3.2: Continuous zone-movement lock on an attackable monster.,9a: Unaffected by activated effects from an opponent's monster | 3.2: any card sent to your opponent's GY is banished instead,
38532954,F.A. Pit Stop,1,5 7b,false,false,false,5: draws cards | 7b: summons from GY,"5: draw cards equal to the number of ""F.A. Pit Stop"" in your GY +1 | 7b: target 1 ""F.A."" monster in your GY; Special Summon it",
75059201,F.A. Turbo Charger,1,3.2 9a,true,false,false,9a: Partial untargetability for your other monsters. | 3.2: Situational activation lock on an attackable monster.,"9a: Your opponent cannot target monsters, except this one, with the effects of monsters | 3.2: your opponent's monsters cannot activate their effects until the end of the Damage Step",Targeting restriction by Level could also be read as floodgate 3.3.
28270534,FA.I.ghting Spirit,1,7b 9a 9b,false,false,false,7b: Special Summons from the GY. | 9a: Substitutes for destruction by card effect. | 9b: Grants battle protection.,"7b: Target 1 ""@Ignister"" monster in your GY; Special Summon it. | 9a: you can banish this card from your GY instead | 9b: cannot be destroyed by battle this turn",
86840720,Fabled Dyf,1,7b,false,false,false,7b: Special Summons a monster from the GY.,7b: target 1 of those monsters; Special Summon it,
19439119,Fabled Krus,1,7b,false,false,false,7b: Special Summons a monster from the GY.,"7b: ""Fabled"" monster in your GY; Special Summon that target",
97651498,Fabled Lurrie,1,7b,false,false,false,7b: Special Summons itself from the GY after being discarded.,7b: If this card is discarded to the GY: Special Summon it.,
72328962,Fabled Soulkius,1,7b,false,false,false,7b: Summons itself from the GY.,7b: Special Summon this card,
46833854,Fabled Topi,1,8,false,false,false,8: Destroys 2 opponent cards.,8: target 2 Spell/Trap Cards your opponent controls; destroy those targets,
55766177,Fabled Treason,1,7b,false,false,false,7b: Special Summons from GY.,7b: Special Summon that monster from your GY,
29062925,Face Card Fusion,1,7d,false,false,false,7d: Uses Fusion Material from the Deck.,7d: you can use 1 monster from your Deck as Fusion Material,
39276790,Face-Off,1,10,false,false,false,10: Negates activations.,10: Negate the activation,
48742406,Fairy Archer,1,6a,false,false,false,6a: Burn without changing the field.,6a: inflict 400 damage to your opponent for each face-up LIGHT monster you control,
44451698,Fairy Archer Ingunar,1,7b,false,false,false,7b: Special Summons from the GY.,7b: target 1 Level 6 or higher Plant monster in your GY; Special Summon it,
19144622,Fairy Tail - Matchgiru,1,7b,false,false,false,7b: Special Summons itself from the GY.,7b: You can Special Summon this card from your hand or GY,
42921475,Fairy Tail - Sleeper,1,10,false,false,false,10: Rewrites an effect.,10: the activated effect becomes,
55623480,Fairy Tail - Snow,1,7b,false,false,false,7b: Special Summons itself from GY.,7b: Special Summon this card,
56725612,Fairy Tail Ball,1,10,false,false,false,10: Negates a monster's effects.,10: negate its effects,
73507661,Fairy Wind,1,8,false,false,false,8: Mass Spell/Trap destruction.,8: Destroy as many face-up Spell/Trap Cards on the field as possible,
86038337,"Faisan, Hunting Scout of the Deep Forest",1,7b 9a 9b,false,false,false,9a: Self unaffected. | 7b: Special Summons from the GY. | 9b: Grants battle protection.,9a: Unaffected by your opponent's activated effects | 7b: Special Summon 2 EARTH Warrior monsters from your GY | 9b: cannot be destroyed by battle,
41234315,Fake Explosion,1,7b 9b,false,false,false,9b: Makes monsters indestructible by battle. | 7b: Special Summons from the GY.,"9b: Monsters cannot be destroyed by this battle | 7b: Special Summon 1 ""Summon Reactor・SK"" from your hand or Graveyard",
86170989,Falchion Beta,1,7b,false,false,false,7b: Special Summons a monster from the GY.,7b: in your Graveyard; Special Summon that target,
93023136,Fallen Angel in Darkness,1,7b,false,false,false,7b: Can Special Summon a monster from banishment.,"7b: from your hand, Deck, or banishment",
43143567,Fallen Angel of the Golden Land,1,7b 7c,false,false,false,7c: Can be summoned without its listed Fusion Materials. | 7b: Special Summons from the GY.,"7c: Special Summoned (from your Extra Deck) by Tributing 1 LIGHT Zombie monster | 7b: Special Summon 1 ""Eldlich"" monster from your Deck, Extra Deck, or GY",
68468459,Fallen of Albaz,1,8,true,false,false,8: Can use several opponent monsters as Fusion Material.,8: using monsters on either field as Fusion Material,Whether more than 1 opponent monster can be used depends on the Fusion Monster's material count.
87498729,Fallen of the Tistina,1,7b,false,false,false,7b: Can Special Summon a monster from the GY.,"7b: Special Summon 1 LIGHT ""Tistina"" monster from your hand, Deck, or GY",
13301895,Fallen Paradise,1,5 9a,false,false,false,9a: Grants untargetability and effect-destruction protection. | 5: Draws cards.,9a: Your opponent cannot target | 5: You can draw 2 cards,
90312154,Fallen Sanctuary,1,10,false,false,false,10: Negates a monster's effects.,10: negate its effects,
32919136,Falling Down,1,7a,false,false,false,7a: Takes control of an opponent's monster.,7a: Take control of it,
64400161,"Fandora, the Flying Furtress",1,8,false,false,false,8: Destroys all opponent cards.,8: destroy all cards your opponent controls,
79176962,Fantastic Striborg,1,8,false,false,false,8: Can bounce multiple opponent cards in a column.,8: return all cards your opponent controls in this card's column to the hand,
32785578,Farewelcome Labrynth,1,10,false,false,false,10: Negates an attack.,10: negate the attack,
36553319,"Farfa, Malebranche of the Burning Abyss",1,7b,false,false,false,7b: Temporarily banished monster returns to the field (ruling 27).,7b: banish it until the End Phase,
41763141,Fata Dragna,1,7c 9a,false,false,false,9a: Grants targeting protection. | 7c: Summons from the Extra Deck without material.,9a: Your opponent cannot target Fusion Monsters you control with card effects | 7c: You can Special Summon 1 Fusion Monster from your Extra Deck in Defense Position,
77910045,Fatal Abacus,1,6a,true,false,false,6a: Damage triggered by cards sent to GY is primary per ruling 20.,6a: inflict 500 points of damage per card,Could be read as floodgate punishing actions (ruling 4); affects both players' monsters regardless of cause.
786906,Fateful Hour,1,7b,false,false,false,7b: Special Summons a monster from either GY.,7b: in either GY; Special Summon it,
82970905,Father Grizzly,1,10,false,false,false,10: Negates a monster effect activation from the GY.,10: negate the activation,
11881272,Favorite Hero,1,9a,false,false,false,9a: Grants untargetability.,9a: your opponent cannot target it with card effects,
87758525,Favorite HERO Shining Flare Wingman,1,5,false,false,false,5: Draws cards.,5: then draw 2 cards,
34193084,Fear from the Dark,1,7b,false,false,false,7b: Special Summons itself from the GY.,7b: Special Summon this card,
55416843,Feast of the Wild LV5,1,7b,false,false,false,7b: Special Summons monsters from the GY.,7b: from your hand and/or Graveyard,
71060915,Feather Wind,1,10,false,false,false,10: Negates a Spell/Trap activation.,10: Negate the activation,
32271987,Featherizer,1,5,false,false,false,5: Draws a card.,5: draw 1 card,
50866755,Fenghuang,1,8,false,false,false,8: Destroys multiple opponent cards.,8: Destroy all Set Spell/Trap Cards your opponent controls,
35311929,Fengli the Soldrapom,1,7b 9a 9b,false,false,false,7b: Special Summons itself from the GY. | 9a: Destruction substitute against card effects. | 9b: Destruction substitute against battle.,"7b: You can Special Summon this card | 9a: if this card on the field would be destroyed by battle or card effect, you can send 1 Plant monster from your Deck to the GY instead | 9b: if this card on the field would be destroyed by battle or card effect, you can send 1 Plant monster from your Deck to the GY instead",
31044787,Ferret Flames,1,8,false,false,false,8: Can shuffle several opponent monsters away.,8: shuffle monsters they control into the Deck,
6696168,Festiballoon,1,8 9b,false,false,false,9b: Battle-destruction immunity. | 8: Destroys all other cards.,9b: neither can be destroyed by that battle | 8: destroy all other cards on the field,
78706415,Fiber Jar,1,5 8,false,false,false,5: Draws cards. | 8: Removes all opponent field cards.,"5: then draws 5 cards | 8: Each player shuffles all cards from their hand, field, and Graveyard into the Deck",
7153114,Field Barrier,1,3.3,false,false,false,3.3: Continuous lock on activating one card type.,3.3: Neither player can activate a new Field Spell Card,
100459016,Field Power Bonus,1,10,false,false,false,10: Negates monster effects.,10: Negate the effects of all face-up monsters,
66235877,Fiend Skull Dragon,1,10,false,false,false,10: Continuous negation.,10: Negate the effects of Flip Effect Monsters,
50078509,Fiendish Chain,1,10,false,false,false,10: Negates a monster's effects.,10: negate the effects of that face-up monster,
81035362,Fiendish Rhino Warrior,1,9a 9b,false,false,false,9a: Grants effect-destruction immunity. | 9b: Grants battle immunity.,9a: cannot be destroyed by battle or card effects | 9b: cannot be destroyed by battle or card effects,
60764609,Fiendsmith Engraver,1,7b,false,false,false,7b: Revives itself from the GY.,7b: Special Summon this card,
99989863,Fiendsmith in Paradise,1,8,false,false,false,8: Sends all other cards to the GY.,8: send all cards on the field to the GY that are not that monster,
46640168,Fiendsmith's Lacrima,1,6a 7b,false,false,false,7b: Summons from GY or banishment. | 6a: Burn triggered by being sent to GY is primary.,7b: add it to your hand or Special Summon it | 6a: inflict 1200 damage to your opponent,
27012717,Fierce Tiger Monghu,1,8,false,false,false,8: Mass destruction.,8: destroy all monsters on the field with less ATK than this card,
68054593,Fiery Fervor,1,6b,false,false,false,6b: Doubles ATK.,6b: becomes double the equipped monster's original ATK,
55428811,Fifth Hope,1,5,false,false,false,5: Draws cards.,5: then draw 2 cards,
85862791,Fighting Dirty,1,5,false,false,false,5: Draws cards.,5: Each player draws 2 cards,
35697544,Fighting Flame Sword,1,10,false,false,false,10: Negates an effect.,10: Negate that effect,
70538272,Filia Regis,1,7b,false,false,false,7b: Special Summons itself from the GY.,"7b: if this card is in your GY: You can return 1 Dragon monster you control to the hand or Extra Deck, and if you do, Special Summon this card",
36205132,"Filo, Messenger Fur Hire",1,7b,false,false,false,7b: Revives a monster from the GY.,"7b: You can target 1 monster ""Fur Hire"" in your GY; Special Summon it",
18591904,Final Destiny,1,8,false,false,false,8: Destroys all cards.,8: Destroy all cards on the field.,
73134082,Final Flame,1,6a,false,false,false,6a: Pure burn.,6a: Inflict 600 points of damage to your opponent's Life Points.,
89719143,Final Fusion,1,6a 10,false,false,false,10: Negates an attack. | 6a: Damage tied to negation.,10: negate the attack | 6a: each player takes damage equal to the combined ATK of both those Fusion Monsters,
16832845,Final Geas,1,7b,false,false,false,7b: Special Summons from banishment.,7b: Special Summon the 1 highest-Level Spellcaster-Type monster among those banished monsters,
23269426,Final Gesture,1,7b,false,false,false,7b: Can Special Summon a monster from the GY.,7b: from your hand or Graveyard,
51549976,Final Inzektion,1,8,false,false,false,8: Destroys all opponent's cards.,8: destroy all cards your opponent controls,
100459025,Final Journey of the Soul,1,7b 8 10,false,false,false,10: Negates an effect. | 7b: Special Summons from the GY. | 8: Sends several opponent monsters to the GY.,10: Negate that effect | 7b: Special Summon 1 monster from your opponent's GY to their field | 8: send any number of face-up monsters they control to the GY,
17956906,Final Light,1,7b,false,false,false,7b: Special Summons monsters from GY.,7b: Special Summon them,
51849482,"Finis Terrae, Tower of the Necroworld",1,9a,false,false,false,9a: Grants effect-destruction protection.,9a: that card cannot be destroyed by card effects this turn,
78275321,Fire Ant Ascator,1,7b,false,false,false,7b: Special Summons from the GY.,7b: target 1 Level 5 monster in your GY; Special Summon that target,
81109178,Fire Cracker,1,6a,false,false,false,6a: Burn without changing the field.,6a: inflict 1000 damage to your opponent,
43061293,Fire Darts,1,6a,false,false,false,6a: Pure burn damage.,6a: inflict damage to your opponent equal to the sum of the die rolls × 100,
11654067,Fire Ejection,1,6a,false,false,false,6a: Burn not tied to field change.,6a: Inflict damage to your opponent equal to its Level x 100,
42052439,Fire Flint Lady,1,9a,false,false,false,9a: Makes the summoned monster untargetable.,9a: your opponent cannot target it with card effects this turn,
93754402,Fire Formation - Domei,1,7b,false,false,false,7b: Revives from GY.,"7b: target 1 ""Fire Fist"" monster in your GY; Special Summon it",
70329348,Fire Formation - Tenken,1,9a,false,false,false,9a: Grants unaffected status.,9a: it is unaffected by the effects of cards other than this card,
66750703,Fire Fortress atop Liang Peak,1,7c,false,false,false,7c: Extra Deck monster without materials.,"7c: Special Summon 1 Beast-Warrior monster from your Deck or Extra Deck, ignoring its Summoning conditions",
18621798,Fire King Avatar Arvata,1,7b 10,false,false,false,10: Negates monster effect activations. | 7b: Special Summons from the GY.,"10: You can negate the activation | 7b: target 1 FIRE Beast, Beast-Warrior, or Winged Beast monster in your GY, except ""Fire King Avatar Arvata""; Special Summon it",
38910263,Fire King Avatar Rangbali,1,10,false,false,false,10: Negates activations.,10: You can negate the activation,
23015896,Fire King High Avatar Garunix,1,7b 8,false,false,false,7b: Revives itself from the GY. | 8: Destroys all other monsters.,7b: Special Summon this card from the Graveyard | 8: Destroy all other monsters on the field,
2526224,Fire King High Avatar Kirin,1,7b,false,false,false,7b: Special Summons from the GY.,7b: from your hand or GY,
91703676,Fire King Sky Burn,1,8 9a,false,false,false,8: Can destroy multiple opponent cards. | 9a: Destruction substitute against card effects (ruling 6).,"8: Target an equal number of ""Fire King"" monsters you control and cards your opponent controls; destroy them | 9a: If a ""Fire King"" card(s) you control would be destroyed by card effect, you can banish this card from your GY instead",
36006208,Fire Lake of the Burning Abyss,1,8,false,false,false,8: Destroys up to 3 cards.,8: target up to 3 cards on the field; destroy those targets,
42516299,Fire Recovery,1,5 7b,false,false,false,7b: Revives from the GY. | 5: Draws a card.,7b: Special Summon the targeted monster | 5: then draw 1 card,
27132350,Fire Sorcerer,1,6a,false,false,false,"6a: Effect damage whose cost comes from the hand, not the field.",6a: inflict 800 points of damage to your opponent's Life Points,
53927679,Fire Trooper,1,6a,false,false,false,6a: Burn damage with only a self cost.,6a: send it to the Graveyard to inflict 1000 damage to your opponent,
13846680,Firestorm Prominence,1,8,false,false,false,8: Destroys multiple monsters.,8: destroy all face-down and non-FIRE monsters,
17151328,Firestorms Over Atlantis,1,5 7b,false,false,false,5: Draws a card. | 7b: Special Summons from the GY.,5: then you can draw 1 card | 7b: target 1 Level 7 or 8 WATER or FIRE monster in your GY; Special Summon it,
53466722,First of the Dragonlords,1,9a 9b,false,false,false,9b: Protected from battle destruction. | 9a: Unaffected by monster effects.,9b: Cannot be destroyed by battle | 9a: is unaffected by other monsters' effects,"Extra Deck monster, so rule 8 does not apply."
10817524,First of the Dragons,1,9a 9b,false,false,false,9a: Unaffected by monster effects. | 9b: Battle destruction protection.,9a: is unaffected by other monsters' effects | 9b: This card cannot be destroyed by battle,
19932396,First Step Towards Infestation,1,5,false,false,false,5: Draws a card.,5: draw 1 card,
33622465,First-Aid Squad,1,7b,false,false,false,7b: Special Summons itself from the GY as a monster.,7b: Special Summon this card from your Graveyard in Defense Position,
58873391,Fish Depth Charge,1,5,false,false,false,5: Draws a card.,5: draw 1 card,
62023839,Fishborg Archer,1,7b,false,false,false,7b: Revives itself from GY.,7b: Special Summon this card from your Graveyard,
51282878,Fishborg Planter,1,7b,false,false,false,7b: Revives itself from the GY.,7b: Special Summon this card from the GY,
49181828,Fist Armed Dragon,1,7b,false,false,false,7b: Special Summons itself from the GY.,"7b: destroy it, and if you do, Special Summon this card",
79868386,Fist of Fate,1,8 10,false,false,false,10: Negates monster effects. | 8: Can destroy multiple opponent cards.,10: Negate the effects of 1 Effect Monster your opponent controls | 8: Destroy all Spells and Traps your opponent controls.,
21834870,Fists of the Unrivaled Tenyi,1,10,false,false,false,10: Negates an activation.,10: Negate the activation,
70946699,Five Brothers Explosion,1,6a,true,false,false,6a: Damage triggered by being sent to GY.,6a: Inflict 500 damage to your opponent for each Continuous Spell/Trap Card in your Graveyard,Being sent to GY by effect could be destruction (byproduct).
6309986,Five Star Twilight,1,7b,false,false,false,7b: Can Special Summon monsters from the GY.,"7b: from your hand, Deck, and/or GY",
80794697,Flame Bufferlo,1,5,false,false,false,5: Draws cards.,5: draw 2 cards,
58098303,Flame Ogre,1,5,false,false,false,5: Draws a card when Normal Summoned.,5: draw 1 card,
8080257,Flame Swordsdance,1,7c,false,false,false,7c: Summons from the Extra Deck without material.,7c: Special Summon 1 Level 7 or lower Fusion Monster from your Extra Deck,
73714736,Flame Swordsrealm,1,3.3 7c,false,false,false,3.3: Continuous no-response lock limited by Attribute/Type. | 7c: Extra Deck summon without its listed materials.,"3.3: Your opponent cannot activate cards or effects when you Normal Summon a FIRE Warrior monster | 7c: send 1 monster from your hand or face-up field to the GY; Special Summon 1 ""Flame Swordsman"" from your Extra Deck",
66499018,Flame Tiger,1,7b,false,false,false,7b: Special Summons itself from the GY.,"7b: if this card is in your Graveyard and you control no monsters, instead of conducting your normal draw: You can Special Summon this card",
40189917,Flamvell Commando,1,6a,false,false,false,6a: Burn without changing the field.,6a: inflict damage to your opponent equal to that monster's ATK,
60718396,Flamvell Counter,1,10,false,false,false,10: Negates a Spell/Trap activation.,10: negate the activation,
39956951,Flash of the Forbidden Spell,1,8,false,false,false,8: Destroys all opponent monsters.,8: Destroy all monsters on your opponent's side of the field,
39730727,Flawless Perfection of the Tenyi,1,5 9a,false,false,false,9a: Grants unaffected status to monsters. | 5: Draws cards.,9a: All non-Effect Monsters on the field are unaffected by monster effects | 5: You can draw 2 cards,
44694191,Fleeting Phantom Mask Master,1,7b 9b,false,false,false,9b: Cannot be destroyed by battle. | 7b: Special Summons itself from the GY.,9b: neither can be destroyed by that battle | 7b: You can banish 1 Spell from your GY; Special Summon this card,
209710,Flick Clown,1,5,false,false,false,5: Draws a card.,5: draw 1 card,
84778110,Flint Cragger,1,6a,false,false,false,6a: Damage paid for by a cost (ruling 19).,6a: inflict 500 damage to your opponent,
81278754,Flip Flop Frog,1,8,false,false,false,8: Can bounce multiple opponent monsters.,8: return monsters your opponent controls to their owners' hand up to the number,
11024707,Flipping Feline,1,7b,false,false,false,7b: Special Summons itself or other monsters sent to the GY from the GY.,7b: You can target 1 of them; Special Summon it in face-down Defense Position,
9400127,"Flogos, the Ogdoadic Boundless",1,7b,false,false,false,7b: Special Summons a monster from the GY.,7b: Special Summon that monster from the GY to their field,
77610503,Floowandereeze and the Scary Sea,1,10,true,false,false,10: Negates a Special Summon.,10: Negate the Summon,Returns the negated monster(s) to hand; not counted as field removal since the summon never completes.
55521751,Floowandereeze and the Unexplored Winds,1,5,false,false,false,5: Draw after exchange (ruling 2).,5: then draw the same number of cards,
30382214,Flower Cardian Cherry Blossom,1,5,false,false,false,5: Draws a card.,5: draw 1 card,
5489987,Flower Cardian Cherry Blossom with Curtain,1,5,false,false,false,5: Draws a card.,5: draw 1 card,
94388754,Flower Cardian Clover with Boar,1,5,false,false,false,5: Draws a card.,5: Draw 1 card,
21772453,Flower Cardian Maple with Deer,1,5,false,false,false,5: Draws a card.,5: Draw 1 card,
16802689,Flower Cardian Paulownia with Phoenix,1,5,false,false,false,5: Draws cards.,5: You can draw 1 card,
81752019,Flower Cardian Pine,1,5,false,false,false,5: Draws cards.,5: You can draw 1 card,
16024176,Flower Cardian Pine with Crane,1,5,false,false,false,5: Draws cards.,5: Draw 1 card,
54135423,Flower Cardian Willow,1,5,false,false,false,5: Draws a card.,5: then draw 1 card,
17141718,Flower Cardian Zebra Grass,1,5,false,false,false,5: Draws cards.,5: then draw the same number of cards,
43413875,Flower Cardian Zebra Grass with Moon,1,5,false,false,false,5: Draws cards.,5: You can draw 1 card,
45010690,Flowerbot,1,5,false,false,false,5: Draws a card.,5: Draw 1 card,
10851853,Flowerdino,1,5,false,false,false,5: Draws a card.,5: then draw 1 card,
83793721,Flowering Etoile the Melodious Magnificat,1,7b,false,false,false,7b: Flickers its own monsters (ruling 1).,"7b: banish (until the End Phase) any number of ""Melodious"" monsters you control","Mass bounce, but it is an Extra Deck monster, so rule 8 does not apply."
9298235,Fluffal Crane,1,5,false,false,false,5: Draws a card.,5: draw 1 card,
13241004,Fluffal Penguin,1,5,false,false,false,5: Draws cards.,"5: You can draw 2 cards, then discard 1 card",
98280324,Fluffal Sheep,1,7b,false,false,false,7b: Can Special Summon from the GY.,"7b: Special Summon 1 ""Edge Imp"" monster from your hand or Graveyard",
72413000,Fluffal Wings,1,5,false,false,false,5: Draws cards.,5: draw 1 card,
21861412,Flux Ochsenfeld,1,7b,false,false,false,7b: Can Special Summon from the GY.,7b: Special Summon 1 Rock monster from your hand or GY,
66765023,Flying Elephant,1,9a,false,false,false,9a: Cannot be destroyed by an opponent's card effect once per turn.,"9a: if this card would be destroyed by their card effect, it is not destroyed",
65118318,Foolish Graverobber,1,7b,false,false,false,7b: Special Summons from either GY.,7b: Special Summon 1 monster from either GY to your field,
83778600,Foolish Revival,1,7b,false,false,false,7b: Revival onto the opponent's field (ruling 26).,7b: Special Summon it in face-up Defense Position on your opponent's side of the field,
10529441,Foolish Trap Hole,1,8,false,false,false,8: Can destroy several opponent cards.,8: destroy them,
28429121,Forbidden Arts of the Gishki,1,8,false,false,false,8: Can Tribute several opponent monsters (ruling 28).,8: Tribute face-up monsters from anywhere on the field,
25789292,Forbidden Chalice,1,10,false,false,false,10: Negates a monster's effects.,10: its effects are negated,
96864811,Forbidden Dress,1,9a,false,false,false,9a: Grants targeting and destruction protection.,9a: cannot be targeted or destroyed by other card effects,
24299458,Forbidden Droplet,1,10,false,false,false,10: Negates effects of opponent's monsters.,10: also their effects are negated,
27243130,Forbidden Lance,1,9a,false,false,false,9a: Grants Spell/Trap immunity.,9a: is unaffected by the effects of other Spells/Traps,
12157563,Forbidden Ritual Art,1,7b,false,false,false,7b: Summons a monster from the GY.,7b: Ritual Summon 1 Ritual Monster from your GY,
54773234,Forbidden Scripture,1,10,false,false,false,10: Negates card effects.,10: Negate all other card effects on the field,
43340443,Forced Back,1,10,false,false,false,10: Negates a summon.,10: Negate the Normal Summon or Flip Summon,
91228233,Forest of Lost Flowers,1,5 9a,false,false,false,9a: Grants unaffected status. | 5: Draws.,9a: are unaffected by your opponent's activated effects | 5: You can draw 1 card.,
43889633,Forgotten Temple of the Deep,1,7b,false,false,false,7b: Flicker from banishment.,7b: Special Summon the monster(s) banished by this effect,
84536654,Form Change,1,7c,false,false,false,7c: Brings an Extra Deck monster out without its listed materials.,"7c: Special Summon from your Extra Deck, 1 ""Masked HERO"" monster",
68078978,Fortune Fairy Chee,1,5,false,false,false,5: Draws cards.,5: make each player draw 1 card,
5298175,Fortune Fairy Swee,1,7b,false,false,false,7b: Temporarily banished monster returns to the field (ruling 1).,7b: banish it until the Standby Phase of your next turn,
82971335,Fortune Lady Earth,1,6a,false,false,false,"6a: Damage triggered by a Level increase, not by destruction, a summon or a battle.",6a: inflict 400 damage to your opponent,
84218527,Fortune Lady Rewind,1,7b,false,false,false,7b: Special Summons monsters from banishment.,"7b: Target any number of your banished ""Fortune Lady"" monsters with different names; Special Summon them",
29088922,Fortune Lady Water,1,5,false,false,false,5: Draws cards.,5: Draw 2 cards,
82693917,Fortune Lady Wind,1,8,false,false,false,8: Can destroy multiple opponent Spells/Traps.,8: destroy a number of Spell or Trap Cards your opponent controls,
91407982,Fortune Vision,1,9a,false,false,false,9a: Grants protection from destruction by card effects.,9a: monsters you control cannot be destroyed by card effects,
68663748,Fortune's Future,1,5,false,false,false,5: Draws 2 cards.,5: then draw 2 cards,
21225115,Fossil Dragon Skullgios,1,6b,false,false,false,6b: Doubles battle damage.,6b: any battle damage it inflicts to your opponent is doubled,
42009836,Fossil Dyna Pachycephalo,1,3.2 8,false,false,false,8: Mass destruction. | 3.2: Summon lock on a monster the opponent can attack.,8: Destroy all Special Summoned monsters on the field. | 3.2: Neither player can Special Summon monsters.,
23869735,Fossil Excavation,1,7b,false,false,false,7b: Special Summons a monster from the GY.,7b: Special Summon that target,
59419719,Fossil Fusion,1,9a,false,false,false,9a: Grants targeting protection.,9a: neither player can target that Special Summoned monster with monster effects,
96897184,Fossil Warrior Skull King,1,7b,false,false,false,7b: Special Summons from the opponent's GY.,"7b: target 1 monster in your opponent's GY; discard 1 card, and if you do, Special Summon that monster to your field",
88753985,Fox Fire,1,7b,false,false,false,7b: Revives itself.,7b: Special Summon this card from the Graveyard,
69584564,Fragrance Storm,1,5,false,false,false,5: Draws cards.,5: draw 1 card,
49681811,Freed the Matchless General,1,10,false,false,false,10: Negates targeting Spell effects.,10: Negate any Spell effects that target this card,
43582229,Freezing Chains of the Ice Barrier,1,7b 9a,false,false,false,7b: Revives from GY. | 9a: Grants partial unaffected status.,"7b: target 1 Level 4 or lower ""Ice Barrier"" monster in your GY; Special Summon it | 9a: are unaffected by the activated effects",
83866861,Frightfur Chimera,1,3.2 7b,false,false,false,3.2: Situational lock on a monster (ruling 5). | 7b: Summons the destroyed opponent's monster from the GY.,"3.2: If this card battles, your opponent cannot activate cards or effects until the end of the Damage Step | 7b: You can Special Summon that monster to your field",
18138630,Frightfur Jar,1,5,false,false,false,5: Discard-to-draw exchange.,5: draw 1 card and show it,
74416026,Frightfur March,1,7c 10,false,false,false,10: Negates an activation. | 7c: Summons a Fusion Monster without its listed materials.,"10: Negate the activation | 7c: Special Summon 1 Level 8 or higher ""Frightfur"" Fusion Monster from your Extra Deck",
28039390,Frightfur Reborn,1,7b,false,false,false,7b: Special Summons a monster from the GY.,"7b: Target 1 ""Frightfur"" monster in your Graveyard; Special Summon it",
99049589,Frightfur Repair,1,7b,false,false,false,7b: Special Summons a monster from the GY.,"7b: Special Summon 1 ""Fluffal"" or ""Edge Imp"" monster from your GY",
80889750,Frightfur Sabre-Tooth,1,7b 9a 9b,false,false,false,7b: Revives a monster. | 9a: Effect-destruction immunity. | 9b: Battle-destruction immunity.,"7b: target 1 ""Frightfur"" monster in your GY; Special Summon it | 9a: cannot be destroyed by battle or card effects | 9b: cannot be destroyed by battle or card effects",
57477163,Frightfur Sheep,1,3.2 7b,false,false,false,3.2: Situational monster floodgate. | 7b: Self revival from GY.,"3.2: If this card battles, your opponent cannot activate cards or effects | 7b: You can Special Summon this card, and if you do, it gains 800 ATK",
93830681,Friller Rabca,1,10,false,false,false,10: negates an attack,10: negate the attack,
40998517,"Frodi, Generaider Boss of Swords",1,8,false,false,false,8: Can destroy several opponent monsters.,8: target that many monsters on the field; destroy them,
34351849,Froggy Forcefield,1,8,false,false,false,8: Mass destruction.,8: Destroy all Attack Position monsters your opponent controls,
38742075,Frontier Wiseman,1,10,false,false,false,10: Continuous negation.,10: Negate any Spell effects that target a Warrior-Type monster you control,
35380371,Frozen Domain of the Ice Barrier,1,3.3,true,false,false,3.3: Response lock (ruling 14) limited to an archetype.,"3.3: Your opponent cannot activate cards or effects in response to the activation of your ""Ice Barrier"" monster effects","Archetype restricts own cards, not opponent's action; could be 3.4."
53503015,Frozen Rose,1,5,false,false,false,5: Draws cards.,"5: draw 2 cards, then discard 1 card",
1781310,Fuh-Rin-Ka-Zan,1,5 8,false,false,false,8: Mass destruction. | 5: Draw option.,8: Destroy all monsters your opponent controls | 5: Draw 2 cards,
54927180,Fukubiki,1,5,true,false,false,5: Blind top-card add for each player counts as draw (ruling 18).,5: Add the excavated card with the higher ATK to that player's hand,Excavated but not chosen; treated as draw.
48206762,Fulfillment of the Contract,1,7b,false,false,false,7b: Special Summons a Ritual Monster from the GY.,7b: target 1 Ritual Monster in your GY; Special Summon it,
4931121,Full Force Virus,1,8,false,false,false,8: Can destroy several opponent monsters.,8: destroy all those monsters with 1500 or less DEF,
45178472,Full House,1,8,false,false,false,8: Destroys up to 5 Spells/Traps.,8: destroy them,
44857722,Full Moon Mirror,1,7b,false,false,false,7b: Special Summons from the GY.,7b: Special Summon 1 Level 10 monster from your hand or GY,
70865988,Full Salvo,1,6a,false,false,false,6a: Deals effect damage without changing the field.,6a: Inflict 200 damage to your opponent for each card you sent,
92345028,Fury of Fire,1,7b,false,false,false,7b: Special Summons monsters from the GY.,7b: from your hand and/or GY,
39711336,Fushioh Richie,1,7b 10,false,false,false,10: Negates Spells/Traps. | 7b: Revives from the GY.,10: negate the activation and effects of all Spell and Trap Cards that target this card | 7b: Special Summon 1 Zombie-Type monster from your Graveyard,
61070601,Fusion Armament,1,7b 7c,false,false,false,7b: Can Special Summon from the GY. | 7c: Summons an Extra Deck monster without materials.,7b: from your Extra Deck or GY | 7c: from your Extra Deck or GY,
52947044,Fusion Destiny,1,7d,false,false,false,7d: Uses Fusion Material from the Deck.,7d: using monsters from your hand or Deck as Fusion Material,
34449261,Fusion Fright Waltz,1,8,false,false,false,8: Destroys multiple monsters including the opponent's.,8: destroy as many other Special Summoned monsters on the field as possible,
73026394,Fusion Guard,1,10,false,false,false,10: Negates a damage effect.,10: Negate its activation and effect,
74335036,Fusion Substitute,1,5,false,false,false,5: Draws a card.,5: then draw 1 card,
77565204,Future Fusion,1,7c 7d,true,false,false,7d: Uses Fusion Materials from the Deck. | 7c: Summons from the Extra Deck without giving materials at summon time.,7d: send the Fusion Materials listed on it from your Main Deck to the GY | 7c: Fusion Summon 1 Fusion Monster from your Extra Deck with the same name as the monster you showed,7c may be redundant with 7d.
92058902,Future Fusion Nova,1,7d,false,false,false,7d: Fusion Summons using materials from the Deck.,7d: using monsters from your Deck,
78679226,Future Silence,1,5,false,false,false,5: Draws cards.,5: each player draws until they have 6 cards,
6616912,"Gabrion, the Timelord",1,8 9a 9b,false,false,false,9a: Effect-destruction immunity. | 9b: Battle-destruction immunity. | 8: Shuffles all opponent's cards away.,9a: Cannot be destroyed by battle or card effects | 9b: Cannot be destroyed by battle or card effects | 8: Shuffle as many cards your opponent controls as possible into the Deck(s),
9591819,Gagaga Escape,1,9a 9b 10,false,false,false,10: Negates an activation. | 9a: Grants effect-destruction immunity. | 9b: Grants battle-destruction immunity.,10: Negate the activation | 9a: cannot be destroyed by battle or card effects this turn | 9b: cannot be destroyed by battle or card effects this turn,
73496100,Gagaga Illusion,1,7b,false,false,false,7b: Special Summons a monster from the GY.,7b: Target 1 monster in your GY; Special Summon it,
82052602,Gagagaback,1,7b,false,false,false,7b: Revives from GY.,7b: Special Summon from your Graveyard as many monsters as possible,
21831848,Gagagadraw,1,5,false,false,false,5: Draws cards.,5: draw 2 cards,
76972801,Gagagaguard,1,9a 9b,false,false,false,9a: Grants protection from destruction by card effects. | 9b: Grants protection from destruction by battle.,9a: cannot be destroyed by battle or by card effects | 9b: cannot be destroyed by battle or by card effects,
13166204,Gagagarush,1,10,false,false,false,10: Negates a monster effect.,10: Negate the effect of that opponent's monster,
18446701,Gagagashield,1,9a 9b,false,false,false,9a: Grants protection from destruction by effects. | 9b: Grants protection from destruction by battle.,9a: it cannot be destroyed by battle or card effects | 9b: it cannot be destroyed by battle or card effects,
17691568,Gagaku-P.U.N.K. Crash Beat,1,9a,false,false,false,9a: Grants untargetability and effect-destruction immunity.,"9a: your opponent cannot target ""P.U.N.K."" monsters you control with card effects, and they cannot be destroyed by your opponent's card effects",
50642380,Gagaku-P.U.N.K. Wa Gon,1,5,false,false,false,5: Draws a card.,5: You can draw 1 card,
95095116,"Gaia Prominence, the Fierce Force",1,7b 10,false,false,false,10: Negates a monster effect. | 7b: Special Summons from the GY.,10: negate that effect | 7b: target 1 FIRE monster in your GY; Special Summon it,
34130561,Gaia the Magical Knight,1,7b,false,false,false,7b: Special Summons from the GY.,7b: from your hand or GY in Defense Position,
88774734,Galactic Spiral Dragon,1,7b,false,false,false,7b: Can Special Summon itself from the GY.,7b: While this card is in your hand or GY,
91714772,Galaxy Defense Robot Orbital 7,1,7b,false,false,false,7b: Revives itself from the GY.,7b: You can Special Summon this card from your GY,
9024367,Galaxy Dragon,1,10,false,false,false,10: Negates the effects of a battled monster.,10: that monster has its effects negated,
897409,Galaxy Hundred,1,7c,false,false,false,7c: Summons an Extra Deck monster without its materials.,"7c: Special Summon 1 ""Number"" monster from it to your field",
35950025,Galaxy Knight,1,7b,false,false,false,7b: Revives a Galaxy-Eyes from the GY.,7b: Special Summon that target (if any) in Defense Position,
98263709,Galaxy Mirror Sage,1,7b,false,false,false,7b: Can revive from the GY.,"7b: Special Summon 1 Level 4 or lower ""Galaxy"" monster from your Deck or Graveyard",
863795,Galaxy Summoner,1,7b,false,false,false,7b: Special Summons a monster from the GY.,"7b: monster in your GY, except ""Galaxy Summoner""; Special Summon it in Defense Position",
63956833,Galaxy Trance,1,7b,false,false,false,7b: Revives a monster from the GY.,"7b: target 1 ""Photon"" monster in your GY; Special Summon both it",
19316241,Galaxy War Drake,1,7b,false,false,false,7b: Special Summons itself from the GY.,7b: You can Special Summon this card from your hand or GY,
97617181,Galaxy Zero,1,7b 9a 9b,false,false,false,7b: Revives a monster from the GY. | 9a: Destruction substitute covers card effects during the Battle Phase. | 9b: Destruction substitute covers battle destruction.,"7b: Target 1 ""Photon"" or ""Galaxy"" monster in your Graveyard; Special Summon it | 9a: If it would be destroyed during the Battle Phase, you can destroy this card instead | 9b: If it would be destroyed during the Battle Phase, you can destroy this card instead",
54725177,Galaxy-Eyes Photon Change Dragon,1,7b,false,false,false,7b: Can revive from GY; also temporarily banishes an opponent monster that returns.,"7b: Special Summon 1 ""Galaxy-Eyes Photon Dragon"" from your Deck or GY",
30915572,Gallis the Star Beast,1,6a,false,false,false,6a: Damage from milling is primary (ruling 20).,6a: inflict damage to your opponent equal to its Level x 200,
37313786,Gamble,1,5,false,false,false,5: Draws cards.,5: draw until your hand has 5 cards,
2196767,Gambler of Legend,1,8,false,false,false,8: Can destroy all opponent's monsters.,8: Destroy all monsters your opponent controls,
86319972,Gamma Summon,1,7b 7c,false,false,false,7c: Brings a Fusion from the Extra Deck without its materials. | 7b: Special Summons a banished monster.,"7c: Special Summon 1 ""Invoked"" monster from your Extra Deck, ignoring its Summoning conditions | 7b: target 1 of your banished ""Invoked"" monsters; Special Summon it",
65758454,Ganbara Lancer,1,7b,false,false,false,7b: Special Summons a copy from the GY.,7b: from your hand or Graveyard,
2333466,Gandora-G the Dragon of Destruction,1,8,false,false,false,8: Destroys all other cards on the field.,8: destroy as many other cards on the field as possible,
71525232,Gandora-X the Dragon of Demolition,1,8,false,false,false,8: Destroys all other monsters.,8: destroy as many other monsters on the field as possible,
30646525,"Garlandolf, King of Destruction",1,8,false,false,false,8: Can destroy multiple opponent monsters.,8: destroy all other face-up monsters on the field,
11765832,"Garura, Wings of Resonant Life",1,5 6b,false,false,false,6b: Doubles battle damage. | 5: Draws.,6b: Any battle damage your opponent takes from battles involving this card is doubled | 5: You can draw 1 card,
82257671,Gatchiri @Ignister,1,9a,false,false,false,9a: Cyberse monsters survive the first destruction by card effect each turn.,9a: it is not destroyed,The self-negation cost only affects your own monster (ruling 33). The unaffected grant is also 9a.
8102334,Gate Blocker,1,3.2 9a 10,false,false,false,10: Continuous negation. | 3.2: Continuous lock on a monster the opponent can attack. | 9a: Untargetability.,10: Negate the effects of your opponent's Field Spells | 3.2: Your opponent cannot place counters on cards on the field | 9a: Your opponent cannot target other monsters you control with card effects,
34904525,Gate Guardian of Thunder and Wind,1,7b,false,false,false,7b: Special Summons a monster from banishment.,"7b: Special Summon 1 of your banished ""Sanga of the Thunder"" or ""Kazejin""",
97783338,Gate Guardian of Water and Thunder,1,7b,false,false,false,7b: Special Summons a banished monster.,"7b: Special Summon 1 of your banished ""Suijin"" or ""Sanga of the Thunder""",
93431518,Gateway to Dark World,1,7b,false,false,false,7b: Special Summons a monster from the GY.,7b: monster in your Graveyard; Special Summon that target,
27979109,Gearbreed,1,5,false,false,false,5: Draw with a cost is still draw.,5: draw 1 card,
85651167,Gearfried the Red-Eyes Iron Knight,1,7b,false,false,false,7b: Revives from the GY.,"7b: Level 7 or lower ""Red-Eyes"" monster in your GY; Special Summon it",
92693205,Geargianchor,1,8,false,false,false,8: Can destroy multiple monsters.,"8: destroy monsters on the field, up to the number",
71786742,Geargiano,1,7b,false,false,false,7b: Special Summons from the GY.,7b: Level 4 Machine-Type monster in your Graveyard; Special Summon it,
1045143,Geargiano Mk-II,1,7b,false,false,false,7b: Can Special Summon from the GY.,7b: from your hand or Graveyard,
45286019,Geargiano Mk-III,1,7b,false,false,false,7b: Special Summons from the GY.,7b: from your hand or Graveyard in Defense Position,
72370114,Geargiattacker,1,8,false,false,false,8: Can destroy multiple cards.,8: destroy any number of Spell/Trap Cards on the field,
37694547,Geartown,1,7b,false,false,false,7b: Can Special Summon a monster from the GY.,"7b: Special Summon 1 ""Ancient Gear"" monster from your hand, Deck, or Graveyard",
40392714,Geira Guile the Cubic King,1,7b,false,false,false,7b: Special Summons from the GY.,"7b: target up to 2 ""Vijam the Cubic Seed"" in your Graveyard; send this card to the Graveyard, and if you do, Special Summon them",Damage triggered by summon: byproduct.
57753602,Gem Flash Energy,1,6a,false,false,false,6a: Inflicts effect damage each Standby Phase without changing the field.,6a: inflict damage to your opponent equal to the number of face-up Continuous Spell Cards on the field x 300,
41777,Gem-Enhancement,1,7b,false,false,false,7b: Special Summons a monster from the GY.,7b: Special Summon that target from the Graveyard,
24220368,Gem-Knight Dispersion,1,7d,false,false,false,7d: Uses Fusion material from the Deck.,7d: Up to 2 monsters from your Deck/Extra Deck can be used,
88225269,Gem-Knight Hollowcore,1,10,false,false,false,10: Negates an opponent's effect.,10: negate that effect,
19355597,Gem-Knight Lady Brilliant Diamond,1,7c,false,false,false,7c: Brings an Extra Deck monster to the field without its listed materials.,"7c: Special Summon 1 ""Gem-Knight"" Fusion Monster from your Extra Deck, ignoring its Summoning conditions",
47611119,Gem-Knight Lady Lapis Lazuli,1,6a,false,false,false,6a: Burn after sending own card as cost.,6a: inflict 500 damage to your opponent for each Special Summoned monster on the field,
25342956,Gem-Knight Master Diamond Dispersion,1,7b 7c,false,false,false,"7b: Special Summons monsters from the GY, and can revive itself. | 7c: Brings Extra Deck monsters to the field without their materials.","7b: from your Extra Deck and/or GY | 7c: Special Summon up to 3 non-Rock ""Gem-"" monsters with different names from your Extra Deck",
51831560,Gem-Knight Nepyrim,1,7b,false,false,false,7b: Summons itself from GY.,7b: Special Summon this card,
19163116,Gem-Knight Obsidian,1,7b,false,false,false,7b: Special Summons a monster from the GY.,7b: Normal Monster in your Graveyard; Special Summon that target,
81601517,Gemini Counter,1,10,false,false,false,10: Negates a Spell activation.,10: negate the activation of an opponent's Spell Card,
33846209,Gemini Spark,1,5,false,false,false,5: Draws a card.,5: draw 1 card,
67045174,Gemini Trap Hole,1,8,false,false,false,8: Destroys all opponent monsters.,8: Destroy all monsters your opponent controls,
99000107,Gendo the Ascetic Monk,1,3.2 9a,false,false,false,3.2: Continuous lock on a monster the opponent can attack. | 9a: Self-protection.,"3.2: Face-up Attack Position monsters on the field cannot activate their effects | 9a: This Defense Position card cannot be targeted, or destroyed, by card effects",
64325438,Generaider Boss Room,1,10,true,false,false,"10: Rewrites an effect, counts as negation.","10: your opponent's activated effect becomes ""each player draws 1 card""",Rule 5 not hit: the draw belongs to the opponent's rewritten effect; could be seen as each player draws.
53921056,General Gantala of the Ice Barrier,1,7b,false,false,false,7b: Special Summons from the GY.,"7b: select 1 ""Ice Barrier"" monster in your Graveyard, except ""General Gantala of the Ice Barrier"", and Special Summon it",
90098000,General of Atlantis,1,7b,false,false,false,7b: Special Summons itself from the GY.,"7b: If this card is in your GY and you control ""Umi"": You can Special Summon this card",
81275309,General Raiho of the Ice Barrier,1,10,true,false,false,10: Continuous negation unless cost paid.,10: the effect is negated,"Also a cost-floodgate (would be 3.2), but ruling 13 says continuous negation is rule 10 only."
85787173,Generation Next,1,7b,false,false,false,7b: Can Special Summon a monster from the GY.,7b: from your Deck or GY,
83500096,Genex Ally Solid,1,5,false,false,false,5: Draws cards.,5: draw 2 cards,
40041559,Genia of the Ring,1,9a,false,false,false,9a: One-time effect-destruction protection.,"9a: The next time that target would be destroyed by card effect this turn, it is not destroyed",
56499179,Genro Ryu-Ge Hakva,1,7b,false,false,false,7b: Summons itself from banishment.,7b: You can Special Summon this banished card,
77895328,"Genta, Gateman of Dark World",1,7b,false,false,false,7b: Special Summons itself from banishment.,"7b: If this card is banished and you control a ""Dark World"" card: You can Special Summon this card.",
32991027,"Georgius, Swordman of the Ice Barrier",1,3.2 7b,false,false,false,3.2: Continuous lock depending on monsters the opponent can attack. | 7b: Revives a monster from the GY.,"3.2: your opponent cannot activate the effects of monsters in the GY | 7b: Special Summon 1 Level 5 or lower ""Ice Barrier"" monster from your hand or GY",
28373620,Geri the Runick Fangs,1,9a,false,false,false,9a: Self protection from effect destruction.,9a: Cannot be destroyed by card effects.,
77936940,Gernia,1,7b,false,false,false,7b: Revives itself from the GY.,7b: Special Summon it,
22373487,Get Out!,1,8,false,false,false,8: Shuffles 2 opponent monsters into the Deck.,8: Target 2 monsters your opponent controls,
111000561,Get Your Game On!,1,6b,false,false,false,6b: Doubles ATK.,6b: is doubled,
15419596,Ghost Bird of Bewitchment,1,3.2 9a,false,false,false,9a: Self-protection in center zone. | 3.2: Continuous activation lock on a monster that can be attacked.,"9a: Your opponent cannot target this card with card effects, also it cannot be destroyed by your opponent's card effects | 3.2: Monsters in this column cannot activate their effects",
44663232,Ghost Fairy Elfobia,1,3.3,true,false,false,3.3: Level-defined lock lasting into the opponent's turn.,3.3: monsters with a Level higher than the revealed monster cannot activate their effects,Activated lock lasting past this turn but not tied to the field; ruling 9 does not cover it.
35705817,Ghost Fusion,1,7d,false,false,false,7d: Can use Fusion Material from the Deck.,"7d: banish up to 1 Zombie monster from your hand, Deck, or GY as material",
13386503,Ghost Knight of Jackal,1,7b,false,false,false,7b: Summons a monster from the GY to your field.,7b: Special Summon an opponent's monster that is destroyed and sent to the Graveyard by this card,
13965201,Ghost Meets Girl - A Shiranui's Story,1,7b,false,false,false,7b: Can Special Summon a monster from the GY.,7b: from your Deck or GY,
80802524,Ghostrick Break,1,7b,false,false,false,7b: Special Summons monsters from the GY.,7b: Special Summon them in face-down Defense Position,
36239585,Ghostrick Fairy,1,7b,true,false,false,7b: Can Set a Ghostrick monster from the GY to the field.,7b: Set that card (but banish it when it leaves the field),Target can be a Spell/Trap or a monster; Setting a monster from GY treated as 7b.
54512827,Ghostrick Lantern,1,10,false,false,false,10: Negates an attack.,10: You can negate the attack,"Hand effect is battle-only, so rule 4 exception applies."
81907872,Ghostrick Specter,1,5,false,false,false,5: Draws a card on Special Summon.,5: draw 1 card,
50527144,Ghostrick Vanish,1,9a,false,false,false,9a: Grants targeting and effect-destruction protection.,"9a: cannot be targeted by, or be destroyed by, card effects",
72913666,Ghostrick Warwolf,1,6a,false,false,false,6a: Burn damage that only reads the field.,6a: Inflict 100 damage to your opponent for each Set card on the field,
84472026,Ghostrick Yeti,1,9a 9b,false,false,false,9a: Grants effect-destruction protection. | 9b: Grants battle protection.,9a: cannot be destroyed by battle or card effects | 9b: cannot be destroyed by battle or card effects,
45792753,Ghoti Chain,1,7b,false,false,false,7b: Special Summons from banishment or GY.,"7b: that is banished, or in your hand, Deck, or GY",
65898344,Ghoti Fury,1,7b,false,false,false,7b: Temporary banish returns monsters to the field.,7b: banish both monsters until your next Standby Phase,
60619435,Giant Ballgame,1,7a 7b,false,false,false,7b: Special Summons from the GY. | 7a: Takes control of an opponent's monster.,7b: Special Summon 1 Level 6 or lower Insect monster from your GY | 7a: switch control of those monsters,
58012707,Giant Ballpark,1,7b,false,false,false,7b: Special Summons monsters from the GY.,7b: Special Summon 1 Insect Normal Monster from your GY,
80280944,Giant Rex,1,7b,false,false,false,7b: Special Summons itself from banishment.,7b: If this card is banished: You can Special Summon this card,
80723580,Giant Trap Hole,1,8,false,false,false,8: Destroys multiple opponent monsters.,8: Destroy all monsters on the field,
42703248,Giant Trunade,1,8,false,false,false,8: Bounces all Spells/Traps.,8: Return all Spell and Trap Cards on the field to the hand,
47606319,Gigantes,1,8,false,false,false,8: Destroys all Spells/Traps.,8: Destroy all Spells and Traps on the field,
34047456,Gigantic Thundercross,1,8,false,false,false,8: Can banish multiple opponent monsters from the field.,8: Target a number of monsters on the field and/or in the GYs,
53257892,Gigaplant,1,7b,false,false,false,7b: Special Summons from the GY.,7b: Special Summon 1 Insect or Plant monster from your hand or GY,
58330108,Gigarays Gandora the Dragon of Destruction,1,8,false,false,false,8: Mass destruction/banishment.,8: Destroy all other cards on the field,
79080761,Gigastone Omega,1,8,false,false,false,8: Destroys all opponent Spells/Traps.,8: destroy all Spell and Trap Cards your opponent controls,
36354007,Gilford the Lightning,1,8,false,false,false,8: Destroys all opponent monsters.,8: Destroy all monsters your opponent controls,
100459008,"Gilford the Lightning, the Warrior of Thunderbolts",1,8,false,false,false,8: Mass removal.,8: Your opponent must send all monsters they control to the GY,
49161188,Gilti-Gearfried the Magical Steel Knight,1,10,false,false,false,10: Negates an effect.,10: You can negate that effect,
79086452,Gimmick Puppet Bisque Doll,1,9a,false,false,false,9a: Grants untargetability.,"9a: your opponent cannot target ""Gimmick Puppet"" monsters you control with card effects",
20032555,Gimmick Puppet Egg Head,1,6a,false,false,false,6a: Direct effect damage without changing the field.,6a: Inflict 800 damage to your opponent,
4145915,Gimmick Puppet Fiendish Knight,1,7b,false,false,false,7b: Special Summons a monster from a GY.,7b: Special Summon it to its owner's field,
43598843,Gimmick Puppet Terror Baby,1,7b,false,false,false,7b: Revives from GY.,"7b: target 1 ""Gimmick Puppet"" monster in your GY, except ""Gimmick Puppet Terror Baby""; Special Summon it",
79922118,Gingerbread House,1,8,false,false,false,8: Can destroy multiple opponent monsters.,8: destroy as many monsters they control as possible with 2500 or more ATK,
36227804,Gishki Beast,1,7b,false,false,false,7b: Revives a monster from the GY.,"7b: ""Gishki"" monster in your Graveyard; Special Summon that target",
73551138,Gishki Emilia,1,10,false,false,false,10: Negates Trap effects.,10: Negate all Trap Card effects on the field,
66729231,Gishki Zielgigas,1,5,false,false,false,5: Draws a card.,5: draw 1 card,
55465441,Give and Take,1,7b,false,false,false,7b: Special Summons from GY.,7b: Special Summon 1 monster from your Graveyard,
71197066,"Gizmek Orochi, the Serpentron Sky Slasher",1,7b,false,false,false,7b: Special Summons itself from the GY.,7b: If this card is in your hand or GY (Quick Effect): You can banish 8 cards from the top of your Deck face-down; Special Summon this card,
23384666,"Gizmek Taniguku, the Immobile Intellect",1,7b,false,false,false,7b: Special Summons a monster from the GY.,7b: target 1 Machine monster in your GY whose ATK equals its own DEF; Special Summon it,
43175027,Glacial Beast Blizzard Wolf,1,7b 10,false,false,false,10: Negates an attack. | 7b: Special Summons itself from the GY.,10: You can negate the attack | 7b: You can Special Summon this card in Attack Position,
42592719,Gladiator Beast Alexander,1,9a,false,false,false,9a: Partial unaffected protection.,9a: it is unaffected by the effects of Spell Cards,
3779662,Gladiator Beast Andabata,1,7c,false,false,false,7c: Brings an Extra Deck monster to the field without its materials.,"7c: Special Summon 1 Level 7 or lower ""Gladiator Beast"" Fusion Monster from your Extra Deck, ignoring its Summoning conditions",
16990348,Gladiator Beast Charge,1,8,false,false,false,8: Can destroy multiple opponent cards.,"8: up to the number of ""Gladiator Beast"" monsters you control with different names; destroy them",
48958757,Gladiator Beast Claudius,1,7c,false,false,false,7c: Brings an Extra Deck monster to the field without its materials.,"7c: Special Summon 1 Level 11 or lower ""Gladiator Beast"" monster from your Extra Deck, ignoring its Summoning conditions",
25924653,Gladiator Beast Darius,1,7b,false,false,false,7b: Revives from the GY.,"7b: target 1 ""Gladiator Beast"" monster in your Graveyard; Special Summon that target",
33652635,Gladiator Beast Domitianus,1,10,false,false,false,10: Negates a monster effect activation.,10: You can negate the activation,Choosing attack targets is not a floodgate (ruling 7).
16003979,Gladiator Beast Sagittarii,1,5,false,false,false,5: Draws 2 cards.,5: draw 2 cards,
30864377,Gladiator Beast Tamer Editor,1,7c,false,false,false,7c: Brings an Extra Deck monster to the field without its materials.,"7c: Special Summon 1 ""Gladiator Beast"" Fusion Monster from your Extra Deck, except ""Gladiator Beast Tamer Editor"", ignoring its Summoning conditions",
65984457,Gladiator Beast Torax,1,5,false,false,false,5: Draw effect.,5: to draw 1 card,
96216229,Gladiator Beast War Chariot,1,10,false,false,false,10: Negates monster effect activations.,10: Negate the activation,
8730435,Gladiator Beast's Battle Archfiend Shield,1,9a 9b,false,false,false,9a: Destruction substitute covers card effects. | 9b: Destruction substitute covers battle.,"9a: If the equipped monster would be destroyed, destroy this card instead. | 9b: If the equipped monster would be destroyed, destroy this card instead.",
20201255,Gladiator Beast's Comeback,1,7b 9b,false,false,false,7b: Special Summons from the GY. | 9b: Grants battle protection.,"7b: Special Summon 1 ""Gladiator Beast"" monster from your hand or GY | 9b: It cannot be destroyed by battle",
98891840,Gladiator Beast's Respite,1,5,false,false,false,5: Draw card.,5: then draw 3 cards,
93684009,Gladiator Rejection,1,9a,false,false,false,9a: grants targeting protection,"9a: Your opponent cannot target ""Gladiator Beast"" monsters you control with card effects",
9780364,Gladiator Taming,1,7a,false,false,false,7a: Takes control of an opponent's monster.,7a: take control of it until the End Phase,
24285858,Gladiator's Return,1,5,false,false,false,5: Draws a card.,5: then draw 1 card,
61962135,Glorious Illusion,1,7b,false,false,false,7b: Special Summons from GY.,"7b: ""Lightsworn"" monster in your Graveyard; Special Summon that target",
67441435,Glow-Up Bulb,1,7b,false,false,false,7b: Special Summons itself from the GY.,7b: Special Summon this card,
56311997,GMX - ALLOS,1,7b,false,false,false,7b: Special Summons a monster from GY or banishment.,7b: in your GY or banishment; Special Summon it,
75191028,GMX - COMPREX,1,3.2 9a,false,false,false,9a: Untargetable. | 3.2: Punishing summons is a floodgate (ruling 4) on an attackable monster.,"9a: Your opponent cannot target this card with card effects. | 3.2: Each time your opponent Normal or Special Summons a monster(s), they lose 800 LP.",Mass destruction ignored: rule 8 does not apply to Extra Deck monsters.
38984832,GMX 55th Experiment Report,1,7d,false,false,false,7d: Fusion Material from the Deck.,"7d: you can also use 1 ""GMX"" monster in your Deck as material",
18795635,GMX Applied Experiment #55,1,7d,false,false,false,7d: Uses excavated cards from the Deck as Fusion material.,7d: using any excavated monsters as material,
2618725,GMX Partner Selandea,1,7b,false,false,false,7b: Special Summons from the GY or banishment.,"7b: from your hand, GY, or banishment",
20049870,GMX Researcher Selande,1,10,false,false,false,10: Negates effects.,10: negate the effects of 1 face-up card on the field,
15094540,Goblin Biker Grand Crisis,1,7b,false,false,false,7b: Summons monsters from banishment.,"7b: target 5 of your banished ""Goblin"" monsters with different names; Special Summon them",
18960169,Goblin Decoy Squad,1,5,false,false,false,5: Draws a card after it deals battle damage.,5: you can draw 1 card,
4149689,Goblin Fan,1,3.3,false,false,false,3.3: Continuous punishment of Flip Summons limited by Level.,"3.3: When a Level 2 or lower monster is Flip Summoned, destroy it",
85123771,Goblin Freefall Squad,1,10,false,false,false,10: Negates an opponent's monster.,10: negate the effects of that monster,
69632396,Goblin Out of the Frying Pan,1,10,false,false,false,10: Negates a Spell activation.,10: Negate the activation of a Spell Card,
45311864,Goblin Thief,1,6a,false,false,false,6a: Burn as primary function.,6a: Inflict 500 points of damage,
83743222,Goddess Bow,1,10,false,false,false,10: Negates an effect.,10: negate the first effect activated by your opponent during each Battle Phase,
72589042,Goddess of Sweet Revenge,1,8,true,false,false,8: Mass destruction.,8: destroy as many cards as possible your opponent controls,Hand trap on attack declaration treated as Battle-Phase-only exception for rule 4.
50915474,Goddess of the Two Sides,1,5 6b,false,false,false,6b: Doubles ATK. | 5: Draws a card.,6b: double the ATK of all monsters you currently control | 5: draw 1 card,
91969909,Goddess Urd's Verdict,1,9a,false,false,false,9a: Grants targeting and effect-destruction protection.,"9a: Your opponent cannot target ""Valkyrie"" monsters you control with card effects, also they cannot be destroyed by your opponent's card effects",
56105047,Gogogo Ghost,1,7b,false,false,false,7b: Special Summons a monster from the GY.,"7b: ""Gogogo Golem"" in your Graveyard; Special Summon that target",
39695323,Gogogo Giant,1,7b,false,false,false,7b: Revives a monster from the GY.,"7b: ""Gogogo"" monster in your GY; Special Summon that target",
19667590,Gogogo Gigas,1,7b,false,false,false,7b: Special Summons itself from the GY.,7b: Special Summon this card from your Graveyard,
2948263,Gogogo Golem - Golden Form,1,6b 10,true,false,false,10: Negates a monster effect. | 6b: ATK is a multiple of another monster's ATK.,10: negate that effect | 6b: This card's ATK becomes double the original ATK of the Tributed monster,"6b: doubles the tributed monster's ATK, not its own; battle damage is also halved."
43528009,Gold Moon Coin,1,5,false,false,false,5: Draws cards.,5: then draw 2 cards,
54670997,Gold Pride - Better Luck Next Time!,1,5,false,false,false,5: Draws a card.,5: You can draw 1 card,
90164606,Gold Pride - It's Neck and Neck!,1,7c,false,false,false,7c: Brings an Extra Deck monster out without its materials.,"7c: Special Summon 1 other ""Gold Pride"" monster from your Extra Deck",
27275398,Gold Pride - Pedal to the Metal!,1,9a 9b,false,false,false,9a: Indestructible by card effects. | 9b: Indestructible by battle.,9a: it cannot be destroyed by battle or card effects | 9b: it cannot be destroyed by battle or card effects,
28497830,Gold Pride - Pin Baller,1,7a 7b,false,false,false,7a: Equips opponent's monsters (ruling 24). | 7b: Can revive from the GY.,"7a: You can equip face-up monsters your opponent controls to it | 7b: Special Summon 1 ""Gold Pride - Roller Baller"" from your Deck or GY",
91286284,Gold Pride - That Came Out of Nowhere!,1,7b,false,false,false,7b: Special Summons from the GY.,"7b: Special Summon 1 ""Gold Pride"" monster from your hand or GY",
78004197,"Goldd, Wu-Lord of Dark World",1,7b 8,false,false,false,7b: Revives itself from the GY. | 8: Destroys up to 2 opponent cards.,7b: Special Summon this card from the Graveyard | 8: target up to 2 cards your opponent controls,
74029853,Golden Bamboo Sword,1,5,false,false,false,5: Draws cards.,5: Draw 2 cards,
56984514,Golden Land Forever!,1,10,false,false,false,10: Counter trap negating activations.,10: negate the activation,
3574681,Golden Rule,1,7b,false,false,false,7b: Special Summons from the GY.,7b: from your hand or GY,
78642798,Golden-Eyes Idol,1,7a,false,false,false,7a: Equips an opponent's monster.,"7a: equip that Effect Monster to 1 ""Eyes Restrict""",
81344070,"Goldenhair, the Newest Plunder Patroll",1,7b,false,false,false,7b: Revives itself from the GY.,7b: If this card is in your GY: You can discard 1 card; Special Summon this card,
24521754,Goldilocks the Battle Landscaper,1,8,false,false,false,8: Can destroy multiple opponent cards across columns.,8: destroy all other cards in the column,
59369430,Golgoil the Steel Seismic Smasher,1,7b 9b,false,false,false,"9b: Makes itself indestructible by battle. | 7b: Special Summons monsters from GY or banishment, including itself.",9b: neither can be destroyed by that battle | 7b: target 1 of your monsters that is banished or in your GY; Special Summon it,
9744376,Good Goblin Housekeeping,1,5,false,false,false,5: Draws cards.,5: Draw cards equal to the number,
42868711,Gora Turtle of Illusion,1,10,false,false,false,10: Continuously negates targeting Spell/Trap effects.,10: Negate the effect of Spell and Trap Cards,
66236707,Gordian Slicer,1,8,false,false,false,8: Can return multiple opponent cards to hand.,8: Target any number of face-up cards on the field,
52648457,Gorgon's Eye,1,10,false,false,false,10: Negates monster effects.,10: all effects of Defense Position monsters are negated,
44330098,Gorz the Emissary of Darkness,1,6a,false,false,false,6a: Reflects effect damage.,6a: Inflict damage to your opponent equal to the amount of damage you took.,
91148083,Gotterdammerung,1,8,false,false,false,8: Mass banishment of opponent's cards.,8: banish all cards your opponent controls,
13504844,Gottoms' Emergency Call,1,7b,false,false,false,7b: Special Summons monsters from the GY.,"7b: Target 2 ""X-Saber"" monsters in any Graveyard; Special Summon both",
26285557,Gouki Face Turn,1,7b,false,false,false,7b: Special Summons from the GY.,7b: Special Summon that other monster from the GY,
71555408,Gouki Iron Claw,1,9a,false,false,false,9a: Makes a monster unaffected by opponent's effects.,9a: it is unaffected by your opponent's card effects,"Hand effect is Damage Step only, so rule 4 exception applies."
62376646,Gouki Re-Match,1,7b,false,false,false,7b: Special Summons monsters from the GY.,7b: monsters in your GY with different Levels; Special Summon them,
53334471,Gozen Match,1,3.3 8,false,false,false,3.3: Continuous summon restriction by Attribute. | 8: Sends multiple monsters to GY.,3.3: Each player can only control 1 Attribute of monster | 8: Send all other face-up monsters they control to the GY,
79571449,Graceful Charity,1,5,false,false,false,5: Draws cards.,5: Draw 3 cards,
98273947,Graceful Revival,1,7b,false,false,false,7b: Special Summons a monster from the GY.,7b: Level 2 or lower monster in your Graveyard; Special Summon that target,
38430673,Grand Convergence,1,8,true,false,false,8: Destroys all monsters.,8: destroy all monsters on the field,300 damage alongside destruction; not counted as 6a since the card changes the field.
1637760,Grand Horn of Heaven,1,10 11a,false,false,false,10: Negates a summon. | 11a: Ends the opponent's Main Phase once.,10: Negate the Summon | 11a: end the Main Phase,
51132012,Grand Knight of the Red Lotus,1,7b,false,false,false,"7b: Special Summons from the GY, also itself from GY.",7b: Special Summon that other monster from your GY,
38057522,Grand Spiritual Art - Ichirin,1,10,false,false,false,10: Negates a monster effect.,10: Negate your opponent's first monster effect that resolves each turn,
61468779,Grandsoil the Elemental Lord,1,7b,false,false,false,7b: special summons from a GY,7b: You can target 1 monster in either player's GY; Special Summon that target,
98898163,Grandtusk Dragon,1,8,false,false,false,8: Destroys up to 2 cards.,8: target up to 2 other cards on the field; destroy them,
15545291,Granmarg the Mega Monarch,1,5 8,false,false,false,8: Can destroy 2 opponent's cards. | 5: Draws a card as an additional effect.,8: Target up to 2 Set cards on the field; destroy those targets | 5: draw 1 card,
34230233,"Grapha, Dragon Lord of Dark World",1,7b,false,false,false,7b: Special Summons itself from the GY.,7b: Special Summon this card (from your Graveyard),
39552584,"Grapha, Dragon Overlord of Dark World",1,7b 10,false,false,false,10: Rewriting an effect is negation (ruling 34). | 7b: Revives from GY or banishment.,"10: the activated effect becomes ""Your opponent discards 1 card"" | 7b: Special Summon 1 of your ""Grapha, Dragon Lord of Dark World"" that is banished or in your GY",
16632144,Grappler Angler,1,7b,false,false,false,7b: Special Summons from the GY.,7b: target 1 monster in your GY; Special Summon it,
83266092,Grave of the Super Ancient Organism,1,3.3,false,false,false,3.3: Level-defined lock that affects both players.,3.3: All Level 6 or higher Special Summoned monsters on the field cannot declare attacks or activate their effects,
31548215,Gravedigger's Trap Hole,1,6a 10,false,false,false,10: Negates a monster effect. | 6a: Damage triggered by a negation is primary (ruling 20).,10: Negate its effect | 6a: inflict 2000 damage to your opponent,
62473983,Gravekeeper's Chief,1,7b,false,false,false,7b: Special Summons a monster from the GY.,7b: Special Summon that target,
21663205,Gravekeeper's Headman,1,7b,false,false,false,7b: Special Summons from the GY.,"7b: target 1 Level 4 ""Gravekeeper's"" monster in your GY; Special Summon it",
46955770,Gravekeeper's Heretic,1,9a,false,false,false,9a: Grants itself unaffected status.,9a: unaffected by all other card effects,
25524823,Gravekeeper's Oracle,1,8,false,false,false,8: Destroys all opponent's Set monsters.,8: Destroy all Set monsters your opponent controls,
58139128,Gravekeeper's Shaman,1,3.2 10,false,false,false,"10: Continuously negates GY monster effects. | 3.2: Lock on a monster the opponent can attack, and on Necrovalley which an own Field Spell replaces.",10: Negate all monster effects that activate in the GY | 3.2: your opponent cannot activate Field Spell Cards,
79206925,Gravekeeper's Supernaturalist,1,9a,false,false,false,9a: Protects itself from destruction by effects.,9a: cannot be destroyed by card effects,
33737664,Graverobber's Retribution,1,6a,false,false,false,6a: Deals effect damage without changing the field.,6a: inflict 100 points of damage to your opponent's Life Points,
37930737,Gravity Balance,1,7b 9a 9b,false,false,false,7b: Special Summons monsters from GY or banishment. | 9a: Destruction substitute against card effects (ruling 6). | 9b: Destruction substitute against battle (ruling 6).,"7b: that are banished or in your GY; Special Summon both | 9a: would be destroyed by battle or an opponent's card effect, you can banish this card from your GY instead | 9b: would be destroyed by battle or an opponent's card effect, you can banish this card from your GY instead",
85742772,Gravity Bind,1,3.3,false,false,false,3.3: Level-defined attack lock.,3.3: Level 4 or higher monsters cannot attack,
35220244,Gravity Blaster,1,10,false,false,false,10: Negates the battling monster's effect.,10: that monster's effect is negated during the Battle Phase only,
66451379,Graydle Alligator,1,7a,false,false,false,7a: Takes control.,7a: take control of that monster,
93445074,Graydle Cobra,1,7a,false,false,false,7a: Takes control of an opponent's monster.,7a: take control of that monster,
84442536,Graydle Combat,1,10,false,false,false,10: Negates an activation.,10: Negate the activation,
29834183,Graydle Eagle,1,7a,false,false,false,7a: Takes control of an opponent monster.,7a: take control of that monster,
49966595,Graydle Parasite,1,7b,false,false,false,7b: Revives onto the opponent's field.,7b: Special Summon that target to their side of the field,
20056760,Graydle Slime,1,7b,false,false,false,7b: Special Summons itself and a monster from the GY.,7b: Special Summon that target in Defense Position,
80250319,Graydle Slime Jr.,1,7b,false,false,false,7b: Special Summons a targeted monster from the GY.,7b: also Special Summon that monster,
88989706,Great Dezard,1,10,false,false,false,10: Negates Spell/Traps targeting it.,10: negate the activation and effects of all Spell and Trap Cards that target this card,
63176202,Great Shogun Shien,1,3.2 9a 9b,false,false,false,3.2: Activation limit on an attackable monster. | 9a: Destruction substitute. | 9b: Destruction substitute incl. battle.,"3.2: Your opponent can only activate 1 Spell/Trap Card each turn | 9a: If this card would be destroyed, you can destroy a face-up ""Six Samurai"" monster you control instead | 9b: If this card would be destroyed, you can destroy a face-up ""Six Samurai"" monster you control instead",
7614732,Greater Polymerization,1,9a,false,false,false,9a: Summoned Fusion Monster cannot be destroyed by card effects.,9a: This card cannot be destroyed by card effects.,
51570882,Greedy Venom Fusion Dragon,1,7b 10,false,false,false,10: Negates a monster's effects. | 7b: Revives itself from the GY.,10: that target has its effects negated | 7b: Special Summon this card from the Graveyard,Mass destruction ignored: Extra Deck monster (rule 8 exempt).
46668237,"Green Baboon, Defender of the Forest",1,7b,false,false,false,7b: Summons itself from the GY.,7b: Special Summon this card,
61831093,Greenkappa,1,8,false,false,false,8: Destroys 2 cards.,8: Target 2 Set Spell/Trap Cards on the field; destroy those targets,
30552375,Grid Rod,1,9a 9b,false,false,false,9a: Grants unaffected status. | 9b: Grants battle indestructibility.,9a: it is unaffected by your opponent's card effects | 9b: cannot be destroyed by battle or card effects,
18046862,Grief Tablet,1,10,true,false,false,"10: Negates the equipped monster's effects, which can be an opponent's monster.",10: its effects are negated,"Equip can go on either player's monster; if only used on own monsters, rule 10 might not apply (ruling 33)."
55608151,Gryphon Wing,1,8 10,false,false,false,10: Negates an effect. | 8: Destroys all opponent S/T.,10: Negate its effect | 8: destroy all Spell and Trap Cards your opponent controls,
56198785,Guard Ghost,1,9a 9b,false,false,false,9a: Grants effect-destruction immunity. | 9b: Grants battle-destruction immunity.,9a: it cannot be destroyed by battle or card effects this turn | 9b: it cannot be destroyed by battle or card effects this turn,
64283880,Guard Go!,1,7b,false,false,false,7b: Special Summons a destroyed monster from the GY.,7b: Target 1 of those monsters; Special Summon it,
88928798,Guard Mines,1,10,false,false,false,10: Negates an effect.,10: Negate the effect,
48653261,Guard Penalty,1,5,false,false,false,5: Draws a card.,5: draw 1 card,
17052477,Guarded Treasure,1,5,false,false,false,5: Draws cards.,5: draw 2 cards,
73544866,Guardian Baou,1,10,false,false,false,10: Negates effects.,10: Negate the effects of monsters destroyed by battle with this card,
11321089,Guardian Chimera,1,5 9a,false,false,false,5: Draws cards. | 9a: Untargetable.,5: You can draw cards equal to the number of cards used as material from the hand | 9a: your opponent cannot target this card with card effects,
18175965,Guardian Dreadscythe,1,7b,false,false,false,7b: Revives itself from GY.,7b: Special Summon this card from the Graveyard,
9633505,Guardian Kay'est,1,9a,false,false,false,9a: Partial unaffected protection.,9a: This card is unaffected by Spell effects,
33460840,Guardian of Felgrand,1,7b,false,false,false,7b: Special Summons a monster from the GY.,7b: Dragon-Type monster in your Graveyard; Special Summon it,
40659562,Guardian Sphinx,1,8,false,false,false,8: Bounces all opponent monsters.,8: Return all monsters your opponent controls to the hand,
46037213,Guardian Tryce,1,7b,false,false,false,7b: Special Summons from the GY.,7b: Special Summon the monster from the Graveyard,
6990577,Guardragon Andrake,1,6b,false,false,false,6b: Doubles ATK.,6b: double this card's original ATK/DEF,
47393199,Guardragon Cataclysm,1,8,false,false,false,8: Can destroy 2 opponent cards.,8: target 2 cards on the field; destroy them,
11908584,Guardragon Corewakening,1,7b,false,false,false,7b: Can Special Summon from the GY.,"7b: from your hand, Deck, or GY",
79905468,Guardragon Promineses,1,7b,false,false,false,7b: Special Summons itself from the GY.,"7b: You can Special Summon this card, but banish it when it leaves the field",
69865139,Guiding Light,1,7b,false,false,false,7b: Special Summons a monster from the GY.,7b: target 1 Level 1 LIGHT monster in your GY; Special Summon that target,
45883110,"Guiding Quem, the Virtuous",1,7b,false,false,false,7b: Special Summons a monster from the GY.,"7b: in your GY, except ""Guiding Quem, the Virtuous""; Special Summon it",
61822419,Guilt-Gripping Morganite,1,5,false,false,false,5: Exchange draw counts as draw.,"5: place the revealed card on the bottom of the Deck, then draw 1 card",
24393683,Gunkan Suship Daily Special,1,5,false,false,false,5: GY effect draws a card.,5: then draw 1 card,
18482473,H.E.R.O. Flash!,1,7b 8,false,false,false,8: Can destroy several opponent cards. | 7b: Special Summons from the GY.,"8: Target cards your opponent controls, up to the number of ""Elemental HERO"" monsters you control; destroy those cards. | 7b: Add to your hand or Special Summon 1 ""Elemental HERO"" monster from your GY.",
18377261,Ha-Re the Sword Mikanko,1,6a 9b,true,false,false,9b: Grants itself battle protection. | 6a: Redirects damage to the opponent (ruling 22).,9b: it cannot be destroyed by battle | 6a: your opponent takes any battle damage you would have taken,Redirected damage is battle damage; unclear whether ruling 22 (6a) covers it.
28357177,Hade-Hane,1,8,false,false,false,8: Can bounce multiple opponent monsters.,8: return up to 3 monsters on the field to the owner's hand,
34137269,"Hailon, the Timelord",1,9a 9b,true,false,false,9a: Effect indestructibility. | 9b: Battle indestructibility.,9a: Cannot be destroyed by battle or card effects | 9b: Cannot be destroyed by battle,LP-difference damage after battle treated as byproduct of battle; could be 6a.
54611591,"Hallo, the Spirit of Tricks",1,6a,false,false,false,6a: Burn option without changing the field.,6a: Inflict 500 damage to your opponent for each Fiend monster in your GY,
74519184,Hand Destruction,1,5,false,false,false,5: Draws cards.,5: then draws 2 cards,
97904474,Handcuffs Dragon,1,7b,false,false,false,7b: Special Summons itself from the GY.,"7b: When it is destroyed and this card is sent to the Graveyard, you can Special Summon this card",
47330808,"Hapi, Guidance of Horus",1,7b,false,false,false,7b: Special Summons itself from the GY.,7b: you can Special Summon this card (from your GY),
68473226,Hardened Armed Dragon,1,9a,false,false,false,9a: Grants effect-destruction protection.,9a: that monster cannot be destroyed by card effects,
27927359,Harpie Lady 2,1,10,false,false,false,10: Negates effects.,10: Negate the effects of Flip monsters this card destroys by battle.,
65664792,Harpie Lady Elegance,1,7b,false,false,false,7b: Special Summons a monster from the GY.,"7b: 1 each from your hand, Deck, and GY",
86308219,Harpie Lady Phoenix Formation,1,8,false,false,false,8: Destroys multiple opponent monsters.,8: Target as many monsters your opponent controls as possible,
18144507,Harpie's Feather Duster,1,8,false,false,false,8: Mass destruction.,8: Destroy all Spell and Trap Cards your opponent controls.,
39275698,Harpie's Feather Rest,1,5,false,false,false,5: Draws cards.,5: then draw 1 card,
87639778,Harpie's Feather Storm,1,10,false,false,false,10: Negates opponent's monster effects.,10: negate any monster effects your opponent activates,
6924874,Harpie's Pet Baby Dragon,1,6b,false,false,false,6b: Doubles ATK.,6b: Double the original ATK and DEF of this card,
68199168,"Harr, Generaider Boss of Storms",1,10,false,false,false,10: Negates an activation once per turn.,10: negate the activation,
39033131,Haunted Shrine,1,7b,false,false,false,7b: Revives a monster from the GY.,7b: Target 1 Zombie monster in your GY; Special Summon it,
7443908,Hayate the Earth Star,1,10,false,false,false,10: Negates an attack.,10: negate the attack,
38525760,Hazy Flame Cerbereus,1,9a,false,false,false,9a: untargetable,9a: Your opponent cannot target this card with card effects,
74010769,Hazy Flame Griffin,1,9a,false,false,false,9a: Untargetable by opponent's effects.,9a: Your opponent cannot target this card with card effects,
31303283,Hazy Flame Hyppogrif,1,9a,false,false,false,9a: Untargetable.,9a: Your opponent cannot target this card with card effects.,
96051150,Hazy Flame Mantikor,1,9a,false,false,false,9a: Untargetable and can become effect-destruction immune.,9a: Your opponent cannot target this card with card effects,
37803172,Hazy Flame Peryton,1,9a,false,false,false,9a: Self untargetability.,9a: Your opponent cannot target this card with card effects,
1409474,Hazy Flame Sphynx,1,7b 9a,false,false,false,9a: Cannot be targeted. | 7b: Special Summons from the GY.,9a: Your opponent cannot target this card with card effects | 7b: Special Summon 1 FIRE monster from your hand or Graveyard,
38143903,Head Judging,1,7a 10,false,false,false,10: Negates an activation. | 7a: Can take control of an opponent's monster.,10: negate that effect's activation | 7a: change control of that monster to their opponent,
73129314,Heart of Gaia,1,10,true,false,false,10: Negates a monster effect activation.,"10: negate the activation, and if you do, destroy that card",Level increase of opponent's summoned monsters not judged a floodgate.
54475145,Heart of the Blue-Eyes,1,7b,false,false,false,7b: Special Summons itself from the GY.,"7b: send that monster to the GY, and if you do, Special Summon this card",
35762283,Heart of the Underdog,1,5,false,false,false,5: Draws an extra card.,5: draw 1 more card,
32065885,Heartfelt Appeal,1,7a,true,false,false,7a: Takes control of an opponent's monster.,7a: Take control of the 1 face-up monster your opponent controls,Also negates the stolen monster's effects as a drawback; not counted as rule 10.
45141013,Heat Wave,1,3.3,true,false,false,3.3: Summon lock on a card type lasting through the opponent's turn.,"3.3: Neither player can Normal or Special Summon Effect Monsters, until your next Draw Phase",Normal Spell lock lasting beyond this turn; unclear if it counts as a floodgate.
14357527,Heavy Beetrooper Mighty Neptune,1,7b,false,false,false,7b: Revives itself from GY or banishment.,7b: You can Special Summon this card,
50123605,Heavy Cavalry of the Indestructible Insects,1,9a,false,false,false,9a: Effect destruction immunity.,9a: Cannot be destroyed by your opponent's card effects,Rule 8 not applied: Extra Deck monster.
20071842,Heavy Interlock,1,9a 9b,false,false,false,9b: Partial battle protection. | 9a: Partial unaffected protection.,9b: cannot be destroyed by battle with a monster Special Summoned from the Extra Deck | 9a: is unaffected by the activated effect of any monster Special Summoned from the Extra Deck,
39890958,Heavy Mech Support Armor,1,7b 9a 9b,false,false,false,7b: Revives a Union monster from the GY. | 9a: Targeting protection and effect destruction substitute. | 9b: Battle destruction substitute.,"7b: Special Summon it | 9a: Your opponent cannot target a monster equipped with this card with card effects | 9b: if the equipped monster would be destroyed by battle or card effect, destroy this card instead",
19613556,Heavy Storm,1,8,false,false,false,8: Mass destruction.,8: Destroy all Spell and Trap Cards on the field.,
23924608,Heavy Storm Duster,1,8,false,false,false,8: Can destroy 2 opponent cards.,8: Target up to 2 Spells/Traps on the field; destroy them.,
43932352,Hecahands Bait,1,7a,false,false,false,7a: Takes control.,7a: take control of 1 monster your opponent controls,
31411835,Hecahands Dandalos,1,7a 9b,false,false,false,7a: Takes control of an opponent's monster. | 9b: Battle indestructibility.,7a: take control of it | 9b: neither can be destroyed by that battle,
68144894,Hecahands Godos,1,7b 9b,false,false,false,9b: Battle destruction protection. | 7b: Special Summons from the GY.,9b: neither can be destroyed by that battle | 7b: target 1 monster in your opponent's GY; Special Summon it to your field,
95365081,Hecahands Ibtel,1,7b 9b,false,false,false,9b: Continuous battle-destruction protection. | 7b: Special Summons a monster from the GY.,"9b: neither can be destroyed by that battle | 7b: monster in your GY, except ""Hecahands Ibtel""; Special Summon it",
67021206,Hecahands Jauzah,1,7c 9b,false,false,false,9b: Battle protection. | 7c: Summoned from Extra Deck without its listed materials.,9b: neither can be destroyed by that battle | 7c: Special Summoned (from your Extra Deck) by Tributing 2 monsters you control,
94410955,Hecahands Xeno,1,7a 7c 9b,false,false,false,9b: Battle destruction protection. | 7c: Summons an Extra Deck monster without its materials. | 7a: Takes control of opponent monsters.,"9b: neither can be destroyed by that battle | 7c: look at 2 random face-down cards in your opponent's Extra Deck, then you can Special Summon 1 of them | 7a: take control of any number of monsters your opponent controls",
75660578,"Hela, Generaider Boss of Doom",1,7b,false,false,false,7b: Special Summons a monster from the GY.,7b: Special Summon that monster in Defense Position,
80887952,Helios Duo Megistus,1,7b,false,false,false,7b: Revives itself from the GY.,7b: Special Summon it during the End Phase,
17286057,Helios Trice Megistus,1,7b,false,false,false,7b: Revives itself from the GY.,7b: Special Summon it during the End Phase,
67466547,"Helmer, Helmsman Fur Hire",1,5,false,false,false,5: Draws a card.,5: draw 1 card,
8963089,Heosvarog the Mechanical Dawn,1,10,false,false,false,10: Negates a Spell/Trap activation.,10: negate the activation,
84220251,Heraldry Reborn,1,7b,false,false,false,7b: Special Summons a monster from the GY.,7b: monster in your Graveyard; Special Summon it,
44676200,Hero Barrier,1,10,false,false,false,10: Negates an attack.,10: Negate 1 attack,
10489311,Hero Medal,1,5,false,false,false,5: Draws a card.,5: Then draw 1 card,
33995387,Hero's Rule 1: Five Freedoms,1,7b,false,false,false,7b: Special Summons from banishment.,"7b: target 1 of your banished ""Elemental HERO"" monsters; Special Summon it",
85854214,Hero's Rule 2,1,10,false,false,false,10: Negates activations.,10: Negate the activation,
21924381,Heroic Advance,1,6b 9b,false,false,false,6b: Doubles ATK. | 9b: Battle protection.,6b: double its ATK | 9b: monsters cannot be destroyed by this battle,
92609670,Heroic Challenger - Ambush Soldier,1,7b,false,false,false,7b: Special Summons from the GY.,7b: from your hand and/or Graveyard,
18548966,Heroic Challenger - Morning Star,1,7b,false,false,false,7b: Special Summons itself from the GY.,7b: If this card is in your GY and your LP are 500 or less: You can Special Summon this card,
1833916,Heroic Challenger - Thousand Blades,1,7b,false,false,false,7b: Special Summons itself from the GY.,7b: You can Special Summon this card in Attack Position,
95920682,Heroic Gift,1,5,false,false,false,5: Draws cards.,5: draw 2 cards,
64697431,"Hey, Trunade!",1,8,false,false,false,8: Bounces all set Spells/Traps.,8: Return all Set Spells and Traps on the field to the hand,
47128571,Hidden Fangs of Revenge,1,8 10 11a,true,false,false,8: Mass destruction. | 10: Negates an attack. | 11a: Skips to the End Phase once.,8: destroy as many monsters your opponent controls as possible | 10: negate that attack | 11a: then it becomes the End Phase,Skip to End Phase during Battle Phase takes Main Phase 2; unclear.
26232916,Hidden Village of Ninjitsu Arts,1,9a 9b,false,false,false,9a: Destruction substitute against card effects. | 9b: Destruction substitute against battle.,"9a: would be destroyed by battle or an opponent's card effect, you can banish 1 ""Ninja"" monster from your GY instead | 9b: would be destroyed by battle",
30794966,Hieratic Dragon of Asar,1,9a 9b,false,false,false,9a: Destruction substitute vs effects. | 9b: Destruction substitute vs battle.,"9a: If this face-up card on the field would be destroyed, you can Tribute 1 face-up ""Hieratic"" monster instead | 9b: If this face-up card on the field would be destroyed, you can Tribute 1 face-up ""Hieratic"" monster instead",
4022819,Hieratic Dragon of Eset,1,7b,false,false,false,7b: Can Special Summon from the GY.,"7b: Special Summon 1 Dragon-Type Normal Monster from your hand, Deck, or Graveyard",
78033100,Hieratic Dragon of Gebeb,1,7b,false,false,false,7b: Can Special Summon from the GY.,"7b: Special Summon 1 Dragon-Type Normal Monster from your hand, Deck, or Graveyard",
31516413,Hieratic Dragon of Nebthet,1,7b,false,false,false,7b: Can Special Summon a monster from the GY.,"7b: Special Summon 1 Dragon-Type Normal Monster from your hand, Deck, or Graveyard",
41639001,Hieratic Dragon of Nuit,1,7b,false,false,false,7b: Special Summons from the GY.,"7b: Special Summon 1 Dragon-Type Normal Monster from your hand, Deck, or Graveyard",
3300267,Hieratic Dragon of Su,1,7b,false,false,false,7b: Special Summons from the GY.,"7b: from your hand, Deck, or Graveyard",
77901552,Hieratic Dragon of Tefnuit,1,7b,false,false,false,7b: Can Special Summon from the GY.,"7b: Special Summon 1 Dragon Normal Monster from your hand, Deck, or GY",
53670497,Hieratic Seal From the Ashes,1,7b,false,false,false,7b: Special Summons a monster from the GY.,"7b: Target 1 ""Hieratic"" monster in your Graveyard; Special Summon that target",
47360060,Hieratic Seal of Reflection,1,10,false,false,false,10: Negates an activation.,10: negate the activation,
64514622,Hieratic Seal of the Dragon King,1,7b,false,false,false,7b: Can Special Summon a monster from the GY.,"7b: from your hand, Deck or Graveyard",
70569684,High Rate Draw,1,5,false,false,false,5: Draws cards.,5: draw 1 card for every 2 monsters destroyed,
32542011,High Tide on Fire Island,1,7b,false,false,false,7b: Special Summons monsters from the GY.,7b: Special Summon as many WATER monsters as possible that were sent to your Graveyard,
11248645,Highness Archfiend,1,7b,false,false,false,7b: Special Summons itself from the GY.,7b: You can Special Summon this card,
759393,Hiita the Fire Charmer,1,7a,false,false,false,7a: Takes control of an opponent's monster.,7a: take control of that target,
46130346,Hinotama,1,6a,false,false,false,6a: Pure burn.,6a: Inflict 500 damage to your opponent.,
43730887,Holding Arms,1,9a 9b 10,false,false,false,10: Negates an opponent monster's effects. | 9a: Self effect protection. | 9b: Self battle protection.,10: its effects are negated | 9a: this card cannot be destroyed by battle or card effects | 9b: this card cannot be destroyed by battle or card effects,
70124586,Holding Legs,1,8,false,false,false,8: Bounces multiple opponent cards.,8: Return all Set Spell and Trap Cards on the field to the hand,
15462014,Hollow Giants,1,10,false,false,false,10: Continuous negation (ruling 13).,10: Negate the effects of face-up monsters Special Summoned from the Extra Deck,
80036543,Hope for Escape,1,5,false,false,false,5: Draws cards.,5: draw 1 card for every 2000 points difference,
100461003,Hope for the Future,1,7d 10,false,false,false,7d: Fusion material from the Deck. | 10: Negates a card's effects.,"7d: using monsters from your hand, Deck, or field | 10: negate its effects",
98069388,Horn of Heaven,1,8 10,true,false,false,10: Negates a Summon. | 8: Can destroy several summoned monsters.,10: negate the Summon | 8: destroy that monster(s),Rule 8 only if several monsters are summoned at once.
21350571,Horn of the Phantom Beast,1,5,false,false,false,5: Draws a card.,5: Draw 1 card,
99307040,Horus the Black Flame Deity,1,8,false,false,false,8: Can send multiple opponent monsters to the GY.,8: send all other monsters on the field to the GY,
11224103,Horus the Black Flame Dragon LV6,1,9a,false,false,false,9a: Partial unaffected protection.,9a: This card is unaffected by Spell effects,
9264485,Horus' Servant,1,9a,false,false,false,9a: Grants untargetability to monsters.,"9a: Your opponent cannot target face-up ""Horus the Black Flame Dragon"" monsters",
13510157,Hound of the Tistina,1,7b,false,false,false,7b: Can Special Summon itself from the GY.,"7b: If this card is in your hand or GY and you control a LIGHT ""Tistina"" monster: You can Special Summon this card",
41232647,House Dragonmaid,1,7b,false,false,false,7b: Special Summons from the GY.,"7b: Special Summon 1 ""Dragonmaid"" monster from your hand or GY",
49904658,Hrimnir the Divine Follower,1,7b,false,false,false,7b: Summons itself from GY.,"7b: You can Special Summon this card, but banish it when it leaves the field",
6327734,Hu-Li the Jewel Mikanko,1,6a 9a 9b,false,false,false,9b: Battle protection. | 9a: Untargetability. | 6a: Reflecting damage is 6a (ruling 22).,"9b: it cannot be destroyed by battle | 9a: your opponent cannot target ""Mikanko"" cards you control with card effects | 6a: your opponent takes any battle damage you would have taken",
65396880,Huge Revolution,1,8,false,false,false,8: Mass destruction.,8: destroy all cards your opponent controls on the field,
55990317,Hugin the Runick Wings,1,9a,false,false,false,9a: Destruction substitute for other monsters.,"9a: If another card(s) you control would be destroyed by card effect, you can banish this card you control instead.",
9627468,Humongous Hive Hegemon - Zexstagger,1,7b,false,false,false,7b: Special Summons from the GY.,7b: each player can Special Summon 1 Insect monster from their hand or GY,
90788081,Hundred Dragon,1,9a 9b,false,false,false,9a: Once-only effect protection. | 9b: Once-only battle protection.,"9a: the first time that face-up monster would be destroyed by battle or card effect, it is not destroyed | 9b: the first time that face-up monster would be destroyed by battle or card effect, it is not destroyed",
25343017,Hushed Psychic Cleric,1,7b,false,false,false,7b: Special Summons a banished monster.,7b: Target 1 monster banished by this card's effect; Special Summon that target,
30339825,"Hydor, the Base of All Things",1,7b,false,false,false,7b: Special Summons a monster from a GY.,7b: Special Summon that target to that field in Defense Position,
16317140,Hyper Blaze,1,7b,false,false,false,7b: Special Summons from the GY.,"7b: add to your hand or Special Summon, 1 ""Uria, Lord of Searing Flames"", ""Hamon, Lord of Striking Thunder"", or ""Raviel, Lord of Phantasms"" from your GY",
83512285,Hyper Galaxy,1,7b,false,false,false,7b: Can revive from the GY.,"7b: Special Summon 1 ""Galaxy-Eyes Photon Dragon"" from your hand, Deck, or GY",Tributes only 1 opponent monster.
37169670,Hyper Psychic Blaster/Assault Mode,1,7b,false,false,false,7b: Special Summons a monster from the GY.,"7b: Special Summon 1 ""Hyper Psychic Blaster"" from your Graveyard",
90384300,Hypernova Burst,1,5,false,false,false,5: Draws cards.,5: draw 2 cards,
77778835,Hysteric Party,1,7b,false,false,false,7b: Special Summons monsters from the GY.,"7b: Special Summon as many copies of ""Harpie Lady"" as possible from your Graveyard",
71768839,I.A.S. -Invasive Alien Species-,1,7b 9a 9b,false,false,false,9a: Effect-destruction protection. | 9b: Battle protection. | 7b: Special Summons itself from the GY.,9a: Cannot be destroyed by battle or card effects | 9b: Cannot be destroyed by battle | 7b: while this card is in your GY: You can Special Summon this card,
93294363,Ib'al-Hecahands,1,7b 10,false,false,false,10: Negates a monster effect activation. | 7b: Summons the destroyed monster from the GY.,10: Negate the activation | 7b: Special Summon the destroyed monster to your field,
53567095,Icarus Attack,1,8,false,false,false,8: Can destroy 2 opponent cards.,8: target 2 cards on the field; destroy them,
34293667,Ice Barrier,1,10,false,false,false,10: Negates a monster's effects.,10: negate its effects,
20899496,Ice Dragon's Prison,1,7b,false,false,false,7b: Revives from the GY.,7b: Target 1 monster in your opponent's GY; Special Summon it to your field,
32750510,Ice Master,1,8,false,false,false,8: Can destroy multiple countered opponent monsters.,8: destroy all monsters with an Ice Counter(s),
82777208,Icejade Acti,1,5 7b,false,false,false,5: Draws a card. | 7b: Can Special Summon from the GY.,"5: draw 1 card | 7b: Special Summon 1 ""Icejade"" monster from your hand or GY",
39354437,Icejade Aegirine,1,7b 9a 9b,false,false,false,7b: Can Special Summon from the GY. | 9a: One-time protection from card-effect destruction. | 9b: One-time protection from battle destruction.,"7b: Special Summon 1 WATER monster from your hand or GY | 9a: the next time this card would be destroyed by battle or card effect this turn, it is not destroyed | 9b: the next time this card would be destroyed by battle or card effect this turn, it is not destroyed",
53742162,Icejade Erosion,1,10,false,false,false,10: Negates effects.,10: negate the targeted card's effects,
28762303,Icejade Tinola,1,7b,false,false,false,7b: Special Summons monsters from the GY.,"7b: Special Summon 1 ""Icejade"" monster from your hand or GY",
55151012,Icejade Tremora,1,7b,false,false,false,7b: Special Summons from the GY.,"7b: Special Summon 1 ""Icejade"" monster from your hand or GY",
4825390,Ichiroku's Ledger Book,1,8,false,false,false,8: Temporarily banishes up to 2 opponent monsters.,8: Target up to 2 monsters your opponent controls; banish them until the End Phase,
19362568,Icy Breeze Refrain,1,7b 10,false,false,false,7b: Special Summons from the GY. | 10: Negates an opponent's effect.,"7b: Target 1 ""Windwitch"" monster in your GY; Special Summon it | 10: Negate that opponent's effect",
20721759,Icy Crevasse,1,6a,true,false,false,"6a: Damage tied to sending to the GY, not destruction (ruling 20).",6a: inflict damage to your opponent equal to its original ATK,Damage follows removal of a monster; ruling 20 treats sending to GY as primary.
35984222,Ido the Supreme Magical Force,1,7b,false,false,false,7b: Revives itself from the GY.,7b: Special Summon it from your Graveyard,
70595331,Il Blud,1,7b,false,false,false,7b: Special Summons from either GY.,7b: Special Summon 1 Zombie monster from your hand or either GY,
42198835,Illegal Knight,1,8,false,false,false,8: Bounces up to 2 opponent cards.,8: target up to 2 cards your opponent controls,
33017964,Illusion Gate,1,7b 8,false,false,false,8: Destroys all opponent monsters. | 7b: Special Summons a monster from the GY.,8: destroy as many monsters your opponent controls as possible | 7b: Special Summon 1 monster from your opponent's GY to your field,
12266229,Illusion of Chaos,1,7b 10,false,false,false,7b: Summons from the GY. | 10: Negates a monster effect.,"7b: Special Summon 1 ""Dark Magician"" from your GY | 10: negate that activated effect",
101403078,Illusion of the Winter Raven Witch,1,7d 8,true,false,false,8: Mass bounce. | 7d: Fusion material from outside hand/field.,8: return all cards your opponent controls to the hand | 7d: using monsters from your Extra Deck and/or field,"Material comes from the Extra Deck, not the Main Deck; unclear if 7d covers it."
15173384,Illusionist Faceless Magician,1,7b,false,false,false,7b: Revives itself and other monsters from GY.,7b: Special Summon this card from the GY,
41952656,Imairuka,1,5,false,false,false,5: Draws a card.,5: draw 1 card,
22091647,Immortal Phoenix Gearfried,1,7a 10,false,false,false,7a: Can equip an opponent's monster. | 10: Negates monster effect activation.,7a: You can equip 1 face-up monster on the field to this card | 10: negate the activation,
86778566,Impenetrable Attack,1,9a,false,false,false,9a: Grants effect and battle destruction protection.,9a: it cannot be destroyed by battle or by card effects,
61740673,Imperial Order,1,10,false,false,false,10: Continuous negation.,10: Negate all Spell effects on the field,
90434657,Imperial Tombs of Necrovalley,1,10,false,false,false,10: Negates an activation.,10: Negate the activation,
4628897,Imperion Magnum the Superconductive Battlebot,1,10,false,false,false,"10: Negates activations, once per turn.",10: You can negate the activation,
26357901,Imprudent Intrusion,1,7b,false,false,false,7b: Special Summons from the GY.,7b: Special Summon 1 monster from your GY,
84941194,"Imsety, Glory of Horus",1,5 7b,false,false,false,7b: Special Summons itself from the GY. | 5: Draws a card.,7b: you can Special Summon this card (from your GY) | 5: then you can draw 1 card,
62953041,Inari Fire,1,7b,false,false,false,7b: Revives itself from the GY.,7b: Special Summon it from your Graveyard,
3775068,Indiora Doom Volt the Cubic Emperor,1,7b,false,false,false,7b: Special Summons from the GY.,7b: monsters in your Graveyard; Special Summon them,
47754278,Infernal Dragon,1,7b,false,false,false,7b: Revives itself from the GY.,7b: Special Summon this card from the GY,
19847532,Infernal Flame Emperor,1,8,false,false,false,8: Can destroy up to 5 Spell/Traps.,8: Destroy a number of Spell/Trap Cards on the field equal to the number of monsters removed from play,
28653611,Infernal Punisher,1,7b,false,false,false,7b: Can Special Summon a monster from the GY.,"7b: from your hand, Deck, or GY",
27882993,Infernalqueen Salmon,1,7b,false,false,false,7b: Special Summons a monster from the GY.,"7b: Special Summon 1 Fish Normal Monster from your hand, Deck, or GY",
85475641,Infernity Avenger,1,7b,false,false,false,7b: Special Summons itself from the GY.,7b: Special Summon this card from your Graveyard,
9059700,Infernity Barrier,1,10,false,false,false,10: Negates an activation.,10: Negate the activation,
48144778,Infernity Conjurer,1,7b,false,false,false,7b: Special Summons itself from the GY.,7b: this card is in your GY: You can Special Summon this card,
14425515,Infernity Doom Slinger,1,6a,true,false,false,6a: Redirects damage to the opponent (ruling 22).,6a: your opponent takes any effect damage you would have taken this turn instead,Opponent chooses the option; redirect is conditional.
18712704,Infernity Force,1,7b,false,false,false,7b: Revives a monster from the GY.,"7b: Special Summon 1 ""Infernity"" monster from your Graveyard",
17502671,Infernity General,1,7b,false,false,false,7b: Revives 2 monsters.,7b: Special Summon them from the Graveyard,
51566770,Infernity Guardian,1,9a 9b,false,false,false,9a: Indestructible by card effects. | 9b: Indestructible by battle.,9a: cannot be destroyed by battle or by card effects | 9b: cannot be destroyed by battle,
71341529,Infernity Knight,1,7b,false,false,false,7b: Special Summons itself from the GY.,7b: Special Summon this card from the Graveyard,
66957584,Infernity Launcher,1,7b,false,false,false,7b: Special Summons from the GY.,"7b: target up to 2 ""Infernity"" monsters in your Graveyard; Special Summon them",
86197239,Infernity Mirage,1,7b,false,false,false,7b: Special Summons from the GY.,"7b: select 2 ""Infernity"" monsters in your Graveyard. Special Summon those monsters",
56209279,Infernity Necromancer,1,7b,false,false,false,7b: Revives from the GY once per turn.,"7b: select 1 ""Infernity"" monster in your Graveyard",
86547356,Infernity Paranoia,1,7b,false,false,false,7b: Can Special Summon from the GY.,7b: from your Deck or GY,
54320860,Infernity Patriarch,1,9a 9b,false,false,false,9a: Destruction substitute against card effects. | 9b: Destruction substitute against battle.,"9a: would be destroyed by battle or card effect, you can banish this card from your GY instead | 9b: would be destroyed by battle or card effect, you can banish this card from your GY instead",
13582837,Infernity Randomizer,1,5 6a,false,false,false,"5: Draws a card. | 6a: Damage from a draw, not destruction/summon/battle.",5: you can draw 1 card and reveal it | 6a: inflict damage to your opponent equal to the Level of that monster x 200,
15313433,Infernity Reflector,1,7b,true,false,false,7b: Revives a monster.,7b: Select and Special Summon that monster from your Graveyard,Damage accompanies a summon; treated as byproduct.
12541409,Infernity Suppression,1,10,false,false,false,10: Negates a monster effect.,10: Negate the effect,
52684508,Inferno Fire Blast,1,6a,false,false,false,6a: Burns without changing the field.,6a: inflict damage to your opponent equal to its original ATK,
62767644,Inferno of the Ashened,1,7b,false,false,false,7b: Special Summons a monster from the GY.,7b: Special Summon that other monster from your GY,
12247206,Inferno Reckless Summon,1,7b,false,false,false,7b: Summons from the GY.,"7b: from your hand, Deck, and Graveyard",
95953557,Infernoble Knight Astolfo,1,7b,false,false,false,7b: Special Summons from banishment/GY.,7b: Special Summon this banished card,
94730900,Infernoble Knight Maugis,1,5 9b,false,false,false,9b: Grants battle indestructibility. | 5: Draws a card.,9b: the equipped monster cannot be destroyed by battle | 5: draw 1 card,
21351206,Infernoble Knight Ogier,1,9a,false,false,false,9a: Grants effect indestructibility.,9a: cannot be destroyed by card effects,
58346901,Infernoble Knight Oliver,1,9a,false,false,false,9a: Grants targeting protection to the equipped monster.,9a: your opponent cannot target the equipped monster with card effects,
53404966,Infernoble Knight Ricciardetto,1,7b,false,false,false,7b: Special Summons a monster from the GY.,"7b: target 1 Level 4 or lower FIRE Warrior monster in your GY, except ""Infernoble Knight Ricciardetto""; Special Summon it",
88301393,Infernoid Attondel,1,7b,false,false,false,7b: Can Special Summon itself from GY.,7b: Must be Special Summoned (from your hand or Graveyard),
23440231,Infernoid Devyaty,1,7b 8 10,false,false,false,7b: Can Special Summon itself from the GY. | 8: Destroys all Spells/Traps. | 10: Negates monster effect activation.,7b: Special Summoned (from your hand or GY) | 8: destroy all Spells and Traps on the field | 10: negate the activation,
14799437,Infernoid Onuncu,1,7b 8 10,false,false,false,7b: Can Special Summon itself from the GY. | 8: Destroys all other monsters. | 10: Negates Spell/Trap activation.,7b: from your hand or Graveyard | 8: destroy all other monsters on the field | 10: negate the activation,
25811989,Infernoid Piaty,1,7b,false,false,false,7b: Can Special Summon itself from the GY.,7b: Must be Special Summoned (from your hand or Graveyard),
96055137,Infernoid Sjette,1,7b,false,false,false,7b: Can Special Summon itself from the GY.,7b: Must be Special Summoned (from your hand or Graveyard),
27541267,Infestation Pandemic,1,9a,false,false,false,9a: Grants Spell/Trap immunity.,9a: are unaffected by other Spell/Trap effects this turn,
81218874,Infestation Ripples,1,7b,false,false,false,7b: Revives from the GY.,7b: Special Summon it from the Graveyard,
90934570,Infestation Terminus,1,8,false,false,false,8: Returns 2 opponent cards to the hand.,8: return the second targets to the hand,
10045474,Infinite Impermanence,1,10,false,false,false,10: Negates a monster's effects.,10: negate its effects,
72883039,Infinite Light,1,7b 9a,true,false,false,9a: Grants untargetability to Timelord monsters. | 7b: Can Special Summon a monster from the GY.,"9a: Neither player can target ""Timelord"" monsters you control with card effects | 7b: Special Summon up to 1 ""Timelord"" monster each from your hand, Deck, and GY",Could also be read as a both-player floodgate on targeting/returning to Deck; treated as protection.
61912252,Infinitrack Trencher,1,7b,false,false,false,7b: Special Summons from GY.,"7b: target 1 Level 5 or lower ""Infinitrack"" monster in your GY, except ""Infinitrack Trencher""; Special Summon that monster",
97316367,Infinitrack Tunneller,1,5,false,false,false,5: Draws 2 cards.,5: then draw 2 cards,
96345184,"Infinity of the Sacred Beasts - Raviel, Lord of Phantasms",1,8,false,false,false,8: Destroys all opponent's monsters.,8: destroy as many monsters your opponent controls as possible,
4941482,Informer Spider,1,7a,false,false,false,7a: Takes control of an opponent's monster.,7a: take control of 1 Defense Position monster your opponent controls,
39703254,Inmato,1,5,false,false,false,5: Draws cards.,5: draw 2 cards,
23615409,Insect Barrier,1,3.3,false,false,false,3.3: Continuous attack lock limited by Type.,3.3: Insect-Type monsters your opponent controls cannot declare an attack,
86527709,Insect Invitation,1,5,false,false,false,5: Draws a card.,5: then draw 1 card,
16169772,Instant Contact,1,7c,false,false,false,7c: Extra Deck monster without materials.,"7c: Special Summon 1 Level 7 or lower ""Elemental HERO"" or ""Neo-Spacian"" monster from your Extra Deck, ignoring its Summoning conditions",
1845204,Instant Fusion,1,7c,false,false,false,7c: Extra Deck summon without materials.,7c: Special Summon 1 Level 5 or lower Fusion Monster from your Extra Deck,
11913700,Instant Neo Space,1,7b,false,false,false,7b: Can Special Summon from the GY.,"7b: Special Summon 1 ""Elemental HERO Neos"" from your hand, Deck, or GY",
59695933,Intercept,1,7a,false,false,false,7a: Takes control of an opponent's monster.,7a: Take control of that monster,
60238002,Interdimensional Matter Forwarder,1,7b,false,false,false,7b: Flickers a monster back from banishment.,"7b: banish it, then return it to the field",
57384901,Interdimensional Warp,1,7a,false,false,false,7a: Takes control of an opponent's monster.,7a: Switch control of those monsters,
14729426,"Interplanetary Invader ""A""",1,7a,false,false,false,7a: Takes control of an opponent's monster.,7a: Gain control of a monster that attacks this face-up Attack Position card,
80208323,Interplanetarypurplythorny Beast,1,7b,false,false,false,7b: Special Summons itself from the GY.,7b: You can Special Summon this card from your Graveyard,
99330325,Interrupted Kaiju Slumber,1,8,false,false,false,8: Mass destruction.,8: Destroy as many monsters on the field as possible,
93946239,Into the Void,1,5,false,false,false,5: Draws a card.,5: Draw 1 card,
3056267,Invader of the Throne,1,7a,false,false,false,7a: Takes control of an opponent's monster.,7a: switch control of it with this card,
71108540,Invincible Demise Lord,1,7b 9a,false,false,false,7b: Can Special Summon itself from the GY. | 9a: Grants effect-destruction protection.,7b: Special Summon this card from your hand or GY | 9a: it cannot be destroyed by card effects,
76334960,"Invocation - ""Chalice""",1,7d,false,false,false,7d: Uses Fusion Material from the Deck.,7d: 1 monster from your Deck,
85908279,Invoked Cocytus,1,9a,false,false,false,9a: Cannot be targeted or destroyed by the opponent's effects.,9a: Your opponent cannot target this card with card effects,
80635735,Invoked Dee Anima,1,10,false,false,false,10: Negates a GY effect.,10: negate that effect,
75286621,Invoked Mechaba,1,10,false,false,false,10: Negates activations.,10: negate the activation,
43989315,Invoked Sorath,1,7b,false,false,false,7b: Revives from GY.,7b: target 1 Level 6 or lower monster in either GY; Special Summon it,
259314,Inzektor Gauntlet,1,9a,false,false,false,9a: Grants protection from effect destruction.,9a: cannot be destroyed by your opponent's card effects,
94573223,Inzektor Giga-Mantis,1,7b,false,false,false,7b: Special Summons a monster from the GY.,"7b: monster in your Graveyard except ""Inzektor Giga-Mantis""; Special Summon that target",
21977828,Inzektor Giga-Weevil,1,7b,false,false,false,7b: Special Summons a monster from the GY.,"7b: target 1 ""Inzektor"" monster in your Graveyard; Special Summon that target",
38643567,Inzektor Orb,1,10,false,false,false,10: Negates an effect.,10: negate that effect,
70744296,Ipiria,1,5,false,false,false,5: Draws a card when Summoned.,5: Draw 1 card,
45072394,Iron Cage,1,7b,false,false,false,7b: Special Summons a monster from the GY.,7b: Special Summon that monster to your field,
64662453,Iron Call,1,7b,false,false,false,7b: Special Summons from the GY.,7b: Machine monster in your GY; Special Summon that target,
26157485,Iron Chain Blaster,1,6a,false,false,false,6a: Burn with a cost (ruling 19).,6a: inflict 800 damage to your opponent,
53274132,Iron Chain Repairman,1,7b,false,false,false,7b: Special Summons from the GY.,"7b: Special Summon 1 Level 4 or lower ""Iron Chain"" monster from your Graveyard",
34545235,Iron Core Luster,1,10,false,false,false,10: Negates a Spell/Trap activation.,10: Negate the activation of your opponent's Spell or Trap Card,
46247282,Iron Dragon Tiamaton,1,3.2 8,false,false,false,8: Can destroy several opponent cards in the column. | 3.2: Zone lock on an attackable monster.,8: Destroy all other cards in this card's column | 3.2: Neither player can use the unused zones in this card's column,
34559295,Iron Draw,1,5,false,false,false,5: Draws cards.,5: Draw 2 cards,
12682213,Iron Thunder,1,8 10,false,false,false,10: Negates. | 8: Destroys several cards.,10: negate the activation | 8: then destroy any other cards in the same column,
14730606,Ivy Shackles,1,5,false,false,false,5: Draws a card.,5: Draw 1 card,
23850421,Jack Wyvern,1,7b,false,false,false,7b: Special Summons a monster from the GY.,7b: target 1 DARK monster in your GY; Special Summon it,
36016907,Jack-o-Bolan,1,7b,false,false,false,7b: Special Summons a monster from a GY.,7b: target 1 Zombie monster in either GY; Special Summon that monster,
44364207,Jade Knight,1,9a,false,false,false,9a: Partial effect-destruction protection.,9a: cannot be destroyed by Trap effects,
98954106,Jar of Avarice,1,5,false,false,false,5: Draw card.,5: then draw 1 card,
83968380,Jar of Greed,1,5,false,false,false,5: Draws a card.,5: Draw 1 card.,
33784505,Jar Robber,1,5 10,false,false,false,10: Negates an effect. | 5: Draws a card.,10: Negate the effect | 5: draw 1 card from your Deck,
83725008,"Jenis, Lightsworn Mender",1,6a,false,false,false,6a: Inflicts damage without changing the field.,6a: Inflict 500 damage to your opponent,
77585513,Jinzo,1,3.2 10,false,false,false,3.2: Trap activation lock on an attackable monster. | 10: Continuous negation.,"3.2: Trap Cards, and their effects on the field, cannot be activated. | 10: Negate all Trap effects on the field.",
40275470,Jinzo - Energy Shocker,1,3.2 8,false,false,false,8: Mass destruction. | 3.2: Trap lock on a monster that can be attacked.,8: destroy as many Traps your opponent controls as possible | 3.2: Your opponent cannot activate Trap Cards or effects,
35803249,Jinzo - Lord,1,3.2 8 10,false,false,false,3.2: Continuous Trap lock on a monster the opponent can attack. | 10: Continuously negates Traps. | 8: Destroys all face-up Traps.,3.2: Trap Cards cannot be activated | 10: the effects of all Trap Cards on the field are negated | 8: you can destroy all face-up Trap Cards,
9418534,Jinzo - Returner,1,7b,false,false,false,7b: Special Summons from the GY.,"7b: Special Summon 1 ""Jinzo"" from your Graveyard",
39987731,Jinzo the Machine Menace,1,7b 8,false,false,false,7b: Revives from the GY. | 8: Mass destruction.,"7b: Special Summon 1 ""Jinzo"" from your hand or GY | 8: destroy all Traps your opponent controls",
8316565,Jolt Counter,1,10,false,false,false,10: Negates an activation.,10: Negate the activation,
43685562,Joruri-P.U.N.K. Dangerous Gabu,1,10,false,false,false,10: Negates effects.,10: negate its effects,
5257687,Jowls of Dark Demise,1,7a,false,false,false,7a: Takes control of an opponent's monster.,7a: Take control of 1 monster on your opponent's side of the field,
55256016,Judgment of Anubis,1,10,false,false,false,10: Negates a Spell activation.,10: negate the activation,
93595154,Judgment of the Branded,1,8,false,false,false,8: destroys multiple opponent monsters,8: destroy all monsters your opponent controls,
55948544,Judgment of the Pharaoh,1,10,false,false,false,10: Negates Spell/Trap effects.,10: negate the effects of all Spell and Trap Cards on your opponent's side of the field,
73490417,Jungle Dweller,1,8 9a,false,false,false,9a: Untargetable. | 8: Can destroy up to 2 opponent cards.,9a: your opponent cannot target this card with card effects | 8: destroy up to that many cards your opponent controls,
37745919,Junk Box,1,7b,false,false,false,7b: Revives a monster from the GY.,"7b: Special Summon 1 Level 4 or lower ""Morphtronic"" monster from your Graveyard",
43436049,Junk Breaker,1,10,false,false,false,10: Negates monster effects.,10: have their effects negated,
67968069,Junk Puppet,1,7b,false,false,false,7b: Special Summons a monster from the GY.,"7b: Target 1 ""Gimmick Puppet"" monster in your GY; Special Summon it",
63977008,Junk Synchron,1,7b,false,false,false,7b: Special Summons a monster from the GY.,7b: monster in your Graveyard; Special Summon that target,
80727721,Jurrac Aeolo,1,7b,false,false,false,7b: Revives a monster from the GY.,7b: Special Summon that monster from the Graveyard,
17948378,Jurrac Dino,1,5,false,false,false,5: Draws cards.,"5: Tribute 1 ""Jurrac"" monster to draw 2 cards",
16111820,Jurrac Herra,1,7b,false,false,false,7b: Can revive itself from the GY.,7b: Special Summon this card from your hand or GY,
5479217,Jurrac Impact,1,8,false,false,false,8: Destroys all cards including the opponent's.,8: Destroy all cards on the field,
93170499,Jurrac Megalo,1,5,false,false,false,5: discard-and-draw effect,5: then draw 2 cards,
85028288,Jurrac Titano,1,9a,false,false,false,9a: Targeting protection.,9a: Cannot be targeted by Trap or monster effects,
24068492,Just Desserts,1,6a,false,false,false,6a: Direct effect damage as primary function.,6a: Inflict 500 damage to your opponent for each monster they control.,
62271284,Justi-Break,1,8,false,false,false,8: Can destroy multiple opponent monsters.,8: Destroy all monsters on the field,
26842483,Justice Bringer,1,10,false,false,false,10: Negates monster effect activations once per turn.,10: you can negate the activation,
20065259,Kagero the Cannon Ninja,1,7b,false,false,false,"7b: Special Summons from the GY, including itself.","7b: Special Summon 1 ""Ninja"" monster from your hand or GY",
39049051,Kahyoreigetsu,1,8,false,false,false,8: Can bounce multiple opponent monsters.,8: return all Dragon monsters on the field to the hand,
67768675,Kaibaman the Legend,1,7b,false,false,false,7b: Can Special Summon from the GY.,"7b: Special Summon 1 ""Blue-Eyes White Dragon"" from your hand, Deck, or GY",
81057455,Kaiju Capture Mission,1,5,false,false,false,5: Draws cards.,5: You can draw 2 cards,
60822251,Kaiki the Unity Star,1,7b,false,false,false,7b: special summons itself from the GY,7b: You can Special Summon this card,
20904475,Kairo Ryu-Ge Emva,1,7b,false,false,false,7b: Special Summons itself from the GY.,7b: You can Special Summon this card from your GY,
6442944,Kaiser Sea Snake,1,7b,false,false,false,7b: Special Summons from the GY.,7b: Special Summon 1 Level 8 Sea Serpent monster from your hand or GY,
50834074,Kaitoptera,1,7b,false,false,false,7b: Summons itself from banishment.,7b: If this card is banished: You can Special Summon it,
97570038,Kaminote Blow,1,8,true,false,false,8: Can destroy several opponent monsters with one resolution.,8: Destroy the monster(s) that battle with these monsters,Destruction happens across several Damage Steps; unclear if one resolution per ruling 29.
91712985,"Kamion, the Timelord",1,9a 9b,false,false,false,9a: Indestructible by card effects. | 9b: Indestructible by battle.,9a: Cannot be destroyed by battle or card effects | 9b: Cannot be destroyed by battle,
85541675,Karakuri Anatomy,1,5,false,false,false,5: Draws cards.,5: draw 1 card for each Karakuri Counter,
3693034,Karakuri Cash Inn,1,10,false,false,false,10: Negates an opponent monster's effects.,10: negate the effects of that opponent's monster,
2924048,Karakuri Cash Shed,1,10,false,false,false,10: Negates a Spell/Trap activation.,10: Negate the activation,
11699941,Karakuri Gama Oil,1,7b,false,true,false,7b: Special Summons from the GY.,"7b: target 1 ""Karakuri"" monster in your GY; Special Summon it",
79178930,Karakuri Klock,1,8,false,false,false,8: Mass destruction.,8: Destroy all face-up monsters your opponent controls.,
50615578,"Karakuri Ninja mdl 7749 ""Nanashick""",1,5,false,false,false,5: Draws cards.,5: you can draw a number of cards,
22751868,Karakuri Showdown Castle,1,7b,false,false,false,7b: Revives a monster from the GY.,"7b: select 1 Level 4 or higher ""Karakuri"" monster in your Graveyard, and Special Summon it",
52512994,Kasha,1,8,false,false,false,8: Removes multiple opponent monsters.,8: Shuffle as many other monsters on the field as possible into the Deck,
8953369,Kashtira Overlap,1,10,false,false,false,10: Negates a monster's effects.,10: negate its effects until the end of this turn,
21639276,Kashtira Preparations,1,7b,false,false,false,7b: Returns a monster from banishment.,"7b: Special Summon 1 of your ""Kashtira"" monsters that is banished",
99529628,"Keaf, Murk of the Ghoti",1,7b,false,false,false,7b: Special Summons from banishment.,7b: Special Summon this banished card,
48048590,Keeper of Dragon Magic,1,7b,false,false,false,7b: Special Summons from the GY.,7b: Special Summon 1 of the Fusion Materials whose name is specifically listed on that monster from your GY,
66752837,Keeper of the Shrine,1,7b,false,false,false,7b: Can Special Summon itself from the GY.,7b: While this card is in your hand or GY,
62383431,"Keurse, the Ogdoadic Light",1,7b,false,false,false,7b: Revives from the GY.,7b: Special Summon this card,
11501629,Kickfire,1,6a,false,false,false,6a: Burn without changing the field.,6a: inflict 1000 damage to your opponent for each counter on this card,
10759529,Kid Guard,1,10,false,false,false,10: Negates an attack.,10: negate the attack,
63972571,King Beast Barbaros,1,8,false,false,false,8: Destroys 2 opponent cards.,8: target 2 cards your opponent controls; destroy them,
13756293,King Dragun,1,9a,false,false,false,9a: Makes Dragons untargetable by opponent.,9a: Your opponent cannot target Dragon monsters with card effects,
67757079,King of the Beasts,1,7b,false,false,false,7b: Special Summons itself from the GY.,7b: Special Summon this card from your hand or Graveyard,
36021814,King of the Skull Servants,1,7b,false,false,false,7b: Revives itself from the GY.,7b: Special Summon this card,
100459018,King of Yamimado,1,9a,false,false,false,9a: Self-protection from effects and targeting.,"9a: cannot be destroyed by your opponent's card effects, also your opponent cannot target it",
20438745,King Pyron,1,6a,false,false,false,6a: Direct effect damage.,6a: inflict 1000 damage to your opponent,
16528181,King's Sarcophagus,1,9a,false,false,false,9a: Grants partial effect-destruction immunity.,9a: cannot be destroyed by card effects that do not target them,
45452224,Kinka-byo,1,7b,false,false,false,7b: Special Summons a monster from the GY.,7b: target 1 Level 1 monster in your GY; Special Summon that target,
16960120,Kitchen Dragonmaid,1,7b,false,false,false,7b: Special Summons a monster from the GY.,"7b: Special Summon 1 Level 8 ""Dragonmaid"" monster from your hand or GY",
3361010,Kitsuni Kitsunebi,1,7b,false,false,false,7b: Special Summons itself from the GY.,7b: while this card is in your GY: You can Special Summon this card,
82627406,Kiwi Magician Girl,1,9a,false,false,false,9a: Grants effect-destruction and targeting protection.,"9a: cannot be destroyed by card effects, and your opponent cannot target them",
46237548,Knight of the Red Lotus,1,7b,false,false,false,7b: Special Summons from the GY.,7b: Special Summon 1 Level 4 or lower Normal Monster from your Graveyard,
87210505,Knight's Title,1,7b,false,false,false,7b: Can Special Summon from the GY.,"7b: from your hand, Deck or Graveyard",
80925836,Koa'ki Meiru Doom,1,10,false,false,false,10: Continuous negation.,10: Negate the effects of LIGHT and DARK monsters,
5817857,Koa'ki Meiru Ghoulungulate,1,9a 9b,false,false,false,9a: Destruction substitute against card effects. | 9b: Destruction substitute against battle.,"9a: would be destroyed by battle or by a card effect, you can remove from play | 9b: would be destroyed by battle",
45041488,Koa'ki Meiru Guardian,1,10,false,false,false,10: Negates a monster effect activation.,10: negate the activation,
14309486,Koa'ki Meiru Overload,1,8 10,false,false,false,10: Negates a Summon. | 8: Can destroy several summoned monsters.,10: negate the Summon | 8: destroy that monster(s),
19642889,Koa'ki Meiru Powerhand,1,10,false,false,false,10: Negates effects of battling monster.,10: are negated during that Battle Phase,
10060427,Koa'ki Meiru Rooklord,1,8,false,false,false,8: Destroys up to 2 opponent cards.,8: destroy up to 2 cards your opponent controls,
49680980,Koa'ki Meiru Sandman,1,10,false,false,false,10: Negates a Trap activation; tributes itself.,10: negate the activation,
12216615,Koa'ki Meiru Shield,1,8,false,false,false,8: Mass destruction.,8: Destroy all face-up Attack Position monsters your opponent controls,
68809475,Koa'ki Meiru Speeder,1,5,false,false,false,5: Draws an extra card.,5: draw 1 more card,
72258771,Koa'ki Meiru Valafar,1,9a,false,false,false,9a: Partial effect protection.,9a: This card cannot be destroyed by the effects of Trap Cards.,
66816282,Koa'ki Meiru Wall,1,10,false,false,false,10: Negates a Spell.,10: negate the activation,
19406822,Kotodama,1,3.2 8,true,false,false,"8: Can destroy several same-name monsters, including the opponent's. | 3.2: Punishes summoning duplicates for both players; on a monster that can be attacked.","8: destroy those monsters | 3.2: If there are face-up monsters with the same name on the field, destroy those monsters.","Unclear whether this is a floodgate, mass removal, or both."
55885348,Kozmo Dark Destroyer,1,9a,false,false,false,9a: Untargetable.,9a: Cannot be targeted by an opponent's card effects,
20849090,Kozmo Forerunner,1,9a,false,false,false,9a: Targeting protection.,9a: Cannot be targeted by an opponent's card effects,
59496924,Kozmo Landwalker,1,9a 9b,false,false,false,9a: Destruction substitute against card effects. | 9b: Destruction substitute against battle.,"9a: would be destroyed by battle or an opponent's card effect, you can destroy 1 other | 9b: would be destroyed by battle or an opponent's card effect, you can destroy 1 other",
86013171,Kozmo Scaredy Lion,1,6a,false,false,false,6a: Damage from returning banished cards.,6a: inflict 500 damage to your opponent,
1274455,Kozmo Soartroopers,1,7b,false,false,false,7b: Special Summons from the GY.,"7b: target 1 Psychic-Type ""Kozmo"" monster in your Graveyard; Special Summon it",
56907986,Kozmo Strawman,1,7b,false,false,false,7b: Summons from banishment.,"7b: target 1 of your banished ""Kozmo"" monsters; Special Summon it",
12408276,Kozmoll Dark Lady,1,10,false,false,false,10: Negates a monster effect.,10: negate the activation,
93302695,Kozmoll Wickedwitch,1,9a 9b,false,false,false,9a: makes itself indestructible by effects | 9b: makes itself indestructible by battle,9a: this card cannot be destroyed by battle or card effects | 9b: this card cannot be destroyed by battle or card effects,
67237709,Kozmotown,1,5,false,false,false,5: Draws cards.,5: draw cards equal to the number of cards you shuffled into the Deck,
51205763,Krawler Glial,1,7b,false,false,false,7b: Special Summons from the GY.,7b: from your hand or GY,
63526052,Krawler Soma,1,7b,false,false,false,7b: Special Summons from the GY.,"7b: from your hand, Deck, or GY",
37006702,Krishnerd Witch,1,7b 9a,false,false,false,9a: Conditional protection from destruction by effects. | 7b: Special Summons a monster from GY or banishment.,9a: Cannot be destroyed by your opponent's card effects | 7b: you can Special Summon it instead,
20087414,Kuebiko,1,10,false,false,false,10: Negates an effect.,10: negate that opponent's effect,
78543464,Kuji-Kiri Curse,1,5,false,false,false,5: Draws cards.,5: draw 2 cards,
57666212,Kuraz the Light Monarch,1,5 8,false,false,false,8: Destroys up to 2 cards. | 5: Draws cards.,8: target up to 2 cards on the field; destroy those targets | 5: can draw 1 card for each,
70914287,Kuribabylon,1,7b,false,false,false,7b: Special Summons monsters from the GY.,7b: from your hand and/or GY in Attack Position,
44632120,Kuribah,1,7b,false,false,false,7b: Can Special Summon from the GY.,"7b: Special Summon 1 ""Kuribabylon"" from your hand, Deck, or GY",
71036835,Kuribee,1,10,false,false,false,10: Negates an attack.,10: negate the attack,
14965712,Kuriboh - Multiply!,1,7b,false,false,false,7b: Can Special Summon from GY.,"7b: from your Deck or GY, 1 ""Dark Magician"" or 1 monster with 300 ATK/200 DEF",
78355370,Kuribohrn,1,7b,false,false,false,7b: Special Summons from the GY.,"7b: target any number of ""Kuriboh"" monsters in your GY; Special Summon them",
35405755,Kurikara Divincarnate,1,7b 8,false,false,false,8: Tributes several opponent monsters (ruling 28). | 7b: Revives from the GY.,8: by Tributing all face-up monsters on the field that activated their effects this turn in your opponent's Monster Zone | 7b: target 1 monster in your opponent's GY; Special Summon it to your field,
66102515,Kurikurinku @Ignister,1,7b 10,false,false,false,7b: Special Summons itself from the GY. | 10: Negates an effect.,"7b: If this card is in your hand or GY (Quick Effect): You can Tribute 1 ""@Ignister"" monster; Special Summon this card | 10: negate that effect",
65325949,Kuzuha the Bewitching Deity Ashtra,1,8,false,false,false,8: Destroys multiple targeted cards.,8: destroy them,
93509766,Kyoro Ryu-Ge Kaiva,1,8,false,false,false,8: can destroy multiple cards,8: up to the number of different Monster Types on the field; destroy them,
2511,Labrynth Cooclock,1,7b,false,false,false,7b: Special Summons itself from the GY.,"7b: You can add this card to your hand, or Special Summon it",
33407125,Labrynth Labyrinth,1,7b,false,false,false,7b: Can Special Summon from the GY.,7b: Special Summon 1 Fiend monster from your hand or GY,
74018812,Labrynth Stovie Torbie,1,7b,false,false,false,7b: Revives itself from the GY.,7b: You can Special Summon this card,
90147755,Lady Assailant of Flames,1,6a,false,false,false,6a: Burn without changing the field.,6a: inflict 800 damage to your opponent,
81497285,Lady Labrynth of the Silver Castle,1,9a,false,false,false,9a: Self targeting and effect-destruction protection.,9a: your opponent cannot target this card with card effects,
84900597,Lamia,1,9a,false,false,false,9a: Grants protection from destruction by card effects.,9a: it cannot be destroyed by card effects,
66970385,Last Chapter of the Noble Knights,1,7b,false,false,false,7b: Revives from GY.,7b: Special Summon that monster,
86049351,Last Counter,1,10,false,false,false,10: Negates an attack.,10: Negate the attack,
90330453,Last Day of Witch,1,8,false,false,false,8: Mass destruction.,8: Destroy all face-up Spellcaster-Type monsters on the field.,
28566710,Last Turn,1,8,false,false,false,8: Sends all other cards on the field to the GY.,8: send all other cards on the field and in their respective owners' hands to their respective Graveyards,
15667446,"Latinum, Exarch of Dark World",1,7b,false,false,false,7b: Revives itself from the GY.,7b: Special Summon this card from the Graveyard,
13171876,Laundry Dragonmaid,1,7b,false,false,false,7b: Can revive from GY.,"7b: Special Summon 1 Level 7 ""Dragonmaid"" monster from your hand or GY",
41741922,Lava Dragon,1,7b,false,false,false,7b: Special Summons from the GY.,7b: 1 from your Graveyard,
102380,Lava Golem,1,6a 8,true,false,false,"8: Tributes 2 opponent monsters, which counts as removal. | 6a: Recurring damage to its controller, who is the opponent after the summon.",8: by Tributing 2 monsters they control | 6a: Take 1000 damage,6a: the damage hits the card's controller (the opponent after it is given to them); unclear whether that counts as effect damage as primary function.
30303854,Laval Archer,1,7b,false,false,false,7b: Special Summons itself from the GY.,7b: Special Summon this card in Defense Position,
38492752,Laval Cannon,1,7b,false,false,false,7b: Returns a banished monster to the field.,"7b: target 1 of your banished ""Laval"" monsters; Special Summon that target",
14047624,Laval Judgment Lord,1,6a,false,false,false,6a: Burn without changing the field state as primary function.,6a: inflict 1000 damage to your opponent,
50599453,Leafplace Plaice,1,7b,false,false,false,7b: Special Summons itself from the GY.,7b: You can Special Summon this card,
32126000,Learning Elf,1,5,false,false,false,5: Draws a card.,5: You can draw 1 card,
56256517,Ledger of Legerdemain,1,5,true,false,false,5: Blind top-of-Deck cards added to hand (ruling 18).,5: add all 3 cards to your hand,Delayed blind add treated as draw.
25614410,Legacy of a HERO,1,5,false,false,false,5: Draw effect.,5: draw 3 cards,
30461781,Legacy of Yata-Garasu,1,5,false,false,false,5: Draws cards.,5: Draw 2 cards,
89397517,Legend of Heart,1,7b,false,false,false,7b: Special Summons from GY.,"7b: from your hand, Deck, and/or GY",
12324546,Legendary Ebon Steed,1,9a 9b,false,false,false,9a: Destruction substitute covers destruction by effects. | 9b: Destruction substitute covers destruction by battle.,"9a: If it would be destroyed, destroy this card instead | 9b: If it would be destroyed, destroy this card instead",
60258960,Legendary Flame Lord,1,8,false,false,false,8: Destroys all monsters.,8: destroy all monsters on the field except this card,
70298454,Leng Ling,1,9a 9b,false,false,false,9a: Destruction substitute versus effects. | 9b: Destruction substitute versus battle.,"9a: if the equipped monster would be destroyed by battle or card effect, destroy this card instead | 9b: if the equipped monster would be destroyed by battle or card effect, destroy this card instead",
57201737,Leodrake's Mane,1,10,false,false,false,10: Negates a monster's effects.,10: its effects are negated,
34950192,Lev Shaddoll Fusion,1,7c,false,false,false,7c: Summons a Fusion Monster without its listed materials.,"7c: Special Summon 1 ""Shaddoll"" Fusion Monster with a different Attribute from your Extra Deck (this is treated as a Fusion Summon)",
90500169,Level Down!?,1,7b,false,false,false,7b: Special Summons a monster from the GY.,7b: Special Summon 1 monster from the owner's Graveyard,
57421866,Level Eater,1,7b,false,false,false,7b: Self revival from GY.,7b: Special Summon this card,
61850482,Level Modulation,1,7b,false,false,false,7b: Revives from the GY.,"7b: Special Summon 1 ""LV"" monster from your Graveyard",
37721209,Levia-Dragon - Daedalus,1,8,false,false,false,8: Destroys all opponent cards.,8: destroy all other cards on the field,
72022087,Liberty at Last!,1,8,false,false,false,8: Can return 2 opponent monsters to the Deck.,8: Target 2 face-up monsters on the field; shuffle those targets into the Deck,
41085464,Libromancer Bonded,1,9a,false,false,false,9a: Grants effect indestructibility.,"9a: it cannot be destroyed, or banished, by card effects",
88083109,Libromancer Displaced,1,7a,false,false,false,7a: Takes control of an opponent's monster.,7a: take control of that opponent's monster,
88106656,Libromancer Fireburst,1,6b 9b,false,false,false,9b: Cannot be destroyed by battle. | 6b: Doubles battle damage.,9b: it cannot be destroyed by battle | 6b: any battle damage it inflicts to your opponent is doubled,
45001322,Libromancer Firestarter,1,9a,false,false,false,9a: Effect destruction protection.,"9a: it cannot be destroyed, or banished, by card effects",
44889144,Libromancer Intervention,1,7b 10,false,false,false,10: Negates an activated effect. | 7b: Can Special Summon from the GY.,"10: negate that activated effect | 7b: Special Summon 1 ""Libromancer"" monster from your hand or GY",
52707042,Libromancer Mystigirl,1,9a 10,false,false,false,9a: Grants targeting protection. | 10: Negates a monster's effects.,9a: your opponent cannot target Ritual Monsters you control with monster effects | 10: negate its effects,
17178486,Life Equalizer,1,6a,false,false,false,6a: Setting LP counts as damage (ruling 21).,6a: Both players' Life Points become 3000,
89617515,Lifeless Leaffish,1,5,false,false,false,5: Draws a card.,5: then draw 1 card,
52253888,Light Law Medium,1,3.2 6a 10,true,false,false,10: Negates an attack. | 6a: Damage tied to negation. | 3.2: Forced attack while this monster remains.,10: You can negate the attack | 6a: inflict damage to your opponent equal to half the original ATK | 3.2: those monsters must attack this card this turn,Forced attack is this turn only and also a target restriction (ruling 7/9); 6a vs attack-declaration byproduct unclear.
72554664,Light of the Branded,1,7b,false,false,false,7b: Summons monsters from GYs.,"7b: Special Summon 1 ""Fallen of Albaz"" from your GY",
53341729,Light-Imprisoning Mirror,1,10,false,false,false,10: Continuous negation.,10: Negate all LIGHT monster effects,
37231841,Lighten the Load,1,5,false,false,false,5: Draw with a cost is still draw.,5: then draw 1 card,
14532163,Lightning Storm,1,8,false,false,false,8: Mass destruction.,8: Destroy all Attack Position monsters your opponent controls,
69162969,Lightning Vortex,1,8,false,false,false,8: Destroys all opponent face-up monsters.,8: destroy all face-up monsters your opponent controls,
99365553,Lightpulsar Dragon,1,7b,false,false,false,7b: Summons itself and other monsters from the GY.,7b: Special Summon this card (from your GY),
38737148,Lightray Daedalus,1,8,false,false,false,8: destroys up to 3 cards,8: target 1 Field Spell Card and 2 other cards on the field; destroy them,
4722253,Lightray Gearfried,1,10,false,false,false,"10: Negates Spell/Trap activations, once per turn.",10: negate the activation,
25218587,Lightsworn Aegis,1,10,false,false,false,10: Negates effects of opponent's cards.,10: negate their effects until the end of this turn,
52665542,Lightsworn Sanctuary,1,9a,false,false,false,9a: Destruction substitute against card effects.,9a: you can remove 2 Shine Counters from your side of the field for each of those,
65289956,Like the Diabell,1,7b,false,false,false,7b: Revives from GY.,"7b: Special Summon 1 ""Diabell"" monster from your hand or GY",
68812773,Lillybot,1,7b,false,false,false,7b: Revives from the GY.,"7b: target 1 ""Orbital 7"" in your Graveyard; Special Summon that target",
27551,Limit Reverse,1,7b,false,false,false,7b: Special Summons a monster from the GY.,7b: Target 1 monster with 1000 or less ATK in your Graveyard; Special Summon it,
92450185,Limiter Overload,1,7b,false,false,false,7b: Can Special Summon from the GY.,"7b: from your hand, Deck, or Graveyard",
23171610,Limiter Removal,1,6b,false,false,false,6b: Doubles ATK.,6b: Double the ATK of all Machine monsters you currently control,
64238008,Linear Accelerator Cannon,1,6a,false,false,false,6a: Burn with tribute as cost.,6a: inflict damage to your opponent equal to half that monster's original ATK,
70916046,Linear Equation Cannon,1,8,false,false,false,8: Can shuffle several opponent cards away.,8: shuffle cards your opponent controls into the Deck,
35595518,Linkslayer,1,8,false,false,false,8: Can destroy up to 2 cards.,"8: You can discard up to 2 cards, then target that many Spells/Traps on the field; destroy them",
8955148,Litmus Doom Ritual,1,5,false,false,false,5: Draws a card.,5: then draw 1 card,
72566043,Litmus Doom Swordsman,1,9a 9b,false,false,false,9a: Partial unaffected protection. | 9b: Battle indestructible.,9a: It is unaffected by Trap effects | 9b: cannot be destroyed by battle,
35487920,Live☆Twin Channel,1,10,false,false,false,10: Negates an attack.,10: negate that attack,
54257392,Live☆Twin Ki-sikil Frost,1,5,false,false,false,5: Draws a card.,5: draw 1 card,
34959756,Living Fossil,1,7b,false,false,false,7b: Special Summons a monster from the GY.,7b: Special Summon it and equip it with this card,
25801745,"Lo, the Prayers of the Voiceless Voice",1,7b,false,false,false,7b: Revives itself from the GY.,7b: while this card is in your GY (except during the Damage Step): You can Special Summon this card,
52346240,Lock Cat,1,7b,false,false,false,7b: Special Summons a monster from the GY.,7b: Beast-Type monster in your Graveyard and Special Summon it,
2116237,Loka Samsara,1,7b 7c,false,false,false,7b: Banished monster returns to the field. | 7c: Summons an Extra Deck monster without materials.,"7b: Banish 1 face-up ""Visas Starfrost"" from your Monster Zone (until the End Phase) | 7c: from your Extra Deck, ignoring its Summoning conditions",
82452993,Lone Wolf,1,9a 9b,false,false,false,9a: Grants unaffected status. | 9b: Battle indestructible.,9a: is unaffected by any of your opponent's monster effects | 9b: cannot be destroyed as a result of battle,
9822220,Lord of the Heavenly Prison,1,9a,false,false,false,9a: Set monsters gain protection from destruction by effects.,9a: Set cards on the field cannot be destroyed by card effects,
59829423,Lord of the Missing Barrows,1,8,false,false,false,8: Can banish multiple opponent field cards.,8: banish 1 monster and 2 Spells/Traps from your opponent's field and/or GY,
40320754,Lord Poison,1,7b,false,false,false,7b: Revives a monster from the GY.,"7b: Plant-Type monster in your Graveyard, except ""Lord Poison""; Special Summon that target",
50699850,"Loris, Lady of Lament",1,5,false,false,false,5: Draw with a cost.,5: draw 1 card for every 3 cards placed,
24348804,Lose 1 Turn,1,3.3 10,true,false,false,10: Continuous negation. | 3.3: Continuous battle position compulsion limited to Effect Monsters.,10: negate its effects during the turn that monster was Special Summoned | 3.3: If an Effect Monster(s) is Special Summoned in Attack Position: Change it to Defense Position,Unclear whether the forced position change is a floodgate and whether Effect Monster counts as a card property subset.
74003290,Lost Wind,1,10,false,false,false,10: Negates a monster's effects.,10: negate its effects,
17228908,Lost World,1,3.2 9a 9b,true,false,false,"3.2: Field Spell targeting lock, removable by playing own Field Spell. | 9a: Monsters become untargetable by opponent. | 9b: Battle destruction substitute.","3.2: While your opponent controls a Token, they cannot target monsters on the field with card effects, except Tokens | 9a: they cannot target monsters on the field with card effects, except Tokens | 9b: if a Normal Monster(s) on the field would be destroyed by battle or card effect, you can destroy that many Dinosaur-Type monsters in your hand and/or Deck instead",Substitute also covers effects (9a already hit); targeting lock is both floodgate and protection.
45409943,Luce the Dusk's Dark,1,9a,false,false,false,9a: Grants effect destruction protection.,9a: cannot be destroyed by card effects,
34968834,"Lucent, Netherlord of Dark World",1,7b,false,false,false,7b: Special Summons itself from the GY.,7b: Special Summon it from the Graveyard,
82760689,Lucky Cloud,1,5,false,false,false,5: Draws cards.,5: draw 2 cards,
34664411,Lucky Iron Axe,1,5,false,false,false,5: Draws a card.,5: Draw 1 card,
68762510,Lucky Pied Piper,1,5,false,false,false,5: Draws a card.,5: draw 1 card,
36378044,Lucky Punch,1,5,false,false,false,5: Draws cards.,5: draw 3 cards,
57115864,Lumenize,1,10,false,false,false,10: Negates an attack.,10: negate the attack,
95503687,"Lumina, Lightsworn Summoner",1,7b,false,false,false,7b: Special Summons from the GY.,7b: monster in your GY; Special Summon that target,
56166150,"Lumina, Twilightsworn Shaman",1,7b,false,false,false,7b: Special Summons from banishment.,"7b: target 1 of your banished ""Lightsworn"" monsters, except ""Lumina, Twilightsworn Shaman""; Special Summon it",
48444114,Luna Light Perfume,1,7b,false,false,false,7b: Special Summons a monster from the GY.,"7b: Target 1 ""Lunalight"" monster in your GY; Special Summon it",
48596760,Luna the Dark Spirit,1,6a,false,false,false,6a: Burn without changing the field.,6a: Inflict 500 damage to your opponent,
94919024,Lunalight Crimson Fox,1,10,false,false,false,10: Negates an activation; banishes itself.,10: negate the activation,
14152693,Lunalight Emerald Bird,1,5 7b,false,false,false,5: Draws a card. | 7b: Special Summons from GY or banishment.,5: draw 1 card | 7b: that is banished or in your GY,
87931906,Lunalight Fusion,1,7d,false,false,false,7d: Fusion material from Deck.,"7d: you can also use 1 ""Lunalight"" monster in your Deck or Extra Deck as Fusion Material",
24550676,Lunalight Leo Dancer,1,9a,false,false,false,9a: Untargetable and indestructible by effects.,"9a: Your opponent cannot target this card with card effects, also it cannot be destroyed by your opponent's card effects",Mass destruction ignored: rule 8 does not apply to Extra Deck monsters.
54701958,Lunalight Liger Dancer,1,9a,false,false,false,9a: Unaffected by most card effects.,"9a: Unaffected by card effects, except ""Lunalight"" cards",Mass destruction ignored because rule 8 does not apply to Extra Deck monsters.
97165977,Lunalight Panther Dancer,1,9a,false,false,false,9a: Self-protection from destruction by effects.,9a: Cannot be destroyed by your opponent's card effects,
88753594,Lunalight Sabre Dancer,1,9a,false,false,false,9a: Cannot be targeted.,9a: Your opponent cannot target this card with card effects.,
11876803,Lunalight Scarlet Tiger,1,7b,false,false,false,7b: Can revive from GY.,"7b: Special Summon 1 ""Lunalight"" monster from your face-up Extra Deck or GY",
35763582,Lunalight Silver Hound,1,10,false,false,false,10: Negates an activation.,10: negate the activation,
84812868,Lunalight White Rabbit,1,7b 8,false,false,false,7b: Special Summons from the GY. | 8: Bounces multiple opponent cards.,"7b: target 1 ""Lunalight"" monster in your Graveyard, except ""Lunalight White Rabbit""; Special Summon it | 8: target Spell/Trap Cards your opponent controls, up to the number of other ""Lunalight"" cards you control; return them to the hand",
50546208,Lunalight Yellow Marten,1,7b,false,false,false,7b: Can Special Summon itself from the GY.,7b: Special Summon this card in Defense Position,
73318863,Lyna the Light Charmer,1,7a,false,false,false,7a: Takes control of an opponent's monster.,7a: Take control of 1 LIGHT monster your opponent controls,
56619778,Lyrilusc - Bird Strike,1,10,false,false,false,10: Negates monster effects.,10: Negate the effects of all face-up monsters your opponent currently controls,
97949165,Lyrilusc - Turquoise Warbler,1,7b,false,false,false,7b: Special Summons from the GY.,"7b: Special Summon 1 ""Lyrilusc"" monster from your hand or Graveyard",
87074380,Machina Citadel,1,7b 8,false,false,false,8: Can destroy multiple opponent monsters. | 7b: Revives itself from the GY.,8: all monsters your opponent controls with ATK less than or equal to it | 7b: while this card is in your GY: You can Special Summon this card,
13247801,Machina Defense Perimeter,1,9a,false,false,false,9a: Makes Level 6 or lower Machines untargetable by opponent effects.,9a: your opponent cannot target them with card effects,
58054262,Machina Force,1,7b,false,false,false,7b: Special Summons monsters from the GY.,7b: in your GY; Special Summon those targets,
50863093,Machina Irradiator,1,7b,false,false,false,7b: Special Summons a monster from the GY.,7b: Special Summon from your GY,
51617185,Machina Megaform,1,7b,false,false,false,7b: Special Summons itself from the GY.,"7b: banish that ""Machina Fortress"" from the GY; Special Summon this card",
59741415,Machina Overdrive,1,5,false,false,false,5: Draw effect with cost.,5: then draw 1 card,
85136114,Machina Possesstorage,1,7b,false,false,false,7b: Special Summons a monster from the GY.,"7b: target 1 ""Machina"" monster in your GY, except ""Machina Possesstorage""; Special Summon it",
46033517,Machina Ruinforce,1,6a 7b 10,false,false,false,10: Negates an activation. | 6a: LP halving triggered by negation is primary damage. | 7b: Summons from banishment and itself from the GY.,10: negate that activation | 6a: halve your opponent's LP | 7b: Special Summon up to 3 of your banished,
25518020,Machine Assembly Line,1,7b,false,false,false,7b: Special Summons a monster from the GY.,7b: target 1 Machine-Type monster in your Graveyard whose Level is less than or equal to the number of Junk Counters that were on this card; Special Summon that target,
18760514,Mad Mauler,1,7b,false,false,false,7b: Special Summons itself from the GY.,7b: Special Summon this card,
31034919,Mad Reloader,1,5,false,false,false,5: Draws cards.,5: draw 2 cards,
26570480,Madolche Chickolates,1,10,false,false,false,10: Negates a monster's effects.,10: its effects are negated,
79759367,Madolche Nights,1,10,false,false,false,10: Negates a monster effect.,10: Negate the activation,
75833426,Madolche Tea Break,1,10,false,false,false,10: Negates a Spell/Trap activation.,10: Negate the activation,
59080,Magia Magic - Thunder of Judgment,1,7b,false,false,false,7b: Can Special Summon a monster from the GY.,"7b: Special Summon 1 Spellcaster monster from your hand, face-up Extra Deck, or GY",
62279055,Magic Cylinder,1,6a 10,false,false,false,10: Negates an attack. | 6a: Reflects damage to the opponent.,10: negate the attack | 6a: inflict damage to your opponent equal to its ATK,
96474800,Magic Deflector,1,10,false,false,false,10: Negates Spell effects on the field.,"10: negate all Equip, Field, Continuous and Quick-Play Spell Card effects",
59344077,Magic Drain,1,10,false,false,false,10: Negates a Spell activation.,10: negate the activation of their Spell Card,
49941059,Magic Gate of Miracles,1,7a 9b,false,false,false,7a: Takes control of an opponent's monster. | 9b: Grants battle indestructibility.,7a: take control of it | 9b: it cannot be destroyed by battle,
22530212,Magic Hand,1,6a,false,false,false,"6a: Damage triggered by sending an added card to the GY, which is primary damage.",6a: inflict 800 damage to your opponent,
77414722,Magic Jammer,1,10,false,false,false,10: Negates a Spell activation.,10: negate the activation,
1073952,Magic Planter,1,5,false,false,false,5: Draws cards.,5: draw 2 cards,
96008713,Magical Arm Shield,1,7a,false,false,false,7a: Takes control of an opponent's monster.,7a: take control of that target,
91819979,Magical Blast,1,6a,false,false,false,6a: Burn reading the field only.,6a: Inflict 200 damage to your opponent for each Spellcaster monster you control,
72171665,Magical Broker,1,5 9a 9b,false,false,false,9a: Effect-destruction protection. | 9b: Battle protection. | 5: Draws a card.,9a: cannot be destroyed by battle or card effects | 9b: cannot be destroyed by battle | 5: draw 1 card,
6061630,Magical Exemplar,1,7b,false,false,false,7b: Can revive from the GY.,7b: Special Summon 1 Spellcaster monster from your hand or GY,
32723153,Magical Explosion,1,6a,false,false,false,6a: Burn as primary function.,6a: Inflict 200 damage to your opponent for each Spell Card in your Graveyard,
51916853,Magical Hound,1,7b,false,false,false,7b: Can Special Summon itself from the GY.,7b: If this card is in your hand or GY,
85852291,Magical Mallet,1,5,false,false,false,5: Draws cards (exchange draw).,5: then draw that same number of cards,
71650854,Magical Mid-Breaker Field,1,3.2 9a,false,false,false,9a: Grants effect-destruction protection. | 3.2: Field Spell targeting lock.,9a: monsters on the field cannot be destroyed by their opponent's card effects | 3.2: neither player can target monsters their opponent controls,
93356623,Magical Musket - Cross-Domination,1,10,false,false,false,10: negates a monster's effects,10: it has its effects negated,
92534075,Magical Musket - Fiendish Deal,1,9a,false,false,false,9a: Grants effect-destruction protection.,9a: cannot be destroyed by card effects,
29628180,Magical Musket - Last Stand,1,10,false,false,false,10: Negates Spell/Trap activation.,10: Negate the activation,
30907810,Magical Musket Mastermind Zakiel,1,5,false,false,false,5: Draws cards.,5: You can draw cards equal to the number,
68024506,Magical Musketeer Calamity,1,7b,false,false,false,7b: Special Summons from the GY.,7b: Special Summon it in Defense Position,
5230799,Magical Musketeer Kidbrave,1,5,false,false,false,5: Draws cards.,5: draw 2 cards,
94418111,Magical Musketeer Wild,1,5,false,false,false,5: Draws a card.,5: then draw 1 card,
43455065,Magical Spring,1,5,false,false,false,5: Draws cards.,5: Draw a number of cards equal to the number of face-up Spell/Trap Cards your opponent controls,
85758066,Magical Trick Mirror,1,7b,false,false,false,7b: Revives from the GY.,"7b: Special Summon 1 ""Obelisk the Tormentor"" from your GY",The forced attack lasts only this turn.
30608985,Magical Undertaker,1,7b,false,false,false,7b: Special Summons a monster from the GY.,7b: Spellcaster monster in your GY; Special Summon that target,
7922915,Magician Navigation,1,10,false,false,false,10: Negates a Spell/Trap's effects.,10: negate its effects until the end of this turn,
44001993,Magician of Dark Chaos - Black Chaos,1,9a,false,false,false,9a: Self unaffected status.,"9a: Unaffected by your opponent's activated effects, unless they target this card",
35191415,Magician of Dark Illusion,1,7b,false,false,false,7b: Revives a monster from the GY.,"7b: target 1 ""Dark Magician"" in your GY; Special Summon it",
13758665,Magician's Left Hand,1,10,false,false,false,10: Negates an opponent's Trap or effect.,10: Negate the effect of your opponent's first Trap Card or effect,
40252269,Magician's Restage,1,7b,false,false,false,7b: Revives from the GY.,7b: Special Summon it,
87769556,Magician's Right Hand,1,10,false,false,false,10: Negates Spell effects.,10: Negate the effect of your opponent's first Spell Card or effect,
71696014,Magician's Robe,1,7b,false,false,false,7b: Revives itself from the GY.,"7b: You can Special Summon this card, but banish it",
95477924,Magician's Salvation,1,7b,false,false,false,7b: Special Summons from the GY.,"7b: Special Summon 1 ""Dark Magician"" or ""Dark Magician Girl"" from your GY",
86509711,Magicians' Combination,1,7b 10,false,false,false,7b: Special Summons a monster from the GY. | 10: Negates an activated effect.,"7b: Special Summon 1 ""Dark Magician"" or 1 ""Dark Magician Girl"" from your hand or GY | 10: negate that activated effect",
89448140,Magicians' Defense,1,7b,false,false,false,7b: Revives from GY.,7b: target 1 Spellcaster-Type monster in your Graveyard; Special Summon it,
97631303,Magicians' Souls,1,5 7b,false,false,false,5: Draws cards. | 7b: Special Summons from the GY.,"5: draw that many cards | 7b: Special Summon 1 ""Dark Magician"" or 1 ""Dark Magician Girl"" from your GY",
54408264,Magikey Battle,1,9a,false,false,false,9a: Makes monsters unaffected by an opponent's effect.,9a: are unaffected by that opponent's card effect,
71159974,Magikey Dragon - Andrabime,1,5,false,false,false,5: Draws a card.,5: You can draw 1 card,"Extra Deck, rule 8 not applied."
99426088,Magikey Maftea,1,7d,false,false,false,7d: Uses Fusion Material from the Deck.,7d: send 1 Normal Monster from your Deck to the GY as material,
45877457,Magikey Mechmortar - Garesglasser,1,10,false,false,false,10: Negates a monster effect activation.,10: negate the activation,
19489718,Magikey Mechmusket - Batosbuster,1,5 10,false,false,false,10: Negates an opponent monster's effects. | 5: Draw with a cost is still draw (ruling 2).,10: negate the effects of that opponent's monster | 5: draw the same number of cards placed under the Deck,
98904974,Magikey Unlocking,1,10,false,false,false,10: Negates a Spell/Trap activation.,10: Negate the activation,
35815783,Magikey World,1,9a 9b,false,false,false,9a: Normal Monsters survive the first destruction by effect. | 9b: Normal Monsters survive the first destruction by battle.,"9a: would be destroyed by battle or card effect each turn, it is not destroyed | 9b: would be destroyed by battle or card effect each turn, it is not destroyed",
31699677,Magikuriboh,1,7b,false,false,false,7b: Can Special Summon a monster from the GY.,"7b: Special Summon 1 ""Dark Magician"" or 1 ""Dark Magician Girl"" from your Deck or GY",
58270977,Magistery Alchemist,1,6b 7b 10,false,false,false,7b: Revives a monster from the GY. | 10: Negates opponent's cards. | 6b: Doubles a monster's ATK.,"7b: target 1 ""HERO"" monster in your GY; Special Summon it | 10: negate the effects of all face-up cards your opponent currently controls | 6b: the monster's original ATK becomes doubled",
327051,Magistus Vritra,1,7b,false,false,false,7b: Special Summons a monster from the GY.,7b: monster in your GY; Special Summon it,
95833645,Magma Dragon,1,7b,false,false,false,7b: Special Summons from the GY.,7b: Wyrm-Type monster in your Graveyard,
50951254,Magmacho Dragon,1,5 7b,false,false,false,7b: Special Summons itself from the GY. | 5: Draws a card.,7b: You can Special Summon this card | 5: then draw 1 card,
77133792,Magnet Conversion,1,7b,false,false,false,7b: Special Summons a monster from banishment.,"7b: target 1 of your banished Level 4 or lower ""Magnet Warrior"" monsters; Special Summon it",
17841166,Magnet Force,1,9a,false,false,false,9a: Grants unaffected status.,9a: are unaffected by your opponent's monster effects,
54734082,Magnet Induction,1,9a 9b,false,false,false,9a: Grants protection from destruction by effects. | 9b: Grants protection from destruction by battle.,9a: cannot be destroyed by battle or your opponent's card effects | 9b: cannot be destroyed by battle,
80352158,Magnet Reverse,1,7b,false,false,false,7b: Special Summons a monster from the GY or banishment.,7b: that is banished or is in your GY,
86289475,Magnet Warrior Omega Plus,1,7b,false,false,false,7b: Can Special Summon itself from the GY.,7b: If this card is in your hand or GY,
87814728,Magnet Warrior Sigma Minus,1,10,false,false,false,10: Negates an attack.,10: You can negate that attack,
51826619,Magnet Warrior Sigma Plus,1,7b,false,false,false,7b: Revives from GY.,7b: add it to your hand or Special Summon it,
4740489,Magnetic Field,1,7b,false,false,false,7b: Special Summons a monster from the GY.,7b: in your GY; Special Summon it,
50074522,Magnetic Mosquito,1,8,false,false,false,8: Can destroy multiple opponent monsters.,8: Destroy all face-up Machine-Type monsters on the field,
27331568,Magnificent Machine Angel,1,10,false,false,false,10: Negates an opponent monster's effects.,10: that opponent's monster's effects are negated,
43227,Magnum the Reliever,1,5,false,false,false,5: Draws a card (draw with cost still counts).,"5: place that card on the bottom of the Deck, then draw 1 card",
545781,Mahaama the Fairy Dragon,1,6a,true,false,false,6a: Reflects battle damage to the opponent.,6a: Inflict damage to your opponent equal to that battle damage,Damage is tied to battle damage; treated as reflection (ruling 22) rather than battle byproduct.
53620899,Mahjong Munia Maidens,1,5,false,false,false,5: Draws a card.,"5: You can draw 1 card, then discard 1 card.",
37552929,Maiden of the Millennium Moon,1,9a 9b,false,false,false,9b: Battle protection. | 9a: Targeting protection.,9b: neither can be destroyed by that battle | 9a: your opponent cannot target Level 5 or higher Illusion or Spellcaster monsters you control with card effects,
17947697,Maiden of White,1,7b,false,false,false,"7b: Revives from GY, also itself.","7b: Special Summon 1 ""Blue-Eyes White Dragon"" or 1 Level 1 LIGHT Tuner from your GY",
88241506,Maiden with Eyes of Blue,1,7b 10,false,false,false,10: Negates an attack. | 7b: Can Special Summon from the GY.,"10: negate the attack | 7b: Special Summon 1 ""Blue-Eyes White Dragon"" from your hand, Deck, or GY",
13611090,Majespecter Sonics,1,6b,true,false,false,6b: Doubles ATK (ruling 23).,6b: its ATK and DEF become double its current ATK and DEF,"Battle damage is halved at the same time, so net battle damage is not multiplied."
2572890,Majespecter Tempest,1,10,false,false,false,10: Negates a Summon or activation.,10: negate the Summon or activation,
51250293,Majespecter Wind,1,7b,false,false,false,7b: Can Special Summon from the GY.,"7b: Special Summon 1 ""Majespecter"" monster from your hand or GY",
32918479,Majestic Mech - Senku,1,5,false,false,false,5: Draws a card.,5: Draw 1 card,
91434602,Majesty Hyperion,1,6a 7b,true,false,false,7b: Special Summons itself from the GY. | 6a: Reflects damage to the opponent (ruling 22).,7b: You can Special Summon this card (from your hand or GY) | 6a: Any battle damage you take from battles involving your Fairy monsters is also inflicted to your opponent,Mirrored battle damage treated as reflected damage under ruling 22.
43219114,Majesty of the White Dragons,1,8,false,false,false,8: Can destroy up to 3 opponent cards.,8: destroy an equal number of cards your opponent controls,
59951714,Majiosheldon,1,7b,false,false,false,7b: Revives itself from the GY.,7b: You can Special Summon this card from your Graveyard,
9074847,Major Riot,1,8,false,false,false,"8: Returns all monsters, including multiple opponent monsters, to the hand.",8: Return all Monster Cards on the field to your respective hands,
27827272,"Makiu, the Magical Mist",1,8,false,false,false,8: Destroys multiple opponent monsters.,8: destroy all monsters your opponent controls,
15725501,"Makourai, the Lightning Strike",1,8,false,false,false,8: Can destroy multiple opponent's monsters.,8: destroy all monsters your opponent controls with lower original ATK,
81384993,Malefic Divide,1,7b,false,false,false,7b: Special Summons from the GY.,"7b: Target 1 ""Malefic"" monster in your GY; Special Summon it",
68721020,Malefic Force,1,8 9a,false,false,false,9a: Grants unaffected-by-Spells protection. | 8: Destroys all monsters.,9a: The equipped monster is unaffected by Spell effects. | 8: destroy all monsters on the field,
5125629,Malefic Paradigm Shift,1,7c,false,false,false,7c: Brings an Extra Deck monster out without material.,"7c: Special Summon 1 ""Malefic"" monster from your Deck or Extra Deck in Defense Position, ignoring its Summoning conditions",
37115575,Malefic Truth Dragon,1,7b 8,false,false,false,7b: Can Special Summon itself from the GY. | 8: Destroys all opponent's face-up monsters.,7b: Special Summon this card from your hand or Graveyard | 8: Destroy all face-up monsters your opponent controls,
44763696,Malefic Tune,1,5,false,false,false,5: Draws cards.,5: Draw 2 cards,
1224927,Malevolent Catastrophe,1,8,false,false,false,8: Mass destruction.,8: Destroy all Spell and Trap Cards on the field,
6137095,Malfunction,1,10,false,false,false,10: Negates an activation.,10: Negate the activation of a Trap Card,
13626450,Malice Dispersion,1,8,false,false,false,8: Can destroy multiple opponent cards.,8: Destroy all face-up Continuous Trap Cards,
72657739,Malice Doll of Demise,1,7b,false,false,false,7b: Revives itself from the GY.,7b: Special Summon this card from the Graveyard,
98780137,Malicevorous Knife,1,7b,false,false,false,7b: Special Summons a monster from the GY.,"7b: ""Malicevorous"" monster in your Graveyard except ""Malicevorous Knife""; Special Summon that target",
35307484,Malicevorous Spoon,1,7b,false,false,false,7b: Revives a monster from the GY.,7b: Special Summon that target,
93453053,Maliss in the Mirror,1,10,false,false,false,10: negates a monster's effects,10: negate that monster's effects,
83828288,Mamemaki,1,5,false,false,false,5: Draws cards (exchange draw per ruling 2).,5: draw the same number of cards you discarded,
11074235,Mana Dragon Zirnitron,1,7b,false,false,false,7b: Revives itself.,7b: You can Special Summon this card from your GY,
19671433,Mannadium Imaginings,1,5,false,false,false,5: Draw card (ruling 2).,"5: draw 2 cards, then place 1 card from your hand on the bottom of the Deck",
77121851,Manticore of Darkness,1,7b,false,false,false,7b: Special Summons itself from the GY.,7b: Special Summon this card from your Graveyard,
64538914,Manticore of Smashing,1,7b,false,false,false,7b: Special Summons itself from the GY.,7b: from your hand or GY; Special Summon this card,
19870120,March of the Monarchs,1,9a,false,false,false,9a: Grants targeting and effect-destruction protection.,"9a: cannot be targeted by, or destroyed by, card effects",
28643791,March Towards Ragnarok,1,9a,false,false,false,9a: Grants Spell/Trap immunity.,9a: unaffected by the effects of other Spells/Traps,Negation of own monster is drawback (ruling 33).
87514539,Marionette Mite,1,7a,false,false,false,7a: Takes control of an opponent's monster.,7a: take control of that target until the End Phase,
45247637,Mark of the Rose,1,7a,false,false,false,7a: Takes control of an opponent's monster.,7a: Take control of the equipped monster.,
48737767,Marmiting Captain,1,5,false,false,false,5: Exchange draw.,5: then draw 1 card,
93749093,Marshmacaron,1,7b,false,false,false,7b: can summon from the GY,"7b: from your hand, Deck, and/or Graveyard",
59138498,Martyr of the Sacred Beasts,1,7b,false,false,false,7b: Can Special Summon copies from the GY.,"7b: from your hand, Deck, and/or GY",
71466592,Maryokutai,1,10,false,false,false,10: Negates Spell activation.,10: negate the activation,
21143940,Mask Change,1,7c,false,false,false,7c: Extra Deck monster without its materials.,"7c: Special Summon 1 ""Masked HERO"" monster from your Extra Deck",
93600443,Mask Change II,1,7c,false,false,false,7c: summons an Extra Deck monster without its listed materials,"7c: Special Summon from your Extra Deck, 1 ""Masked HERO"" monster",
56948373,Mask of the Accursed,1,6a,false,false,false,6a: Recurring burn.,6a: Inflict 500 damage to the controller of the equipped monster,
53573406,Masked Chameleon,1,7b,false,false,false,7b: Special Summons from the GY.,7b: target 1 monster with 0 DEF in your Graveyard; Special Summon that target,
85672957,Masked HERO Atomic,1,7b 9a 9b,false,false,false,7b: Special Summons a monster from the GY or banishment. | 9a: Once per turn not destroyed by card effects. | 9b: Once per turn not destroyed by battle.,"7b: in your GY or banishment; Special Summon it | 9a: The first time this card would be destroyed by battle or card effect each turn, it is not destroyed | 9b: The first time this card would be destroyed by battle or card effect each turn, it is not destroyed",
58288218,Masked HERO Furnace,1,7b,false,false,false,7b: Revives itself from the GY.,7b: Special Summon this card from your GY,
10920352,Masked HERO Vapor,1,9a,false,false,false,9a: Effect destruction protection.,9a: Cannot be destroyed by card effects,
22512406,Masked Ninja Ebisu,1,8,false,false,false,8: Can bounce multiple opponent cards.,8: Return a number of your opponent's Spell/Trap Cards to the hand,
10189126,Masked Sorcerer,1,5,false,false,false,5: Draws a card.,5: draw 1 card from your Deck,
21768554,Mass Hypnosis,1,7a,false,false,false,7a: Takes control of opponent's monsters.,7a: take control of up to 3 of your opponent's monsters,
16191953,Master Gig,1,8,false,false,false,8: Can destroy multiple opponent monsters.,8: destroy monsters your opponent controls equal to the number of face-up Psychic-Type monsters you control,
85059922,Master of Chaos,1,7b,false,false,false,7b: Revives from the GY.,7b: target 1 LIGHT or DARK monster in your GY; Special Summon it,"Mass banish, but it is an Extra Deck monster, so rule 8 does not apply."
9551692,Master of Ham,1,7b,false,false,false,7b: Special Summons itself from the GY.,"7b: Special Summon this card in face-down Defense Position, but banish it",
34079868,"Master Peace, the True Dracoslayer",1,10,false,false,false,"10: Negates an activation, once per turn.",10: negate the activation,
21377582,"Master Peace, the True Dracoslaying King",1,9a,false,false,false,9a: Unaffected by card effects.,9a: Unaffected by the effects of cards,
12800564,"Master Peace, the True Dracoverlord",1,10 11a,false,false,false,10: Negates. | 11a: One-off Main Phase skip.,10: You can negate the activation | 11a: your opponent skips their next Main Phase,
34541543,Master Tao the Chanter,1,7b 9b,false,false,false,9b: Makes itself indestructible by battle. | 7b: Special Summons a monster from the GY.,"9b: neither can be destroyed by that battle | 7b: target 1 Illusion monster in your GY, except ""Master Tao the Chanter""; Special Summon it",
45644898,Master with Eyes of Blue,1,7b,false,false,false,7b: Special Summons a monster from the GY.,"7b: Special Summon 1 ""Blue-Eyes"" monster from your GY",
94446564,Matching Outfits,1,5,false,false,false,5: Adding the blind top card is a draw (ruling 18).,5: both players add them to their hands,
64911387,Materiactor Zeptwing,1,7b,false,false,false,7b: Special Summons a monster from the GY.,"7b: Special Summon, 1 Level 3 Normal Monster from your GY",
41386308,Mathematician,1,5,false,false,false,5: Draws a card.,5: You can draw 1 card,
89743495,Mathmech Division,1,7b,false,false,false,7b: Special Summons a monster from the GY.,7b: from your hand and GY,
14025912,Mathmech Equation,1,7b,false,false,false,7b: Special Summons a monster from the GY.,"7b: Target 1 ""Mathmech"" monster in your GY; Special Summon it",
52904476,Matriarch of Nephthys,1,7b,false,false,false,7b: Special Summons monsters from the GY.,7b: Special Summon this card from the GY,
92650749,Mature Chronicle,1,7b,false,false,false,7b: Special Summons from the GY.,"7b: Special Summon 1 ""Yubel"" from your GY",
89812483,Max Metalmorph,1,7b 9a,false,false,false,9a: Grants protection. | 7b: Can summon from GY.,"9a: cannot be destroyed by Spell or monster effects | 7b: from your hand, Deck, or GY",
23434538,"Maxx ""C""",1,5,false,false,false,5: Draws cards.,5: immediately draw 1 card,Handtrap but neither negates nor removes; not rule 4.
39753577,Mayakashi Metamorphosis,1,7b 9a,false,false,false,7b: Special Summons from GY or banishment. | 9a: Makes the monster untargetable.,7b: banished or in your GY; Special Summon it | 9a: Your opponent cannot target it with card effects this turn,
51225407,Mayakashi Winter,1,5 7b,false,false,false,5: Draws a card. | 7b: Special Summons from the GY.,"5: draw 1 card | 7b: target 1 ""Mayakashi"" monster in your GY; Special Summon it",
91405870,Mayhem Fur Hire,1,7b,false,false,false,7b: Special Summons a monster from the GY.,7b: in your GY; Special Summon it in Defense Position,
10110717,Mecha Bunny,1,6a,false,false,false,6a: Inflicts effect damage without changing the field.,6a: inflict 500 damage to its controller,
16943770,Mecha Phantom Beast Aerosguin,1,9a 9b,false,false,false,9a: Effect-destruction immunity. | 9b: Battle-destruction immunity.,9a: this card cannot be destroyed by battle or card effects | 9b: this card cannot be destroyed by battle or card effects,
4417407,Mecha Phantom Beast Blackfalcon,1,9a 9b,false,false,false,9a: Effect-destruction protection. | 9b: Battle protection.,9a: this card cannot be destroyed by battle or card effects | 9b: this card cannot be destroyed by battle or card effects,
94973028,Mecha Phantom Beast Coltwing,1,9a 9b,false,false,false,9a: Effect-destruction immunity. | 9b: Battle-destruction immunity.,9a: this card cannot be destroyed by battle or card effects | 9b: this card cannot be destroyed by battle or card effects,
66200210,Mecha Phantom Beast Hamstrat,1,7b 9a 9b,false,false,false,9a: Effect indestructible. | 9b: Battle indestructible. | 7b: Special Summons from GY.,"9a: cannot be destroyed by battle or card effects | 9b: cannot be destroyed by battle | 7b: target 1 ""Mecha Phantom Beast"" monster in your Graveyard; Special Summon that target",
20368763,Mecha Phantom Beast Harrliard,1,9a 9b,false,false,false,9a: Cannot be destroyed by card effects. | 9b: Cannot be destroyed by battle.,9a: cannot be destroyed by battle or card effects | 9b: cannot be destroyed by battle or card effects,
41329458,Mecha Phantom Beast Kalgriffin,1,9a 9b,false,false,false,9a: Indestructible by card effects. | 9b: Indestructible by battle.,9a: this card cannot be destroyed by battle or card effects | 9b: this card cannot be destroyed by battle or card effects,
31533704,Mecha Phantom Beast Megaraptor,1,9a 9b,false,false,false,9a: Indestructible by effects. | 9b: Indestructible by battle.,9a: cannot be destroyed by battle or card effects | 9b: cannot be destroyed by battle or card effects,
72291078,Mecha Phantom Beast O-Lion,1,9a 9b,false,false,false,9a: Indestructible by card effects while controlling a Token. | 9b: Indestructible by battle while controlling a Token.,9a: cannot be destroyed by battle or card effects | 9b: cannot be destroyed by battle or card effects,
15335853,Mecha Phantom Beast Sabre Hawk,1,9a 9b,false,false,false,9a: Cannot be destroyed by card effects while controlling a Token. | 9b: Cannot be destroyed by battle while controlling a Token.,9a: this card cannot be destroyed by battle or card effects | 9b: this card cannot be destroyed by battle or card effects,
30811116,Mecha Phantom Beast Stealthray,1,9a 9b,false,false,false,9a: Effect indestructibility while controlling a Token. | 9b: Battle indestructibility while controlling a Token.,9a: cannot be destroyed by battle or card effects | 9b: cannot be destroyed by battle or card effects,
67922702,Mecha Phantom Beast Tetherwolf,1,9a 9b,false,false,false,9a: Effect protection. | 9b: Battle protection.,9a: cannot be destroyed by battle or card effects | 9b: cannot be destroyed by battle or card effects,
76902476,Mecha Phantom Beast Turtletracer,1,9a 9b,false,false,false,9a: Protected from destruction by card effects. | 9b: Protected from destruction by battle.,9a: this card cannot be destroyed by battle or card effects | 9b: this card cannot be destroyed by battle or card effects,
97556336,Medius the Pure,1,7b,false,false,false,7b: Special Summons itself from the GY.,7b: If this card is in your GY,
96546575,Mega Fortress Whale,1,7b,false,false,false,7b: Can Special Summon a monster from the GY.,7b: Special Summon 1 WATER Warrior monster from your Deck or GY,
32062913,Mega Ton Magical Cannon,1,8,false,false,false,8: Destroys all opponent cards.,8: Destroy all cards on your opponent's side of the field,
29876299,Megalith Anastasis,1,5,false,false,false,5: Draws cards.,"5: Draw 2 cards, then discard 1 card",
25726386,Megalith Aratron,1,10,false,false,false,10: Negates an activation.,10: negate that activation,
99628747,Megalith Bethor,1,8,false,false,false,8: Destroys multiple opponent cards.,"8: target cards your opponent controls, up to the number",
76209339,Megalith Emergence,1,7b,false,false,false,7b: Special Summons from the GY.,"7b: target 1 ""Megalith"" monster in your GY; Special Summon it",
44293356,Megalith Notrah Plura,1,10,false,false,false,10: Negates an activation.,10: You can negate the activation,
36849933,Megalith Och,1,5,false,false,false,5: Draws a card (with discard).,"5: You can draw 1 card, then discard 1 card",
8805651,Megalith Phuloch,1,7b,false,false,false,7b: Ritual Summons from the GY.,"7b: Ritual Summon 1 ""Megalith"" Ritual Monster from your GY",
93715853,Mekanikal Arkfiend,1,7b,false,false,false,7b: can summon from the GY,7b: Special Summon 1 Normal Monster from your hand or Graveyard,
28692962,Mekk-Knight Purple Nightfall,1,7b,false,false,false,7b: Temporarily banished monster returns to the field (ruling 1).,7b: banish it (until the Standby Phase of your next turn),
3715284,Meklord Army Deployer Obbligato,1,6a,false,false,false,"6a: Burn damage based on counting cards, without changing the field.","6a: inflict 100 damage to your opponent for each ""Meklord"" monster you control",
63644830,Melffy Hide-and-Seek,1,5 9a,false,false,false,9a: Protects from effect destruction. | 5: Draws a card.,"9a: would be destroyed by card effect each turn, it is not destroyed | 5: then draw 1 card",
37256135,Melffy Tag,1,7b,false,false,false,7b: Revives a monster from the GY.,"7b: Target 1 ""Melffy"" monster in your GY; Special Summon it",
79561872,Melffys' Joyful Surprise,1,7b,false,false,false,7b: Special Summons a Beast monster from the GY.,7b: Beast monster in your GY,
63804637,Melodious Illusion,1,9a,false,false,false,9a: Grants partial unaffected protection.,9a: unaffected by your opponent's Spell/Trap effects,
23288411,Mementoal Tecuhtlica - Combined Creation,1,7b,false,false,false,"7b: Special Summons from the GY, including itself.","7b: Special Summon 1 ""Memento"" monster from your hand or GY",
43338320,Mementomictlan,1,3.2 7b,false,false,false,3.2: Field Spell floodgate. | 7b: Special Summons from the GY.,"3.2: your opponent cannot activate any Spell/Trap Cards until the end of the Damage Step | 7b: Special Summon 1 ""Memento"" monster with a lower Level from your hand or GY",
54207171,Mementotlan Akihiron,1,7b,false,false,false,7b: Special Summons itself from the GY.,7b: while this card is in your GY: You can Special Summon this card,
54550967,Mementotlan Angwitch,1,7b,false,false,false,7b: Special Summons a monster from the GY.,7b: Special Summon the targeted monster,
43215738,Mementotlan Fracture Dance,1,8,false,false,false,"8: Can destroy up to 2 cards on the field, including opponent's.",8: you can destroy 1 more card on the field,
52918032,Mementotlan Ghattic,1,7b,false,false,false,7b: Special Summons itself from the GY.,7b: You can Special Summon this card,
17943271,Mementotlan Goblin,1,9a,false,false,false,9a: Grants untargetability.,"9a: your opponent cannot target ""Memento"" monsters you control with card effects",Hand protection is not rule 4 (ruling 15).
19181420,Mementotlan Twin Dragon,1,7b,false,false,false,7b: Special Summons a monster from the GY.,"7b: Special Summon 1 Level 6 or lower ""Memento"" monster from your GY",
55272555,Mementotlan-Horned Dragon,1,8,false,false,false,8: Can destroy up to 2 opponent cards.,"8: You can target 3 face-up cards on the field, including a ""Memento"" card you control; destroy them",
71098407,Memory Loss,1,10,false,false,false,10: Negates an effect.,10: Negate that effect,
60080151,Memory of an Adversary,1,7b,false,false,false,7b: Returns a banished monster to the field.,7b: Special Summon that monster to your side of the field,
34198387,Meowseclick,1,9a 9b 10,false,false,false,9a: Self effect-destruction protection. | 9b: Self battle-destruction protection. | 10: Negates Field Spell effects.,9a: cannot be destroyed by battle or card effects this turn | 9b: cannot be destroyed by battle or card effects this turn | 10: the effects of the face-up card in your opponent's Field Zone are negated,
64442155,Merciful Machine Angel,1,5,false,false,false,5: Draws cards.,5: draw 2 cards,
75180828,Mermail Abyssbalaen,1,8,false,false,false,8: Destroys multiple opponent cards.,"8: Target cards your opponent controls, up to the number of ""Mermail"" monsters in your Graveyard",
74298287,Mermail Abyssdine,1,7b,false,false,false,7b: Special Summons a monster from the GY.,7b: monster in your Graveyard; Special Summon that target,
69293721,Mermail Abyssgunde,1,7b,false,false,false,7b: Special Summons a monster from the GY.,"7b: target 1 ""Mermail"" monster in your Graveyard, except ""Mermail Abyssgunde""; Special Summon that target",
71133680,Mermail Abyssnerei,1,5,false,false,false,5: Draw-then-discard still counts as a draw.,"5: You can draw 1 card, then discard 1 card",
44656491,Messenger of Peace,1,3.3,false,false,false,3.3: ATK-defined attack lock.,3.3: Monsters with 1500 or more ATK cannot declare an attack.,
74530899,"Metaion, the Timelord",1,8 9a 9b,false,false,false,9a: Indestructible by effects. | 9b: Indestructible by battle. | 8: Bounces multiple opponent monsters.,9a: Cannot be destroyed by battle or card effects | 9b: Cannot be destroyed by battle or card effects | 8: Return as many monsters on the field as possible to the hand,Damage is a byproduct of bouncing.
75646520,Metal Detector,1,10,false,false,false,10: Negates Continuous Traps.,10: Negate all Continuous Trap Cards,
29157292,Metal Illusionist,1,5,false,false,false,5: Draws a card.,5: you can draw 1 card,
7200041,Metal Shooter,1,9a,false,false,false,9a: Destruction substitute against card effects.,"9a: If this card would be destroyed by a card effect, remove 1 of this card's counters instead",
69711728,Metalfoes Combination,1,7b,false,false,false,7b: Special Summons a monster from the GY.,"7b: target 1 ""Metalfoes"" monster in your Graveyard with a lower Level than that Fusion Monster; Special Summon it",
73594093,Metalfoes Fusion,1,5,false,false,false,5: Draws a card.,5: then draw 1 card,
28016193,Metalfoes Orichalc,1,6b,false,false,false,6b: Doubles battle damage.,6b: inflict double piercing battle damage,
42237854,Metalhold the Moving Blockade,1,9a,false,false,false,9a: Grants targeting protection.,"9a: your opponent cannot target monsters you control with card effects, except this one",
7369217,Metallizing Parasite - Lunatite,1,9a 9b,false,false,false,9a: Partial unaffected protection. | 9b: Battle destruction substitute.,9a: unaffected by the effects of Spell Cards controlled by your opponent | 9b: destroy this card instead,
87564935,Metallizing Parasite - Soltite,1,9a 9b,false,false,false,9a: Grants targeting/destruction protection. | 9b: Battle destruction substitute.,"9a: cannot be targeted or destroyed by your opponent's monster effects | 9b: If the equipped monster would be destroyed by battle, destroy this card instead",
33114323,Metalsilver Armor,1,3.2 9a,true,false,false,3.2: Targeting lock tied to the equipped monster. | 9a: Effectively makes other monsters untargetable.,"3.2: your opponent cannot use the effect of a Spell, Trap, or Effect Monster that targets 1 monster, except the equipped monster | 9a: cannot use the effect of a Spell, Trap, or Effect Monster that targets 1 monster",Could be read as rule 9a only rather than floodgate.
64664373,Metaltronus,1,7c 10,false,false,false,10: Negates an opponent's monster. | 7c: Brings an Extra Deck monster out without materials.,"10: negate that targeted monster's effects | 7c: Special Summon 1 monster from your hand, Deck, or Extra Deck",
41456841,Metamorphosed Insect Queen,1,9a,false,false,false,9a: Grants targeting and effect-destruction protection.,9a: your opponent cannot target Insect monsters you control with card effects,
46411259,Metamorphosis,1,7c,false,false,false,7c: Summons a Fusion Monster without its listed materials.,7c: Special Summon 1 Fusion Monster from your Extra Deck,
54199839,Metaphys Ascension,1,5,false,false,false,5: Draws a card.,5: draw 1 card,
45960523,Metaphys Daedalus,1,8,false,false,false,8: Mass banish.,8: banish all other face-up Special Summoned monsters on the field,
52714670,Metaphys Dimension,1,7b,false,false,false,7b: Summons from banishment.,"7b: target 1 of your banished ""Metaphys"" monsters; Special Summon it",
45148985,Metaphys Executor,1,7b 9a,false,false,false,9a: Effect destruction protection. | 7b: Special Summons from banishment.,"9a: Cannot be destroyed, or banished, by card effects | 7b: target 1 of your banished ""Metaphys"" monsters; Special Summon it",
72355272,Metaphys Nephthys,1,8,false,false,false,8: Banishes multiple opponent cards.,8: banish all Set Spells and Traps on the field,
18743376,Metaphys Tyrant Dragon,1,9a,false,false,false,9a: Partial unaffected protection.,9a: it is unaffected by Trap effects,
30086349,Meteor Black Comet Dragon,1,6a 7b,false,false,false,6a: Damage from sending a card to GY is primary (ruling 20). | 7b: Revives a Normal Monster from the GY.,6a: inflict damage to your opponent equal to half the original ATK of that monster | 7b: Special Summon it,
17871506,Meteor Dragon Red-Eyes Impact,1,9a 9b,false,false,false,9a: Grants effect-destruction immunity. | 9b: Grants battle-destruction immunity.,9a: cannot be destroyed by battle or card effects | 9b: cannot be destroyed by battle or card effects,
56856951,Meteor Flare,1,6a,false,false,false,6a: Direct effect damage as primary function.,6a: Inflict 2000 damage to your opponent,
33767325,Meteor of Destruction,1,6a,false,false,false,6a: Burn as primary function.,6a: Inflict 1000 damage to your opponent,
24166324,Meteoroa Drytron,1,7b,false,false,false,7b: Summons a monster from the GY.,7b: Ritual Summon 1 Machine Ritual Monster from your hand or GY,
92826944,Mezuki,1,7b,false,false,false,7b: Special Summons a monster from the GY.,7b: target 1 Zombie monster in your GY; Special Summon that target,
30373970,Miasma Dragon Tistina,1,7b,false,false,false,7b: Special Summons itself from the GY.,"7b: If this card is sent to the GY, and a card is in the Field Zone: You can Special Summon this card",
7733560,"Michion, the Timelord",1,9a 9b,true,false,false,9a: Effect indestructibility. | 9b: Battle indestructibility.,9a: Cannot be destroyed by battle or card effects | 9b: Cannot be destroyed by battle or card effects,LP halving after battling treated as battle byproduct; could be 6a.
75487237,Mid Shield Gardna,1,10,false,false,false,10: Negates Spell activations.,10: Negate the activation of any Spell Card,
81743801,Mighty Dino King Rex,1,8,false,false,false,8: Destroys up to 2 opponent monsters.,8: target up to 2 monsters your opponent controls; destroy them,
57736667,Mikanko Dance - Mayowashidori,1,7b 9a,false,false,false,9a: Grants effect-destruction protection. | 7b: Special Summons from the GY.,"9a: The equipped monster cannot be destroyed by card effects | 7b: target 1 ""Mikanko"" monster in your GY; Special Summon it",
80044027,Mikanko Fire Dance,1,7b 9a,false,false,false,7b: Revives from GY. | 9a: Effect protection.,"7b: Special Summon 1 ""Mikanko"" monster from your hand or GY | 9a: The equipped monster cannot be destroyed by card effects.",
16310544,Mikanko Kagura,1,8,false,false,false,8: Can destroy multiple opponent cards.,8: Destroy cards your opponent controls up to the number of Equip Spells with different names in your GY,
16433136,Mikanko Purification Dance,1,9a,false,false,false,9a: Grants effect-destruction immunity.,9a: The equipped monster cannot be destroyed by card effects.,
79912449,Mikanko Reflection Rondo,1,7a,false,false,false,7a: Takes control.,7a: take control of that equipped monster,
53174748,Mikanko Spiritwalk,1,6a 7a 7b,false,false,false,7a: Equips opponent's monster. | 6a: Burn without field change. | 7b: Summons from banishment.,"7a: equip that face-up monster to 1 ""Mikanko"" monster you control | 6a: inflict 500 damage to your opponent for each Equip Spell you control | 7b: Special Summon 1 of your ""Mikanko"" monsters that is banished",
43527730,Mikanko Water Arabesque,1,9a,false,false,false,9a: Grants card-effect destruction immunity.,9a: The equipped monster cannot be destroyed by card effects,
85753549,"Mikazukinoyaiba, the Moon Fang Dragon",1,7b,false,false,false,7b: Can Special Summon itself from the GY.,7b: if this card is in your hand or GY: You can Special Summon it,
37613663,Millennium Ankh,1,7c,false,false,false,7c: Brings an Extra Deck monster to the field without sending its materials.,"7c: Special Summon 1 ""The Unstoppable Exodia Incarnate"" from your Extra Deck",
5130393,Millennium Seeker,1,7b,false,false,false,7b: Special Summons from opponent's GY.,7b: Special Summon the targeted monster to your field,
41578483,Millennium-Eyes Restrict,1,3.2 7a 10,false,false,false,7a: Equips an opponent's monster. | 10: Negates effects of monsters with that name. | 3.2: Name-based attack lock depending on a monster the opponent can attack.,7a: equip that target to this card you control | 10: their activated effects are negated | 3.2: Monsters with that equipped monster's name cannot attack,
23746827,Million-Century Ice Prison,1,11a,false,false,false,11a: Once-off skip of the opponent's Main Phase 1.,11a: Skip Main Phase 1 of your opponent's next turn.,
88032456,Mimicat,1,7b,false,false,false,7b: Special Summons a monster from the opponent's GY.,"7b: if it is a monster, Special Summon it to your field",
72427512,Mimicking Man-Eater Bug,1,9a 9b,false,false,false,9b: Battle indestructible. | 9a: Partial effect protection.,9b: Cannot be destroyed by battle. | 9a: Cannot be destroyed by the effects of monsters with its same Type.,
23920796,Mimighoul Cerberus,1,3.2 7b,true,false,false,7b: Summons a monster from banishment. | 3.2: Continuous targeting lock on a monster.,7b: Special Summon 1 of your banished monsters to your opponent's field | 3.2: Your opponent cannot target face-up Spells you control with card effects,"The monster changes sides, so it is unclear whose opponent the lock hits and whether it can be attacked away; 3.3 (Spell card type) is also possible."
55537983,Mimighoul Master,1,9a 9b,false,false,false,9a: Indestructible by effects. | 9b: Indestructible by battle.,9a: Cannot be destroyed by battle or card effects | 9b: Cannot be destroyed by battle,
76348260,Mimir of the Nordic Ascendant,1,7b,false,false,false,7b: Special Summons itself from the GY.,7b: Special Summon this card,
61845881,Minairuka,1,10,false,false,false,10: Negates a card's effects.,10: negate its effects until the end of your opponent's turn,
32539892,Minar,1,6a,false,false,false,6a: Damage triggered by a discard is primary (ruling 20).,6a: inflict 1000 points of damage to your opponent's Life Points,
37520316,Mind Control,1,7a,false,false,false,7a: Takes control of an opponent's monster.,7a: take control of that target,
66247039,Mind Mirror Force,1,8 10,false,false,false,10: Negates effects. | 8: Destroys all opponent face-up cards.,"10: Negate the effects of as many face-up cards | 8: and if you do, destroy them",
59718521,Mind Over Matter,1,10,false,false,false,10: Negates Summons or activations.,10: negate the Summon or activation,
69257165,Mind Pollutant,1,7a,false,false,false,7a: Takes control of an opponent's monster.,7a: take control of that target until the End Phase,
34298391,Mind Scan,1,10,false,false,false,10: Negates effects.,10: negate the activated effects of cards with that original name,
85519211,Minefield Eruption,1,6a,false,false,false,6a: Burn based on counting cards.,"6a: Inflict 1000 damage to your opponent for each face-up ""Mine Golem""",
1918087,Minor Goblin Official,1,6a,false,false,false,6a: Burn without changing the field.,6a: Inflict 500 points of damage to your opponent's Life Points during each of his/her Standby Phases,
44201739,Mira Match,1,10,false,false,false,10: Negates an opponent's activation.,10: negate the activation,"Hand effect only Special Summons itself, so it is not a forbidden handtrap."
44887817,Miracle Fertilizer,1,7b,false,false,false,7b: Special Summons a monster from the GY.,7b: target 1 Plant monster in your GY; Special Summon that target,
131182,Miracle Flipper,1,7b,false,false,false,7b: Revives itself from the GY onto the opponent's field.,7b: Special Summon it to your opponent's side of the field at the end of the Battle Phase,
68334074,Miracle Restoring,1,7b,false,false,false,7b: Special Summons a monster from the GY.,"7b: target 1 ""Dark Magician"" or ""Buster Blader"" in your Graveyard; Special Summon that target",
44297127,Miracle Rupture,1,5,false,false,false,5: Draws a card.,5: draw 1 card,
31461282,Miracle Stone,1,5,false,false,false,5: Draws a card.,5: You can draw 1 card.,
21636650,Miracle's Wake,1,7b,false,false,false,7b: Special Summons a monster from the GY.,7b: destroyed by battle and sent to your GY this turn; Special Summon it,
80551130,Miraculous Descent,1,7b,false,false,false,7b: Special Summons a banished monster.,7b: Target 1 of your banished Fairy monsters; Special Summon it,
52607696,Mirage Mirror Force,1,7b,false,false,false,7b: Can Special Summon from the GY.,7b: Special Summon 1 Illusion monster from your hand or GY,
41482598,Mirage of Nightmare,1,5,false,false,false,5: Draws cards.,5: Draw cards until you have 4 cards in your hand,
73936388,Mirage Swordsman,1,7b,false,false,false,7b: Special Summons itself from the GY.,7b: Special Summon this card from your GY,
44095762,Mirror Force,1,8,false,false,false,8: Destroys multiple opponent monsters.,8: Destroy all your opponent's Attack Position monsters,
43452193,Mirror Gate,1,7a,false,false,false,7a: Takes control of an opponent's monster.,7a: Switch control of the opponent's attacking monster,
46656406,Mirror of Oaths,1,5 8,false,false,false,8: Can destroy multiple summoned opponent monsters. | 5: Draws a card.,8: Destroy that monster(s) | 5: draw 1 card,
28954097,Mirror Swordknight,1,9b 10,false,false,false,9b: Cannot be destroyed by battle. | 10: Negates an opponent's monster effect.,9b: neither can be destroyed by that battle | 10: negate that effect,
38572779,Miscellaneousaurus,1,9a,false,false,false,9a: Grants unaffected status.,9a: unaffected by your opponent's activated effects,Hand effect grants protection only (ruling 15).
1036974,Misfortune,1,6a,false,false,false,6a: Burn damage without changing the field.,6a: Inflict damage to your opponent equal to half that monster's original ATK,
58392024,Mispolymerization,1,8,false,false,false,8: Bounces all Fusion Monsters.,8: Return all face-up Fusion Monsters to their respective Extra Decks,
12836042,Missing Force,1,7a,false,false,false,7a: Takes control.,7a: take control of that target until the End Phase,
55585856,Misstic Call,1,7b,false,false,false,7b: Can Special Summon itself from the GY.,7b: If this card is in your hand or GY,
14983497,Mist Valley Baby Roc,1,7b,false,false,false,7b: Special Summons itself from the GY.,7b: you can Special Summon it,
41978142,Mist Valley Executor,1,8,false,false,false,8: Bounces all face-up Spells/Traps.,8: return all face-up Spell and Trap Cards on the field to their owners' hands,
67282505,Mitsu the Insect Ninja,1,10,false,false,false,10: Negates a monster effect.,10: negate that opponent's activated effect,
17954937,Mitsurugi Great Purification,1,7b 10,false,false,false,10: Negates an opponent's effect. | 7b: Special Summons a monster from the GY.,10: negate that effect | 7b: target 1 Reptile monster in your GY; Special Summon it,
82782870,"Mitsurugi no Mikoto, Kusanagi",1,9a 9b,false,false,false,9a: Destruction substitute against card effects for other monsters. | 9b: Destruction substitute against battle for other monsters.,"9a: would be destroyed by battle or card effect, you can Tribute this card instead | 9b: would be destroyed by battle or card effect, you can Tribute this card instead",
45171524,Mitsurugi Prayers,1,7b,false,false,false,7b: Special Summons from the GY.,"7b: Special Summon 1 ""Mitsurugi"" monster from your hand or GY",
12210097,Mitsurugi Sacred Boundary,1,9a,false,false,false,9a: Partial untargetability.,"9a: Your opponent cannot target ""Mitsurugi"" Ritual Monsters you control with effects",
49604192,Mitsurugi Tempest,1,8,false,false,false,8: Can banish several field cards.,8: make your opponent banish exactly 8 cards,
71340250,Mixeroid,1,7c,false,false,false,7c: Summons a Fusion Monster without its listed materials.,"7c: Special Summon from your Extra Deck, 1 ""roid"" Fusion Monster",
4929256,Mobius the Frost Monarch,1,8,false,false,false,8: Destroys up to 2 cards.,8: target up to 2 Spell/Trap Cards on the field; destroy those targets,
23689697,Mobius the Mega Monarch,1,8,false,false,false,8: Destroys up to 3 cards.,8: target up to 3 Spell/Trap Cards on the field; destroy those targets,
9861795,Mogmole,1,7b,false,false,false,7b: Special Summons itself from the GY.,7b: Special Summon it from your Graveyard,
75285069,Moisture Creature,1,8,false,false,false,8: Mass destruction.,8: destroy all Spell and Trap Cards on your opponent's side of the field,
13803864,Mokey Mokey King,1,7b,false,false,false,7b: Special Summons monsters from the GY.,"7b: Special Summon as many ""Mokey Mokey"" as possible from your Graveyard",
85401123,Mokomoko,1,5 9b,false,false,false,5: Draws a card. | 9b: Cannot be destroyed by battle.,5: FLIP: Draw 1 card. | 9b: neither can be destroyed by that battle,
4732017,Molten Zombie,1,5,false,false,false,5: Draws a card.,5: Draw 1 card,
59983249,Monarchic Perfection,1,8,false,false,false,8: Can destroy 2 cards.,8: Destroy up to 2 Spells/Traps on the field,
54564198,Monster Rebirth,1,7b,false,false,false,7b: Special Summons a monster from either GY.,7b: target 1 monster in either GY; Special Summon that monster to your field,
60621361,Monster Rebone,1,7b,false,false,false,7b: Special Summons a monster from the opponent's GY.,7b: Special Summon it to your side of the field,
83764719,Monster Reborn,1,7b,false,false,false,7b: Special Summons a monster from either GY.,7b: Target 1 monster in either GY; Special Summon it.,
50213848,Monster Reborn Reborn,1,7b,false,false,false,7b: Special Summons a monster from the GY.,7b: you Special Summon it,
93108433,Monster Recovery,1,5,false,false,false,5: Draws cards.,5: draw cards equal to the number of cards you shuffled,
9576193,Monster Slots,1,5,false,false,false,5: Draws a card.,5: draw 1 card,
37092104,Monstrous Arms of Atlantis,1,7b 10,false,false,false,7b: Special Summons from GY. | 10: Negates monster effects.,"7b: target 1 monster in your GY that mentions ""Atlantis, City of the Sea Dragon""; Special Summon it | 10: negate that effect",
73244186,Moray of Avarice,1,5,false,false,false,5: Draw card.,5: draw 2 cards,
22123627,Moray of Greed,1,5,false,false,false,5: Draws cards.,5: draw 3 cards,
12760674,Mordschlag,1,9a,false,false,false,9a: Partial unaffected protection.,9a: It is unaffected by your opponent's activated effects of Special Summoned monsters,
38505587,Moremarshmallon,1,7b 9b,false,false,false,9b: Battle protection. | 7b: Can revive from GY or banishment.,"9b: this card cannot be destroyed by battle | 7b: Special Summon 1 ""Moremarshmallon"" from your hand, Deck, GY, or banishment",
1872843,"Morpheus, the Dream Mirror White Knight",1,9a 9b,false,false,false,9a: Indestructible by effects. | 9b: Indestructible by battle.,9a: cannot be destroyed by battle or card effects | 9b: cannot be destroyed by battle,
33508719,Morphing Jar,1,5,false,false,false,5: Draws cards.,5: each player draws 5 cards,
79106360,Morphing Jar #2,1,8,false,false,false,8: Returns all monsters on the field to the Deck.,8: Shuffle all monsters on the field into the Deck,
92890308,Morphtransition,1,10,false,false,false,10: Negates an attack.,10: Negate the attack,
44424095,Morphtronic Accelerator,1,5,false,false,false,5: Draws a card.,5: draw 1 card,
92720564,Morphtronic Boomboxen,1,10,false,false,false,10: Negates an attack.,10: You can negate the attack,
28124263,Morphtronic Cameran,1,7b 9a,false,false,false,7b: Special Summons from the GY. | 9a: Makes monsters untargetable.,"7b: Special Summon 1 Level 4 or lower ""Morphtronic"" monster from your hand or Graveyard | 9a: cannot be targeted by effects",
91607976,Morphtronic Clocken,1,6a,false,false,false,6a: Burn with self-tribute as cost.,6a: inflict 1000 damage to your opponent for each Morph Counter on it,
66331855,Morphtronic Datatron,1,6a,false,false,false,6a: Direct burn.,6a: you can inflict 300 damage to your opponent,
7817703,Morphtronic Engine,1,6b,false,false,false,6b: Doubles ATK.,6b: Its ATK becomes double its original ATK,
77229910,Morphtronic Forcefield,1,10,false,false,false,10: Negates a Spell/Trap activation.,10: Negate the activation,
44413654,Morphtronic Impact Return,1,7b 8,false,false,false,8: Can shuffle up to 2 opponent cards into the Deck. | 7b: Special Summons from GY or banishment.,8: Target up to 2 Spells/Traps your opponent controls | 7b: that is banished or in your GY; Special Summon it in Defense Position,
56074358,Morphtronic Map,1,7b,false,false,false,7b: Revives a monster from the GY.,"7b: you can Special Summon 1 ""Morphtronic"" monster from your Graveyard",
90239723,Morphtronic Repair Unit,1,7b,false,false,false,7b: Special Summons from the GY.,"7b: select 1 ""Morphtronic"" monster in your Graveyard. Special Summon the selected monster",
38082437,Morphtronic Telefon,1,7b,false,false,false,7b: Revives a monster from the GY.,"7b: Special Summon 1 ""Morphtronic"" monster from your GY",
48868994,Morphtronic Vacuumen,1,6a 7a,false,false,false,7a: Equips an opponent's monster. | 6a: Burn by sending own card as cost.,7a: equip 1 face-up Attack Position monster your opponent controls to this card | 6a: inflict 500 damage to your opponent,
49833312,"Morphtronics, Scramble!",1,10,false,false,false,10: Negates an attack.,10: Negate that attack,
8483333,Mosaic Manticore,1,7b,false,false,false,7b: Special Summons monsters from the GY.,"7b: Special Summon, from the Graveyard",
17021204,Mother Spider,1,8,false,false,false,8: Sends 2 opponent monsters to the GY.,8: send 2 face-up Defense Position monsters your opponent controls to the Graveyard,
18837926,Motivating Captain,1,7b,false,false,false,7b: Special Summons from the GY.,7b: target 1 Level 4 or lower monster in your GY; Special Summon it,
269012,Mound of the Bound Creator,1,9a,false,false,false,9a: Grants targeting and effect-destruction protection to Level 10+ monsters.,9a: cannot be targeted or destroyed by card effects,
86767655,Ms. Judge,1,10,false,false,false,10: Negates an opponent's effect.,10: negate that effect,
54757758,Mudragon of the Swamp,1,9a,false,false,false,9a: Grants untargetability.,"9a: Your opponent cannot target this card, or monsters on the field with the same Attribute as this card, with card effects",
42141493,Mulcharmy Fuwalos,1,5,false,false,false,5: Draws cards.,5: immediately draw 1 card,
87126721,Mulcharmy Meowls,1,5,false,false,false,5: Draws cards.,5: immediately draw 1 card,
84192580,Mulcharmy Purulia,1,5,false,false,false,5: Draws cards.,5: immediately draw 1 card,
14057297,Multiple Destruction,1,5,false,false,false,5: Hand refresh draw.,5: each player draws 5 cards,
71628381,Multiple Piece Golem,1,7b,false,false,false,7b: Special Summons monsters from the GY.,"7b: if all of the Fusion Material Monsters that were used for the Fusion Summon of this card are in your Graveyard, you can Special Summon them",
92385016,Munin the Runick Wings,1,10,false,false,false,10: Negates an activation.,10: negate the activation,
41458579,Musakani Magatama,1,10,false,false,false,10: Negates an activation.,10: Negate the activation,
9837195,"Musto, Oracle of Gusto",1,10,false,false,false,10: Negates a monster's effects.,10: negate the second target's effects,
11508758,Mutant Mindmaster,1,7a,false,false,false,7a: Takes control of an opponent's monster.,7a: take control of 1 face-up Attack Position monster your opponent controls,
69279219,My Body as a Shield,1,10,false,false,false,10: Negates an activation.,10: negate the activation,
14198496,Mystic Piper,1,5,false,false,false,5: Draws cards.,5: draw and reveal 1 card,
49251811,Mystic Probe,1,10,false,false,false,10: Negates Continuous Spells.,10: Negate all Continuous Spell Cards,
48356796,Mystical Cards of Light,1,5,false,false,false,5: Extra draw.,5: draw 2 cards instead of 1,
7574904,Myutant Arsenal,1,9a,false,false,false,9a: Partial untargetability.,9a: Your opponent cannot target this card with Trap effects,
34695290,Myutant Beast,1,9a 10,false,false,false,"9a: Makes itself untargetable. | 10: Negates a Spell activation, once per turn.","9a: Your opponent cannot target this card with monster effects | 10: negate the activation, and if you do, banish that card",
5466615,Myutant Clash,1,5 10,false,false,false,10: Negates a monster's effect. | 5: Draws a card.,10: negate its effect until the end of this turn | 5: You can draw 1 card,
34572613,Myutant Evolution Lab,1,5 7b,false,false,false,7b: Can Special Summon a banished monster. | 5: Card exchange draw (ruling 2).,"7b: Special Summon 1 of your Level 4 or lower ""Myutant"" monsters from your hand or that is banished | 5: draw 1 card",
60967717,Myutant Expansion,1,9a,false,false,false,9a: destruction substitute against card effects,9a: you can banish this card you control instead,
42577802,Myutant Fusion,1,7d,false,false,false,7d: Fusion material from the Deck.,7d: you can use up to 1 monster each from your Deck and GY as Fusion Material,
43709490,Myutant GB-88,1,7b,false,false,false,7b: Summons from GY or banishment.,"7b: Special Summon 1 of your Level 8 ""Myutant"" monsters that is banished or in your GY",
61089209,Myutant Mist,1,5 9a,false,false,false,9a: Partial targeting protection. | 5: Draws cards.,9a: Your opponent cannot target this card with Spell effects | 5: draw 2 cards,
79194594,Myutant Synthesis,1,9a,false,false,false,9a: Grants itself unaffected status.,9a: this face-up card is unaffected by the effects,
6182103,Myutant Ultimus,1,10,false,false,false,10: Negates an activation.,10: negate the activation,
97518132,Naelshaddoll Ariel,1,7b,false,false,false,7b: Special Summons a banished monster.,"7b: target 1 of your banished ""Shaddoll"" monsters; Special Summon it","Banishing up to 3 cards is from the GY, not the field."
83467607,Nature's Reflection,1,6a,false,false,false,6a: Reflects damage (ruling 22).,6a: becomes an effect that inflicts damage to their Life Points,
42110434,Naturia Butterfly,1,10,false,false,false,10: Negates an attack.,10: negate that attack,
29942771,Naturia Camellia,1,7b,false,false,false,7b: Special Summons from GY.,"7b: Special Summon 1 ""Naturia"" monster from your GY",
11390349,Naturia Fruitfly,1,7a,false,false,false,7a: Takes control of an opponent's monster.,7a: take control of it until the End Phase,
24694698,Naturia Marron,1,5,false,false,false,5: Draws a card.,5: then draw 1 card,
93454062,Naturia Mole Cricket,1,7b,false,false,false,7b: Special Summons itself from the GY.,7b: You can Special Summon this card,
17285476,Naturia Mosquito,1,6a,false,false,false,6a: Redirects damage to opponent (ruling 22).,6a: Your opponent takes any Battle Damage you would have taken,
7304544,Naturia Pineapple,1,7b,false,false,false,7b: Revives itself from the GY.,7b: Special Summon this card from your Graveyard,
87649699,Naturia Ragweed,1,5,false,false,false,5: Draws cards.,5: draw 2 cards,
23051413,Naturia Stag Beetle,1,7b,false,false,false,7b: Special Summons a monster from the GY.,7b: Special Summon that monster from the Graveyard,
25866285,Naturia Stinkbug,1,10,false,false,false,10: Negates an attack.,10: negate that attack,
7478431,Naturia Sunflower,1,10,false,false,false,10: Negates an activation.,10: negate the activation of an effect,
16940215,Naturia Vein,1,10,false,false,false,10: Negates activation; tributes itself.,10: negate the activation of your opponent's Spell or Trap Card,
94655777,"Nebulus, Dragon Ruler of Mishaps",1,7b,false,false,false,7b: Special Summons banished monsters and a monster from the GY.,"7b: Special Summon them, but they cannot attack this turn",
48576971,Necklace of Command,1,5,false,false,false,5: Draws a card.,5: Draw 1 card,
4906301,Necro Gardna,1,10,false,false,false,10: Negates an attack; banishes itself.,10: negate the next attack,
93860227,Necroquip Princess,1,5,false,false,false,5: draws a card,5: Draw 1 card,
47355498,Necrovalley,1,3.2 10,false,false,false,"10: Continuous negation. | 3.2: Field Spell zone lock, removable by own Field Spell.",10: Negate any card effect that would move a card in the Graveyard | 3.2: Cards in the Graveyard cannot be banished.,
94230224,Needle Ball,1,6a,false,false,false,6a: Direct effect damage without a board change.,6a: inflict 1000 damage to your opponent,
38411870,Needle Ceiling,1,8,false,false,false,8: destroys multiple opponent monsters,8: Destroy all face-up monsters,
60666820,Nefarious Archfiend Eater of Nefariousness,1,7b,false,false,false,7b: Special Summons itself from the GY.,"7b: destroy it, and if you do, Special Summon this card",
55117418,Nega-Ton Corepanel,1,10,false,false,false,10: Negates an activation.,10: Negate the activation of an Effect Monster's effect,
14315573,Negate Attack,1,10,false,false,false,10: Negates an attack.,10: negate the attack,
66675911,Nehshaddoll Genius,1,9a,false,false,false,9a: Makes a monster unaffected by monster effects.,9a: unaffected by monster effects this turn,
18189187,"Neiroy, the Dream Mirror Disciple",1,5,false,false,false,5: Draw exchange.,"5: draw 1 card, then shuffle 1 card from your hand into the Deck",
97211663,Nekroz Cycle,1,7b,false,false,false,7b: Can Ritual Summon a monster from the GY.,"7b: Ritual Summon 1 ""Nekroz"" Ritual Monster from your hand or GY",
50596425,Nekroz Divinemirror,1,7b,false,false,false,7b: Ritual Summons a monster from banishment.,7b: from your hand or banishment,
39468724,Nekroz of Areadbhair,1,10,false,false,false,10: Negates a monster effect activation.,10: negate the activation,
26674724,Nekroz of Brionac,1,8,false,false,false,8: Returns up to 2 cards to the Deck.,8: target up to 2 face-up monsters on the field that were Special Summoned from the Extra Deck; shuffle them into the Deck,
52846880,Nekroz of Catastor,1,7b,false,false,false,7b: Revives from GY.,"7b: target 1 ""Nekroz"" monster in your Graveyard; Special Summon it",
99185129,Nekroz of Clausolas,1,10,false,false,false,10: Negates a monster's effects.,10: that target's effects are negated,
74122412,Nekroz of Gungnir,1,9a 9b,false,false,false,9a: Grants effect-destruction protection. | 9b: Grants battle-destruction protection.,9a: it cannot be destroyed by battle or by card effects this turn | 9b: it cannot be destroyed by battle or by card effects this turn,
89463537,Nekroz of Unicore,1,10,false,false,false,10: Continuous negation.,10: Negate the effects of face-up monsters on the field that were Special Summoned from the Extra Deck.,
25857246,Nekroz of Valkyrus,1,5 10,false,false,false,10: Negates an attack. | 5: Draws cards.,10: negate the attack | 5: draw the same number of cards you Tributed,"Hand effect works only in the Battle Phase, so the rule 4 exception applies."
45666710,Nemeses Adrastea,1,7b,false,false,false,7b: Special Summons from GY or banishment.,7b: that is banished or in your GY; Special Summon it,
33499794,Nemleria Repeter,1,10,false,false,false,10: Negates opponent monsters' effects.,10: negate the effects of all face-up monsters your opponent currently controls,
56532353,Neo Blue-Eyes Ultimate Dragon,1,10,false,false,false,10: Negates an activation; banishes itself.,10: negate the activation,
45885288,Neo Kaiser Glider,1,7b,false,false,false,7b: Special Summons a monster from the GY.,7b: target 1 Dragon Normal Monster in your GY; Special Summon it,
85840608,Neo Space Connector,1,7b,false,false,false,7b: Special Summons a monster from the GY.,7b: in your GY; Special Summon it in Defense Position,
12510878,"Neo-Parshath, the Sky Paladin",1,5,false,false,false,5: Draws a card when it inflicts battle damage.,5: Draw 1 card,
13857930,Neo-Spacian Twinkle Moss,1,5,false,false,false,5: Draws a card when it battles.,5: draw 1 card,
14088859,Neos Fusion,1,7d 9a 9b,false,false,false,7d: Uses Fusion material from the Deck. | 9a: Destruction substitute against card effects. | 9b: Destruction substitute against battle.,"7d: by sending those monsters from your hand, Deck, or field | 9a: would be destroyed by battle or card effect | 9b: would be destroyed by battle or card effect",
5126490,Neos Wiseman,1,9a,false,false,false,9a: Effect-destruction immunity.,9a: This card cannot be destroyed by card effects,"Damage follows battle, byproduct."
46518210,"Nephilabyss, the Ogdoadic Overlord",1,7b,false,false,false,7b: Revives itself and another monster from the GY.,7b: Special Summon it,
21565445,"Neptabyss, the Atlantean Prince",1,7b,false,false,false,7b: Special Summons a monster from the GY.,"7b: Target 1 ""Atlantean"" monster in your Graveyard",
53589300,Nerva the Power Patron of Creation,1,9a,false,false,false,9a: Protected from destruction by card effects.,9a: this card cannot be destroyed by card effects,"Extra Deck monster, so rule 8 does not apply."
84640866,Network Trap Hole,1,8,false,false,false,8: Banishes all monsters Special Summoned at once.,8: Banish it face-down.,
73413514,Neverending Nightmare Absorber,1,7b,false,false,false,7b: Summons itself from the GY.,7b: You can Special Summon this card from your GY,
62314831,New World - Amritara,1,5 7b,false,false,false,7b: Special Summons a monster that was sent to the GY or banished. | 5: Draws a card.,7b: Special Summon 1 of those monsters in Defense Position | 5: draw 1 card,
81913510,NEX,1,7c,false,false,false,7c: Extra Deck summon without its listed materials.,7c: Special Summon 1 Level 4 monster with the same name from your Extra Deck,
74414885,NEXT,1,7b,false,false,false,7b: Special Summons monsters from the GY.,7b: from your hand and/or GY,
54862960,Ni-Ni the Mirror Mikanko,1,6a 7a 9b,true,false,false,9b: Battle protection while equipped. | 7a: Takes control of an opponent's monster. | 6a: Redirects damage to the opponent (ruling 22).,9b: it cannot be destroyed by battle | 7a: take control of it until the End Phase | 6a: your opponent takes any battle damage you would have taken,Unclear whether redirecting battle damage falls under ruling 22 (6a).
49275969,"Nidhogg, Generaider Boss of Ice",1,10,false,false,false,10: Negates a summon.,10: negate the Summon,
20295753,Night Sword Serpent,1,7b,false,false,false,7b: Special Summons itself from the GY.,"7b: You can Special Summon this card, but banish it when it leaves the field",
81101309,Night Train Blue Traveler,1,7b,false,false,false,7b: Revives from the GY.,7b: Special Summon both it and this card,
25224340,Nightmare Hands,1,7b,false,false,false,7b: Special Summons a monster from the opponent's GY.,7b: target 1 monster in your opponent's GY; Special Summon it to your field,
40221691,Nightmare Magician,1,7a 9b,false,false,false,9b: Battle indestructibility. | 7a: Takes control of opponent's monster.,9b: neither can be destroyed by that battle | 7a: You can take control of that opponent's monster,
65261141,Nightmare Pain,1,6a,false,false,false,6a: Redirects damage to the opponent.,6a: Your opponent takes any battle damage you would have taken,
54704216,Nightmare Wheel,1,6a,false,false,false,6a: Burn each Standby Phase without changing the field.,6a: Inflict 500 damage to your opponent,Single-monster lock is not a floodgate.
30138615,Nightmare-Eyes Restrict,1,7a 9b,false,false,false,9b: Battle protection. | 7a: Equips an opponent monster (ruling 24).,9b: neither can be destroyed by that battle | 7a: equip 1 monster your opponent controls to this card,
66569334,Nightmell the Dark Bonder,1,7c,false,false,false,7c: Brings an Extra Deck monster to the field without its materials.,7c: you can Special Summon a monster from your Extra Deck instead,
24701235,Nikitama,1,5,false,false,false,5: Draws a card.,5: Draw 1 card.,
68353324,Nimble Beaver,1,7b,false,false,false,7b: Can Special Summon a monster from the GY.,7b: from your Deck or GY,
57831349,Nine Pillars of Yang Zing,1,10,false,false,false,10: Negates an activation.,10: Negate the activation,
27198001,Nine-Tailed Fox,1,7b,false,false,false,7b: Special Summons itself from the GY.,7b: If this card is in your hand or GY: You can Tribute 2 monsters; Special Summon this card,
63626024,Ninjitsu Art of Mirage-Transformation,1,7b,false,false,false,7b: Revives a monster from the opponent's GY.,7b: target 1 monster in your opponent's GY; Special Summon it to your field,
68441986,Ninjitsu Art of Mosquito Marching,1,10,false,false,false,10: Negates effects of opponent's monsters.,10: monsters with Hallucination Counters are negated,
32939238,Ninjitsu Art Tool - Iron Digger,1,7b,false,false,false,7b: Special Summons from banishment.,"7b: target 1 of your banished ""Ninja"" monsters; add it to your hand or Special Summon it",
7452945,Noble Arms of Destiny,1,9a 9b,false,false,false,9a: Grants protection from card-effect destruction. | 9b: Grants protection from battle destruction.,9a: cannot be destroyed by battle or by card effects | 9b: cannot be destroyed by battle,
57690191,Noble Knight Brothers,1,5,false,false,false,5: Draws a card.,5: then draw 1 card,
53550467,Noble Knight Drystan,1,9a,false,false,false,9a: Grants untargetability.,9a: your opponent cannot target your monsters with less than 1800 ATK,
5361816,Noble Knight Pellinore,1,5,false,false,false,5: Draws a card.,5: then draw 1 card,
34242278,Noble Knight's Shield-Bearer,1,5,false,false,false,5: Draws a card.,5: draw 1 card,
55742055,Noble Knights of the Round Table,1,5,false,false,false,5: Draws a card.,5: Draw 1 card,
65878864,Nobleman-Eater Bug,1,8,false,false,false,8: Can destroy 2 opponent monsters.,8: Destroy 2 monsters on the field,
6609736,Noh-P.U.N.K. Deer Note,1,7b,false,false,false,7b: Special Summons from the GY.,"7b: target 1 ""P.U.N.K."" monster in your GY, except a Level 5 monster; Special Summon it",
75046994,Noh-P.U.N.K. Rising Scale,1,7b,false,false,false,7b: Can Special Summon a monster from the GY.,"7b: Special Summon, 1 ""P.U.N.K."" monster from your Deck or GY",
76848240,Non Aggression Area,1,11a,false,false,false,11a: Takes away the opponent's Normal Summon for one turn.,"11a: Your opponent cannot Normal Summon, Set and/or Special Summon during his/her next turn.",
20065549,Non-Spellcasting Area,1,9a,false,false,false,9a: Grants partial unaffected protection.,9a: are unaffected by other Spell effects,
32623004,Nopenguin,1,7b,false,false,false,7b: Special Summons itself from the GY.,7b: Special Summon this card from your Graveyard,
64797746,Nordic Relic Svalinn,1,7b 10,false,false,false,10: Negates opponent effects. | 7b: Special Summons from the GY.,"10: negate the effects of all face-up cards your opponent currently controls | 7b: ""Aesir"" monster in your GY; Special Summon it",
61944066,"Nouvelles Recipe Book ""Recettes de Nouvellez""",1,3.2 6a,true,false,false,"3.2: Battle position lock dependent on a monster the opponent can attack. | 6a: LP loss triggered by Tributing, not a byproduct.",3.2: all face-up monsters your opponent controls are changed to Attack Position | 6a: your opponent pays 850 LP,Whether LP payment triggered by own Tributes is 6a.
15388353,"Nouvelles Restaurant ""At Table""",1,5,false,false,false,5: Draws cards in exchange for placing cards on the bottom of the Deck.,5: draw 1 card,
25607552,Nowru Aries the Vernal Dragon,1,7b,false,false,false,7b: Special Summons itself from the GY.,7b: If this card is in your GY: You can send 1 Level 5 or higher monster from your hand to the GY; Special Summon this card,
847915,Number Wall,1,9a 9b,false,false,false,9a: Number monsters cannot be destroyed by card effects. | 9b: Number monsters mostly cannot be destroyed by battle.,"9a: cannot be destroyed by card effects | 9b: cannot be destroyed by battle except with another ""Number"" monster",
20936251,Numeron Storm,1,8,false,false,false,8: Mass destruction of opponent backrow.,8: Destroy as many Spells/Traps your opponent controls as possible,
36010310,"Nunu, the Ogdoadic Remnant",1,7b,false,false,false,7b: Revives itself from the GY.,7b: You can Special Summon this card from your GY,
60681372,Nurikabe,1,7b,false,false,false,7b: Revives monsters from the GY.,7b: Special Summon both it and this card,
40398073,Nurse Dragonmaid,1,7b,false,false,false,7b: Special Summons from the GY.,"7b: ""Dragonmaid"" monster in your GY, except ""Nurse Dragonmaid""; Special Summon it",
63703130,O - Oversoul,1,7b,false,false,false,7b: Special Summons a monster from the GY.,7b: Normal Monster in your Graveyard; Special Summon that target,
39122311,Oasis of Dragon Souls,1,7b,false,false,false,7b: Revives a monster from the GY.,7b: targeting 1 monster in your Graveyard; Special Summon it,
99311109,Oath of Companionship,1,7a,false,false,false,7a: Takes control of an opponent's monster.,7a: take control of it until the End Phase,
402416,Obliterate!!! Blaze,1,8,false,false,false,8: Mass destruction of Spells/Traps.,8: destroy as many cards in the Spell & Trap Zones as possible,
90464188,Obsidian Dragon,1,10,false,false,false,10: Negates effects.,10: Negate the effects of Spell and Trap Cards,
3055018,"Obsidim, the Ashened City",1,5,false,false,false,5: Draw with a cost is still draw.,"5: place it on the bottom of your Deck, then draw 1 card",
23931679,Ocean Dragon Lord - Kairyu-Shin,1,3.2 8,true,false,false,3.2: Continuous lock on a monster the opponent can attack. | 8: Can force the opponent to send several monsters to the GY.,3.2: each player can only control 1 face-up non-WATER monster | 8: they must send some to the GY so they only control 1,Unclear whether a forced send by game rule counts as mass removal.
10485110,Ocean Dragon Lord - Neo-Daedalus,1,8,false,false,false,8: Sends all opponent's field cards to the GY.,8: send all cards in both players' hands and on the field to the Graveyard,
44728989,Ocean of Regeneration,1,7b,false,false,false,7b: Special Summons from the GY.,"7b: Special Summon it, but destroy it during the End Phase",
61391302,Odd-Eyes Advance Dragon,1,7b,false,false,false,7b: Can revive from the GY.,7b: Special Summon 1 Level 5 or higher monster from your hand or GY,
48144509,Odd-Eyes Fusion,1,7d,true,false,false,7d: Fusion material from outside hand/field.,"7d: use up to 2 ""Odd-Eyes"" monsters in your Extra Deck as Fusion Materials","Material from Extra Deck, not Main Deck."
23851033,Odd-Eyes Gravity Dragon,1,3.2 8,false,false,false,8: Bounces all opponent's Spells and Traps. | 3.2: Continuous cost on activation on a monster the opponent can attack.,8: return all Spells and Traps your opponent controls to the hand | 3.2: Your opponent must pay 500 LP to activate card effects,
85497611,Odd-Eyes Wizard Dragon,1,7b,false,false,false,7b: Can Special Summon from the GY.,"7b: Special Summon 1 ""Odd-Eyes"" monster from your Deck or GY",
93217231,Offering to the Snake Deity,1,8,false,false,false,8: destroys 2 opponent cards,8: 2 cards your opponent controls; destroy all three targets,
97565997,"Ogdoabyss, the Ogdoadic Overlord",1,7b 8,false,false,false,7b: Special Summons itself from the GY. | 8: Sends all monsters to the GY.,7b: If this card is in your GY: You can Tribute 3 monsters; Special Summon this card. | 8: send all monsters from the field to the GY,
23837054,Ogdoadic Calling,1,7b,false,false,false,7b: Special Summons monsters from the GY.,7b: Special Summon 2 Reptile monsters with different names from your GY,
96433300,Ogdoadic Hollow,1,7b,false,false,false,7b: Special Summons a monster from the opponent's GY.,7b: target 1 monster in your opponent's GY; Special Summon it to your field,
96203584,Ogdoadic Serpent Strike,1,7b,false,false,false,7b: Special Summons from the GY.,7b: Reptile monster in your GY with a different original Attribute than that monster; Special Summon it,
24050692,Ogdoadic Water Lily,1,7b,false,false,false,7b: Special Summons from the GY.,7b: Special Summon 1 Reptile monster from your GY,
87313164,Oh F!sh!,1,10,false,false,false,10: Negates a monster effect activation.,10: negate the activation,
97173708,Oh Tokenbaum!,1,7b,false,false,false,7b: Special Summons monsters from the GY.,"7b: target monsters in your GY with that same Level, up to the number of Tokens Tributed; Special Summon them",
81260679,Ohime the Manifested Mikanko,1,6a 9b,true,false,false,9b: Battle indestructible. | 6a: Redirects damage (ruling 22).,9b: Cannot be destroyed by battle | 6a: your opponent takes any battle damage you would have taken,Battle damage redirection; ruling 22 vs battle byproduct.
31768112,Oilman,1,5 9a 9b,false,false,false,5: Draws a card. | 9a: Destruction substitute (effects). | 9b: Destruction substitute (battle).,"5: Draw 1 card | 9a: If the equipped monster would be destroyed, destroy this card instead | 9b: If the equipped monster would be destroyed, destroy this card instead",
79663524,Oily Cicada,1,7b,false,false,false,7b: Can Special Summon from the GY.,"7b: from your hand, Deck, or GY",
90011152,Ojama Country,1,7b,false,false,false,7b: Special Summons from the GY.,"7b: Special Summon 1 ""Ojama"" monster from your Graveyard",
8251996,Ojama Delta Hurricane!!,1,8,false,false,false,8: Destroys all opponent cards.,8: Destroy all cards on your opponent's side of the field,
75884822,Ojama Pajama,1,7b 9a 9b,false,false,false,9a: Destruction substitute against card effects. | 9b: Destruction substitute against battle. | 7b: Special Summons from banishment.,"9a: would be destroyed by battle or card effect, you can banish 1 ""Ojama"" card from your hand, face-up field, or GY instead | 9b: would be destroyed by battle or card effect, you can banish 1 ""Ojama"" card from your hand, face-up field, or GY instead | 7b: Special Summon as many of your banished ""Ojama"" monsters as possible",
42517468,Ojama Pink,1,5,false,false,false,5: Draws a card.,5: each player draws 1 card,
100000101,Ojamandala,1,7b,false,false,false,7b: Special Summons from the GY.,7b: from your Graveyard,
2390019,Ojamassimilation,1,5 7b,false,false,false,7b: Can Special Summon monsters from the GY. | 5: Draws a card.,"7b: from your hand, Deck, and/or GY | 5: then draw 1 card",
38395123,Ojamatch,1,5,false,false,false,5: draws a card,5: then draw 1 card,
98259197,Ojamuscle,1,8,false,false,false,8: Can destroy several opponent Ojama monsters.,"8: Destroy all ""Ojama"" monsters on the field",
54239282,Old Mind,1,5,false,false,false,5: Controller draws a card.,5: draw 1 card,
53923690,Omega Judgment,1,8,false,false,false,8: Destroys 2 opponent cards.,8: 2 cards your opponent controls; destroy them,
47457347,Omega Summon,1,7b,false,false,false,7b: Special Summons monsters from banishment.,"7b: Target any number of your banished ""Invoked"" monsters",
56995655,Ominous Fortunetelling,1,6a,false,false,false,6a: Effect damage without changing the field.,6a: inflict 700 points of damage to your opponent's Life Points,
8972398,Omni Dragon Brotaur,1,7b,false,false,false,7b: Special Summons itself from the GY.,7b: Special Summon this card from the GY,
31006879,"On Your Mark, Get Set, DUEL!",1,5,false,false,false,5: Draws cards.,5: draw 2 cards,
19326613,Once Upon a Fairy Tail,1,7b,false,false,false,7b: Special Summons from GY and banishment.,"7b: Special Summon up to 1 LIGHT ""Fairy Tail"" monster each from your hand, GY, and banishment",
33782437,One Day of Peace,1,5,false,false,false,5: Draws a card.,5: Each player draws 1 card,
74202664,One or Eight,1,5,true,false,false,5: Adds the top card blind (ruling 18).,"5: Reveal the top card of your Deck, and if it is Level 1 or 8, add it to your hand",Conditional blind add treated as draw.
36042825,One-Shot Wand,1,5,false,false,false,5: Draws a card.,5: draw 1 card,
35187185,"Oneiros, the Dream Mirror Erlking",1,7b,false,false,false,7b: Special Summons a monster from the GY.,"7b: Special Summon 1 ""Dream Mirror"" monster from your GY",
37678339,"Oneiros, the Dream Mirror Tormentor",1,10,false,false,false,10: Negates a monster effect.,10: You can negate that effect,
95990456,Onmoraki,1,5,false,false,false,5: Draws a card.,5: You can draw 1 card,
19523799,Ookazi,1,6a,false,false,false,6a: Direct effect damage as primary function.,6a: Inflict 800 damage to your opponent.,
80312545,Opening of the Spirit Gates,1,7b,false,false,false,7b: Special Summons from the GY.,7b: Special Summon 1 Fiend monster with 0 ATK/DEF from your GY,
43268675,Opera the Melodious Diva,1,9a 9b,false,false,false,9a: Grants effect destruction immunity. | 9b: Grants battle destruction immunity.,9a: cannot be destroyed by battle or card effects | 9b: cannot be destroyed by battle or card effects,
21441617,Orcust Cymbal Skeleton,1,7b,false,false,false,7b: Special Summons from the GY.,"7b: target 1 ""Orcust"" monster in your GY",
26845680,Orcustrated Return,1,5,false,false,false,5: Draws cards.,5: draw 2 cards,
39019325,Order to Smash,1,8,false,false,false,8: Destroys up to 2 cards.,8: destroy up to 2 Spells/Traps your opponent controls,
15744417,Orgoth the Relentless,1,5 9a 9b,false,false,false,9a: A die result grants effect-destruction immunity. | 9b: A die result grants battle-destruction immunity. | 5: A die result draws 2 cards.,9a: This card cannot be destroyed by battle or card effects | 9b: This card cannot be destroyed by battle or card effects | 5: Draw 2 cards.,
7634581,Orichalcos Shunoros,1,9a,false,false,false,9a: Grants indestructibility by card effects.,9a: Face-up Level 4 Normal Monsters on the field cannot be destroyed by card effects,
847217,Orichalcos Sword of Sealing,1,10,false,false,false,10: Continuously negates the equipped monster's effects.,10: The equipped monster's effects are negated,
33578406,Original Bamboo Sword,1,8,false,false,false,8: Destroys all opponent monsters.,8: destroy all monsters your opponent controls,
9113513,Ostinato,1,7b 7d,false,false,false,7d: Uses Fusion Material from the Deck. | 7b: Special Summons the materials from the GY.,7d: using 2 monsters from your hand and/or Deck as Fusion Material | 7b: you can Special Summon all of them,
63193536,Over Capacity,1,8,false,false,false,8: Can banish multiple opponent monsters.,8: Banish all face-up Level 2 or lower monsters on the field,
65993085,Overdone Burial,1,7b,false,false,false,7b: Revives from GY.,7b: target 1 monster in your GY whose Level is lower than the discarded monster's original Level; Special Summon it,
41782653,Overtex Qoatlus,1,10,false,false,false,10: Negates Spell/Trap activation.,10: negate the activation,
20140382,Overwhelm,1,10,false,false,false,10: Negates an activation.,10: Negate the activation,
71272951,Overworked,1,8,false,false,false,8: Can destroy multiple monsters.,8: Destroy each monster whose ATK is higher than its original ATK,
6075801,Paladin of Felgrand,1,7b 9a,false,false,false,9a: Self unaffected protection. | 7b: Revives from the GY.,9a: This card is unaffected by other monsters' effects | 7b: target 1 Level 7 or 8 Dragon monster in your GY; Special Summon it,
85346853,Paladin of Photon Dragon,1,5,false,false,false,5: Draws a card.,5: Draw 1 card,
68670547,Paladin of the Cursed Dragon,1,7b,false,false,false,7b: Special Summons a monster from the opponent's GY.,"7b: Zombie monster in your opponent's GY, that was destroyed by battle; Special Summon that target",
98414735,Paleozoic Canadia,1,7b 9a,false,false,false,7b: Special Summons itself from the GY. | 9a: Grants itself unaffected status.,7b: You can Special Summon this card as a Normal Monster | 9a: this card is unaffected by monster effects,
38761908,Paleozoic Dinomischus,1,7b 9a,false,false,false,7b: summons itself from the GY | 9a: unaffected status,7b: You can Special Summon this card as a Normal Monster | 9a: this card is unaffected by monster effects,
2376209,Paleozoic Eldonia,1,7b 9a,false,false,false,7b: Special Summons itself from the GY. | 9a: Unaffected by monster effects.,7b: You can Special Summon this card as a Normal Monster | 9a: this card is unaffected by monster effects,
61420130,Paleozoic Hallucigenia,1,7b 9a,false,false,false,7b: special summons itself from the GY | 9a: unaffected by monster effects,7b: You can Special Summon this card as a Normal Monster | 9a: this card is unaffected by monster effects,
1154611,Paleozoic Leanchoilia,1,7b 9a,false,false,false,7b: Special Summons itself from the GY. | 9a: Unaffected by monster effects.,7b: You can Special Summon this card as a Normal Monster | 9a: this card is unaffected by monster effects,
64765016,Paleozoic Marrella,1,7b 9a,false,false,false,7b: Special Summons itself from the GY. | 9a: Unaffected by monster effects.,7b: while this card is in your GY: You can Special Summon this card | 9a: unaffected by monster effects,
35035481,Paleozoic Olenoides,1,7b 9a,false,false,false,7b: Special Summons itself from the GY. | 9a: Makes itself unaffected by monster effects.,7b: Special Summon this card as a Normal Monster | 9a: this card is unaffected by monster effects,
24903843,Paleozoic Pikaia,1,5 7b 9a,false,false,false,5: Draws cards. | 7b: Special Summons itself from the GY. | 9a: Unaffected by monster effects.,5: then draw 2 cards | 7b: Special Summon this card as a Normal Monster | 9a: this card is unaffected by monster effects,
71703785,Palladium Oracle Mahad,1,6b 7b,false,false,false,6b: Doubles ATK. | 7b: Can revive from the GY.,"6b: its ATK is doubled during the Damage Step only | 7b: Special Summon 1 ""Dark Magician"" from your hand, Deck, or Graveyard",
42006475,Palladium Oracle Mana,1,7b 9a,false,false,false,7b: Summons itself from the GY. | 9a: Grants effect-destruction protection.,7b: while this card is in your hand or GY (Quick Effect): You can Special Summon this card | 9a: Level 7 or higher Spellcaster monsters you control cannot be destroyed by card effects,
22842126,Pantheism of the Monarchs,1,5,false,false,false,5: Draws 2 cards.,5: draw 2 cards,
57355219,Paradox Fusion,1,7b 10,false,false,false,10: Negates Summons or activations. | 7b: Returns a monster from banishment to the field.,10: negate the Special Summon or activation | 7b: return the banished Fusion Monster to your field,
483,Parallel Teleport,1,7c,false,false,false,7c: Summons an Extra Deck monster without its listed materials.,7c: Special Summon 1 Level 7 or lower Psychic monster from your Deck or Extra Deck,
79707116,Paralyzing Chain,1,6a,true,false,false,6a: Damage triggered by mill is primary.,6a: inflict 300 damage to your opponent,May be a punish-floodgate if opponent's own effects trigger it.
3289027,"Parl, Hermit of Dark World",1,7b,false,false,false,7b: Special Summons a monster from the GY.,7b: Special Summon it to either field,
88453933,Parlor Dragonmaid,1,7b,false,false,false,7b: Special Summons from the GY.,"7b: Special Summon 1 Level 8 ""Dragonmaid"" monster from your hand or GY",
52228131,Parry,1,10,false,false,false,10: Negates a Trap activation.,10: negate the activation and effect of a Trap Card,
50292967,Past Image,1,7b,false,false,false,7b: Returns a banished monster to the field (flicker ruling).,7b: it returns to the opponent's side of the field,
82460246,Peaceful Planet Calarium,1,7b,false,false,false,7b: Revives destroyed Tuner from GY.,7b: You can target 1 of those monsters; Special Summon it,
100459011,"Penalty Game ""GREED, the Illusion of Avarice""",1,6a,false,false,false,6a: Burn damage as primary function.,6a: Inflict 400 damage to your opponent for each card in their hand,
967928,Penalty Game!,1,11a,false,false,false,11a: One-time denial of the opponent's draw.,11a: Your opponent cannot draw during their next Draw Phase,
73640163,Penguin Cleric,1,7b,false,false,false,7b: Revives a monster from the GY.,7b: Special Summon that monster in face-down Defense Position,
41255165,Penguin Ninja,1,8,false,false,false,8: Bounces up to 2 opponent cards.,8: target up to 2 Spells/Traps your opponent controls; return them to the hand,
93920745,Penguin Soldier,1,8,false,false,false,8: Can bounce 2 opponent monsters.,8: target up to 2 monsters on the field; return those targets to the hand,
69792699,Penguin Sword,1,10,false,false,false,10: Negates effects of cards with a name.,10: Negate the activated effects and effects on the field,
17679043,Penguin Torpedo,1,7a,false,false,false,7a: Takes control of an opponent's monster.,7a: take control of it until the End Phase,
46273941,Pere-Zenet Em Heru,1,5 7b,false,false,false,5: Draws a card. | 7b: Ritual Summons from the GY.,5: You can draw 1 card | 7b: from your hand or GY,
100459002,Perfect Eclosion - Perfectly Ultimate Great Moth,1,3.2 8,true,false,false,8: Mass bounce. | 3.2: Lasting punishment of summoning on an attackable monster.,8: return as many cards your opponent controls as possible to the hand | 3.2: Each time your opponent Normal or Special Summons a monster(s): All monsters your opponent currently controls lose ATK,ATK loss as punishment for summoning may or may not be a floodgate.
6471156,Perform Puppet,1,7b,false,false,false,7b: Special Summons from banishment.,"7b: target 1 of your banished ""Gimmick Puppet"" monsters; Special Summon it",
4081665,Performage Stilts Launcher,1,6a,false,false,false,6a: Deals burn damage without changing the opponent's field.,6a: inflict 2000 damage to your opponent,
33206889,Performage Trapeze Witch,1,9a,false,false,false,9a: Grants untargetability.,9a: your opponent cannot target them with card effects,
67696066,Performage Trick Clown,1,7b,false,false,false,7b: Revives from GY.,"7b: target 1 ""Performage"" monster in your GY; Special Summon it",
46066477,Performance Hurricane,1,8,false,false,false,8: Returns multiple opponent cards to hand.,"8: Target cards your opponent controls, up to the number of",
37745740,Performapal Bowhopper,1,6a,false,false,false,6a: Damage with Tribute cost is primary.,6a: inflict damage to your opponent equal to the Level it had on the field x 100,
22765132,Performapal Call,1,10,false,false,false,10: Negates an attack.,10: negate the attack,
55553602,Performapal Dramatic Theater,1,7b,false,false,false,7b: Can Special Summon from GY.,"7b: from your hand, Deck, or Graveyard",
340002,Performapal Elephammer,1,8,false,false,false,8: Bounces all opponent Spells/Traps.,8: return all Spell and Trap Cards your opponent controls to the hand,
96606246,Performapal Friendonkey,1,7b,false,false,false,7b: Can Special Summon a monster from the GY.,7b: from your hand or Graveyard,
71985676,Performapal Inflater Tapir,1,7b,false,false,false,7b: Revives itself from the GY.,7b: Special Summon this card in Defense Position,Hand effect is battle-only.
65029288,Performapal Odd-Eyes Metal Claw,1,9a,false,false,false,9a: Unaffected by other card effects.,9a: it is unaffected by other cards' effects,
36415522,Performapal Pinch Helper,1,10,false,false,false,10: Negates an attack.,10: You can negate the attack,
16617334,Performapal Rain Goat,1,9a 9b,false,false,false,9a: Grants effect protection. | 9b: Grants battle protection.,"9a: this turn, it cannot be destroyed by battle or card effects | 9b: this turn, it cannot be destroyed by battle or card effects",Hand damage prevention/protection not rule 4 (ruling 15).
71705144,Performapal Recasting,1,5,false,false,false,5: Draws cards.,5: draw cards equal to the number of cards you shuffled into the Deck +1,
5672432,Performapal Revival,1,7b,false,false,false,7b: Special Summons from the GY.,"7b: Special Summon 1 ""Performapal"" monster from your hand or Graveyard",
122520,Performapal Sky Pupil,1,10,false,false,false,10: Negates the effects of the monster it battles.,10: that monster has its effects negated until the end of the Damage Step,
29169993,Performapal Teeter Totter Hopper,1,7b 9b,false,false,false,9b: Cannot be destroyed by battle once per turn. | 7b: Special Summons itself from the GY.,"9b: would be destroyed by battle each turn, it is not destroyed | 7b: while this card is in your Graveyard: You can Special Summon this card",
70458081,Performapal Thunderhino,1,9a 9b,false,false,false,9a: Destruction substitute vs card effects. | 9b: Destruction substitute vs battle.,9a: you can banish this card instead | 9b: would be destroyed by battle or card effect,
220414,Performapal Turn Trooper,1,7b 8 10,false,false,false,10: Negates an attack. | 8: Temporarily banishes all monsters. | 7b: Banished monsters return to the field later.,"10: You can negate that attack | 8: banish all monsters on the field, until your opponent's 2nd End Phase | 7b: banish all monsters on the field, until your opponent's 2nd End Phase",
62472614,Pestilence,1,6a,false,false,false,6a: Recurring effect damage without changing the field.,6a: inflict 500 damage to the controller of the equipped monster,
48308134,Phantasm Spiral Crash,1,7b,false,false,false,7b: Can summon from GY.,"7b: from your hand, Deck, or Graveyard",
75702749,Phantasm Spiral Grip,1,7b,false,false,false,7b: Can summon from the GY.,"7b: Special Summon 1 ""Phantasm Spiral Dragon"" from your hand, Deck, or Graveyard",
61397885,Phantasm Spiral Power,1,10,false,false,false,10: negates a monster's effects,10: it has its effects negated,
1197847,Phantasm Spiral Wave,1,7b 9b,false,false,false,9b: Battle-destruction protection. | 7b: Can Special Summon from the GY.,"9b: The first time the equipped monster would be destroyed by battle each turn, it is not destroyed | 7b: from your hand, Deck, or Graveyard",
62393472,"Phantasos, the Dream Mirror Friend",1,7b,false,false,false,7b: Special Summons a monster from the GY.,"7b: monster in your GY, except",
25542642,Phantom Knights' Fog Blade,1,7b 10,false,false,false,10: Negates effects. | 7b: Revives from the GY.,"10: negate that face-up monster's effects | 7b: Special Summon it, but banish it when it leaves the field",
98153934,Phantom Knights' Spear,1,3.3 9a 9b,false,false,false,3.3: Punishes targeting archetype monsters. | 9a: Effect destruction substitute. | 9b: Battle destruction substitute.,"3.3: Each time your opponent activates a card or effect that targets a ""The Phantom Knights"" monster(s) you control, inflict 500 damage | 9a: If a DARK monster you control would be destroyed by battle or an opponent's card effect, you can banish this card from your GY instead | 9b: If a DARK monster you control would be destroyed by battle or an opponent's card effect, you can banish this card from your GY instead",
61936647,Phantom Knights' Sword,1,7b 9a 9b,false,false,false,9a: Destruction substitute vs effects. | 9b: Destruction substitute vs battle. | 7b: Special Summons from GY.,"9a: if that target would be destroyed by battle or card effect, you can destroy this card instead | 9b: if that target would be destroyed by battle or card effect, you can destroy this card instead | 7b: target 1 ""The Phantom Knights"" monster in your GY; Special Summon it",
98431356,Phantom Knights' Wing,1,7b 9a 9b,false,false,false,9a: One-time effect protection. | 9b: One-time battle protection. | 7b: Revives from the GY.,"9a: the first time that target would be destroyed by battle or card effect this turn, it is not destroyed | 9b: the first time that target would be destroyed by battle or card effect this turn, it is not destroyed | 7b: target 1 ""The Phantom Knights"" monster in your GY; Special Summon it",
80453041,Phantom of Yubel,1,9b 10,false,false,false,9b: Battle indestructible. | 10: Rewrites an effect (ruling 34).,9b: Cannot be destroyed by battle | 10: the activated effect becomes,
12958919,Phantom Skyblaster,1,6a,false,false,false,6a: Burns based on counting monsters without changing the field.,"6a: inflict 300 damage to your opponent for each ""Skyblaster"" monster you control",
82344137,Phara the Primordial Goddess,1,7a 7b,false,false,false,7a: Takes control of opponent's monster. | 7b: Special Summons itself from the GY.,7a: take control of 1 monster your opponent controls | 7b: You can Special Summon this card,
89707961,Pharaonic Guardian Sphinx,1,8,false,false,false,8: Mass removal.,8: Shuffle all monsters your opponent controls into the Deck,
23558733,Phoenixian Cluster Amaryllis,1,7b,false,false,false,7b: Revives itself from the GY.,7b: Special Summon this card from your Graveyard in Defense Position,
8192327,Phosphorage the Elemental Lord,1,8,false,false,false,8: Destroys all opponent monsters.,8: destroy all monsters your opponent controls,
2618045,Photon Chargeman,1,6b,false,false,false,6b: Doubles ATK.,6b: make this card's ATK become double its original ATK,
73478096,Photon Emperor,1,7b,false,false,false,7b: Special Summons itself from the GY.,7b: You can Special Summon this card in Defense Position,
66607691,Photon Generator Unit,1,7b,false,false,false,7b: Can Special Summon from the GY.,"7b: from your hand, Deck, or Graveyard",
55758589,Photon Wyvern,1,8,false,false,false,8: Mass destruction.,8: Destroy all Set cards your opponent controls,
70899775,Pianissimo,1,9a 9b,false,false,false,9a: Makes a monster immune to destruction by card effects. | 9b: Makes a monster immune to destruction by battle.,9a: cannot be destroyed by battle or card effects | 9b: cannot be destroyed by battle or card effects,
71175527,"Pilica, Descendant of Gusto",1,7b,false,false,false,7b: Special Summons a monster from the GY.,7b: WIND Tuner monster in your Graveyard; Special Summon that target,
20357457,Pillar of the Future - Cyanos,1,7b,false,false,false,7b: Special Summons from the GY/banishment.,"7b: Special Summon 1 ""Sky Striker Ace - Roze"" from your Deck or GY",
67445676,Pinecono,1,7b,false,false,false,7b: Special Summons itself from the GY.,7b: Special Summon this card from the Graveyard,
44509898,Pinpoint Guard,1,7b 9a 9b,false,false,false,7b: Special Summons from the GY. | 9a: Grants protection from destruction by effects. | 9b: Grants battle protection.,7b: Target 1 Level 4 or lower monster in your Graveyard; Special Summon it | 9a: cannot be destroyed by battle or card effects | 9b: cannot be destroyed by battle,
17322533,Pinpoint Landing,1,5,false,false,false,5: Draws a card.,5: You can draw 1 card,
50823978,Piranha Army,1,6b,false,false,false,6b: Doubles battle damage.,6b: is doubled,
83682209,Piwraithe the Ghost Pirate,1,7b,false,false,false,7b: Special Summons itself from the GY.,7b: You can Special Summon this card,
33420078,Plaguespreader Zombie,1,7b,false,false,false,7b: Special Summons itself from the GY.,"7b: Special Summon this card, but banish it when it leaves the field",
39163598,Planet Pollutant Virus,1,8,false,false,false,8: Mass destruction.,8: Destroy all face-up monsters without A-Counters your opponent controls,
54451023,Plant Food Chain,1,7b,false,false,false,7b: Special Summons a monster from the GY.,7b: Plant-Type monster in your Graveyard; Special Summon that target,
45700805,Plasma Warrior Eitom,1,7b,false,false,false,7b: Can Special Summon itself from the GY.,7b: Must be Special Summoned (from your hand or GY),
13070280,Play of the Tistina,1,7b,false,false,false,7b: Can revive from GY.,"7b: Special Summon 1 ""Tistina"" monster from your hand or GY",
39881252,Play the Diabell,1,7b,false,false,false,7b: Special Summons from the GY.,"7b: Special Summon 1 ""Diabell"" monster from your hand or GY",
69529567,Playful Possum,1,7b,false,false,false,7b: Revives itself from the GY.,7b: You can Special Summon this card from the Graveyard,
20426176,Plunder Patroll Booty,1,7b,false,false,false,7b: Revives a monster from the GY.,"7b: take 1 ""Plunder Patroll"" monster from your GY, and either shuffle it into the Deck or Special Summon it",
43004235,Plunder Patroll Parrrty,1,5,false,false,false,5: Draws cards.,5: Draw cards equal to the number of Equip Cards you control +1,
18832779,Plunder Patrollship Lys,1,10,false,false,false,10: Negates a monster effect activation.,10: negate the activation,
89016236,Poeltis de Nouvelles,1,5,false,false,false,5: Draws a card.,5: You can draw 1 card,
56840658,Poison Draw Frog,1,5,false,false,false,5: Draws a card when sent to the GY.,5: you can draw 1 card,
43716289,Poison Mummy,1,6a,false,false,false,6a: Burn damage.,6a: Inflict 500 damage to your opponent,
8842266,Poison of the Old Man,1,6a,false,false,false,6a: Direct burn damage.,6a: Inflict 800 damage to your opponent.,
561300,Poisonous Viper,1,6a,true,false,false,"6a: Recurring damage to its controller, which can be the opponent.",6a: Take 500 damage,6a only if damage to the controller after giving it to the opponent counts as effect damage.
95561280,Poisonous Winds,1,3.3,false,false,false,3.3: Summon lock limited by Attribute.,3.3: WIND monsters cannot be Special Summoned,
73578229,Pole Position,1,8 9a,false,false,false,9a: Grants unaffected status against Spells. | 8: Can destroy several tied monsters.,9a: is unaffected by the effects of Spell Cards | 8: destroy the face-up monster(s) with the highest ATK on the field,
91078716,Pollinosis,1,10,false,false,false,10: Negates Summons or activations.,10: negate the Summon or activation,
61840587,Portable Battery Pack,1,7b,false,false,false,7b: Special Summons from GY.,"7b: Select 2 ""Batteryman"" monsters from your Graveyard and Special Summon them",
25642998,Poseidon Wave,1,6a 10,false,false,false,10: Negates an attack. | 6a: Damage following a negation is primary (ruling 20).,"10: negate the attack | 6a: inflict 800 damage to your opponent for each Fish, Sea Serpent, or Aqua-Type monster you control",
47826112,"Poseidra, the Atlantean Dragon",1,7b 8,false,false,false,7b: Can revive itself from the GY. | 8: Bounces all Spells/Traps.,7b: Special Summon this card from your hand or Graveyard | 8: Return all Spell and Trap Cards on the field to the hand,
52860176,Possessed Dark Soul,1,7a,false,false,false,7a: Takes control.,7a: take control of all face-up Level 3 or lower monsters,
45508030,Possessed Destiny,1,7b,false,false,false,7b: Special Summons a monster from the GY.,"7b: from your hand, Deck, or GY",
60516416,Possessed Destiny - Wynn,1,7a,false,false,false,7a: Takes control of an opponent's monster.,7a: take control of that monster,
65046521,Possessed Partnerships,1,7b,false,false,false,7b: Special Summons a monster from the GY.,7b: from your hand or GY,
64014615,Pot of Acquisitiveness,1,5,false,false,false,5: Draws a card.,5: then draw 1 card,
67169062,Pot of Avarice,1,5,false,false,false,5: Draws cards.,5: draw 2 cards,
35261759,Pot of Desires,1,5,false,false,false,5: Draws cards.,5: draw 2 cards,
98672567,Pot of Dichotomy,1,5,false,false,false,5: Draw card.,5: then draw 2 cards,
49238328,Pot of Extravagance,1,5,false,false,false,5: Draw card.,5: draw 1 card for every 3 cards banished,
55144522,Pot of Greed,1,5,false,false,false,5: Draws cards.,5: Draw 2 cards.,
98476659,Pot of Sloth,1,5,false,false,false,5: Draw card.,5: Draw cards equal to the number of cards your opponent controls,
91501248,Pot of The Forbidden,1,5 8,false,false,false,5: Draws cards. | 8: Mass destruction.,5: Draw 2 cards. | 8: Destroy all monsters your opponent controls.,
86821010,Power Break,1,6a,true,false,false,"6a: Damage triggered by returning cards, not destruction/summon/battle.",6a: inflict 500 damage to your opponent for each card returned,Returning own equips changes the field; ruling 20 suggests primary.
53656677,Power Frame,1,10,false,false,false,10: Negates an attack.,10: negate that attack,
84298614,Powerful Rebirth,1,7b,false,false,false,7b: Special Summons a monster from the GY.,7b: monster in your GY; Special Summon that target,
67234805,Powersink Stone,1,10,false,false,false,10: Continuous negation.,10: their effects are negated,
81997228,Prank-Kids Battle Butler,1,7b,false,false,false,7b: Revives from GY.,7b: Special Summon it,Mass destruction ignored: rule 8 does not apply to Extra Deck monsters.
43664494,Prank-Kids Pranks,1,5,false,false,false,5: Draws a card.,5: then draw 1 card,
18514525,Prank-Kids Rocket Ride,1,7b,false,false,false,7b: Special Summons monsters from the GY.,7b: non-Fusion Monsters with different names in your GY; Special Summon them,
44509529,Prank-Kids Weather Washer,1,3.2 7b 9b,false,false,false,3.2: Situational floodgate depending on attacking monsters. | 7b: Special Summons from the GY. | 9b: Grants battle protection.,3.2: your opponent cannot activate cards or effects until the end of the Damage Step | 7b: Special Summon them | 9b: They cannot be destroyed by battle this turn.,
44932065,Predaplant Byblisp,1,7b,false,false,false,7b: Special Summons itself from the GY.,7b: You can Special Summon this card from your GY,
89181134,Predaplant Chlamydosundew,1,8,false,false,false,8: Can use several opponent monsters as material.,8: monsters with a Predator Counter your opponent controls as Fusion Materials,
7161742,Predaplant Cordyceps,1,7b,false,false,false,7b: Special Summons monsters from the GY.,7b: Special Summon them,
69946549,Predaplant Dragostapelia,1,10,false,false,false,10: Negates effects.,10: Negate the activated effects of your opponent's monsters that have Predator Counters,
99913726,Predaplant Drosophyllum Hydra,1,7b,false,false,false,7b: Summons itself from the GY.,7b: Special Summon this card (from your hand or GY),
5259518,Predaplant Heliamphorhynchus,1,7b,false,false,false,7b: Special Summons a monster from the GY.,"7b: DARK Plant monster in your GY, except ""Predaplant Heliamphorhynchus""; Special Summon it",
18595008,Predaplant Lilizard,1,5,false,false,false,5: Draws a card.,5: You can draw 1 card.,
26308721,Predaplant Pterapenthes,1,7a,false,false,false,7a: Takes control of an opponent's monster.,7a: take control of it until the End Phase,
79864860,Predaplant Triphyoverutum,1,7b 10,false,false,false,10: Negates an opponent's Special Summon. | 7b: Special Summons itself from the GY.,10: You can negate the Summon | 7b: You can Special Summon this card from your GY in Defense Position,
88069597,Predaponics,1,7b,false,false,false,7b: Revives from GY.,"7b: Special Summon 1 Level 4 or lower ""Predaplant"" monster from your hand or GY",
8148322,Predaprime Fusion,1,8,false,false,false,8: Uses several opponent monsters as material (ruling 28).,8: using monsters from either field as material,
14463695,Predapruning,1,7b,false,false,false,7b: Special Summons a monster from the GY.,"7b: targeting 1 ""Predaplant"" monster in your Graveyard; Special Summon it",
5010422,Prediction Princess Astromorrigan,1,8,false,false,false,8: Destroys multiple opponent monsters.,8: destroy as many Defense Position monsters your opponent controls as possible,
66069967,Prediction Princess Bibliomuse,1,7b 9a,false,false,false,7b: Special Summons itself from the GY. | 9a: Grants targeting and destruction protection.,7b: You can Special Summon this card in face-down Defense Position | 9a: Your opponent cannot target Ritual Monsters you control with card effects,
94997874,Prediction Princess Tarotrei,1,7b,false,false,false,7b: Special Summons from the GY.,7b: Special Summon 1 Flip monster from your hand or Graveyard,
70828912,Premature Burial,1,7b,false,false,false,7b: Special Summons a monster from the GY.,7b: target 1 monster in your Graveyard; Special Summon that target,
95083785,Premature Return,1,7b,false,false,false,7b: Special Summons a banished monster.,7b: target 1 of your banished monsters; Special Summon it,
17016131,Pride of the Plunder Patroll,1,5,false,false,false,5: Draws a card.,5: Draw 1 card,
86016245,Pride of the Weak,1,5,false,false,false,5: Draws cards.,5: draw 2 cards,
36734924,Priestess with Eyes of Blue,1,7b,false,false,false,7b: Special Summons itself from the GY.,7b: If this card is in your GY,
47435107,Primal Cry,1,7b,false,false,false,7b: Special Summons a monster from the GY.,7b: target 1 Ritual Monster in your Graveyard that was sent there from the field this turn; Special Summon it,
49729312,Primineral Kongreat,1,8,false,false,false,8: Can destroy 2 cards.,8: target up to 2 cards on the field; destroy them,
37021315,Primineral Mandstrong,1,7b,false,false,false,7b: Special Summons itself from the GY.,"7b: You can Special Summon this card, then you can add 1 monster from your GY",
29095457,Primite Drillbeam,1,10,false,false,false,10: Negates a card's effects.,10: negate its effects,
41488249,Primite Howl,1,7a 7b,false,false,false,7b: Can Special Summon from the GY. | 7a: Takes control of an opponent's monster.,7b: Special Summon 1 declared Normal Monster from your Deck or GY | 7a: take control of 1 monster your opponent controls,
81418467,Primite Imperial Dragon,1,8 10,false,false,false,10: Negation. | 8: Mass banish.,10: Negate the effects of all face-up monsters your opponent currently controls. | 8: Banish all monsters your opponent controls,
56506740,Primite Lordly Lode,1,7b,false,false,false,7b: Can Special Summon from the GY.,"7b: from your hand, Deck, or GY in Defense Position",
27556460,Primite Scream,1,10,false,false,false,10: Negates a Summon.,10: Negate the Summon,
78933589,Primordial Soup,1,5,false,false,false,5: Draws cards.,5: then draw the same number of cards,
2316186,Princess Curran,1,6a,false,false,false,6a: Burn damage without changing the field.,6a: inflict 600 damage to your opponent for each monster they control,
79966218,"Princess Dracaena, the Thirsting Tree",1,7b,false,false,false,7b: Can Special Summon a monster from the GY.,7b: Special Summon 1 Dragon monster from your hand or GY,
51371017,Princess of Tsurugi,1,6a,false,false,false,6a: Burn without changing the field.,6a: Inflict 500 damage to your opponent for each Spell and Trap Card,
50088247,Prior of the Ice Barrier,1,7b,false,false,false,7b: Special Summons from the GY.,"7b: target 1 ""Ice Barrier"" monster in your Graveyard, except ""Prior of the Ice Barrier""; Special Summon that target",
43711255,Prohibition,1,3.3,false,false,false,3.3: Name-based continuous lock.,"3.3: Cards with that name, and their effects, cannot be used.",
33280639,Prologue of the Destruction Swordsman,1,7b 7c 9a 9b,false,false,false,7b: Can Special Summon from the GY. | 7c: Summons from the Extra Deck without its material. | 9a: Grants effect-destruction protection. | 9b: Grants battle-destruction protection.,"7b: Special Summon 1 ""Buster Dragon"" from your Extra Deck or Graveyard | 7c: Special Summon 1 ""Buster Dragon"" from your Extra Deck | 9a: cannot be destroyed by battle or card effects | 9b: cannot be destroyed by battle or card effects",
50548657,Prompthorn,1,7b,false,false,false,7b: Special Summons monsters from the GY.,7b: from your Deck and/or GY,
11373345,Proof of Powerlessness,1,8,false,false,false,8: Destroys multiple opponent monsters.,8: Destroy all face-up Level 5 or lower monsters your opponent controls,
61681816,Propa Gandake,1,9a,false,false,false,9a: Partial targeting protection.,9a: cannot be targeted by either player using the effects of monsters your opponent controls,
56174248,Prophecy Destroyer,1,7b,false,false,false,7b: Self revival.,7b: Special Summon this card from your Graveyard,
66367984,Protection of the Elements,1,7b 10,false,false,false,10: Negates Spell/Trap activation. | 7b: Special Summons from banishment/GY.,"10: negate the activation | 7b: Special Summon 1 of your ""Elemental HERO"" monsters that is banished, or in your hand or GY",
49511705,Proton Blast,1,6a,false,false,false,"6a: Burn triggered by coin tosses, not a field change.",6a: Inflict 500 damage to your opponent,
95091919,Prototype Psychic Blaster,1,7b,false,false,false,7b: Summons from banishment. | 7b: Revives itself from GY.,"7b: Special Summon 1 Level 4 or lower Psychic monster from your hand or banishment | 7b: Special Summon this card, but banish it when it leaves the field",
74644400,Psi-Reflector,1,7b,false,false,false,7b: Special Summons a monster from the GY.,"7b: target 1 monster in your GY that specifically lists ""Assault Mode Activate"" in its text, except ""Psi-Reflector""; Special Summon it",
26523337,"Psiics, Moonlight of the Ghoti",1,7b,false,false,false,7b: Special Summons itself from banishment.,"7b: If this card is banished: You can banish 1 Fish monster from your hand, GY, or face-up field, except ""Psiics, Moonlight of the Ghoti""; Special Summon this card",
51053997,PSY-Frame Accelerator,1,7b,false,false,false,7b: Flicker returns a monster from banishment (ruling 1).,7b: banish it until your next Standby Phase,
43266605,PSY-Frame Multi-Threader,1,7b 9a 9b,false,false,false,9a: Destruction substitute (effect). | 9b: Destruction substitute (battle). | 7b: Summons itself from the GY.,"9a: would be destroyed by battle or card effect, you can discard this card instead | 9b: would be destroyed by battle or card effect, you can discard this card instead | 7b: You can Special Summon this card, but banish it when it leaves the field",
75425043,PSY-Framegear Alpha,1,7b,false,false,false,7b: Can Special Summon from the GY.,"7b: from your hand, Deck, or Graveyard",
2810642,PSY-Framegear Beta,1,7b,false,false,false,7b: Can Special Summon from the GY.,"7b: from your hand, Deck, or Graveyard","Handtrap works only in the Battle Phase, so the exception applies."
52430902,Psychic Jumper,1,7a,false,false,false,7a: Takes control of an opponent's monster.,7a: switch control of both those targets,
82633308,Psychic Overload,1,5,false,false,false,5: Draws cards.,5: then draw 2 cards,
53154400,Psychic Rover,1,7b 8,false,false,false,8: Can destroy 2 cards. | 7b: Special Summons itself from the GY.,8: destroy up to 2 cards on the field | 7b: Special Summon this card,
55673611,Psychic Trigger,1,5,false,false,false,5: Draws cards.,5: draw 2 cards,
3891471,Psychic Tuning,1,7b,false,false,false,7b: Special Summons from the GY.,7b: Psychic-Type monster in your Graveyard and Special Summon it,
80681226,Psychic Wave,1,6a,false,false,false,6a: Burn without changing the field.,6a: inflict 600 damage to your opponent,
34717238,Pulling the Rug,1,10,false,false,false,10: Negates a monster effect.,10: Negate the activation and effect,
31077447,Punch-in-the-Box,1,10,false,false,false,10: Negates an attack.,10: negate that attack,
76442347,Puny Penguin,1,7b,false,false,false,7b: Special Summons a monster from the GY.,"7b: Target 1 ""Penguin"" monster in your Graveyard, except ""Puny Penguin""; Special Summon that target",
41442341,Puppet Master,1,7b,false,false,false,7b: Special Summons from the GY.,7b: target 2 Fiend monsters in your GY; Special Summon those targets,
51119924,Puppet Plant,1,7a,false,false,false,7a: Takes control of an opponent monster.,7a: take control of that target until the End Phase,
15001619,Puppet Queen,1,7b,false,false,false,7b: Special Summons a monster from GY.,7b: from your hand or GY,
1969506,Puppet Ritual,1,7b,false,false,false,7b: Special Summons from the GY.,7b: monsters in your Graveyard; Special Summon those targets,
77590412,Puppet Rook,1,7b,false,false,false,7b: Summons a monster from the GY.,7b: Special Summon that monster,Forced attack target not a floodgate (ruling 7).
48228390,Pyrite Knight,1,7b,false,false,false,7b: Can Special Summon itself from the GY.,7b: If this card is in your hand or GY,
74725513,"Qebehsenuef, Protection of Horus",1,7b 9a,false,false,false,7b: Revives itself. | 9a: Grants untargetability.,"7b: you can Special Summon this card (from your GY) | 9a: your opponent cannot target ""Horus"" monsters on the field with card effects",
30845999,Qlipper Launch,1,9a,false,false,false,9a: Grants Spell/Trap immunity.,9a: are unaffected by other Spell/Trap effects,Negation of own monsters is drawback (ruling 33).
16693934,Quadogmatika Beast,1,7b,false,false,false,7b: Special Summons from GY or banishment.,7b: Target 1 monster in your GY or banishment,
65033975,Queen Azamina,1,7b,false,false,false,7b: Special Summons itself from the GY or banishment.,"7b: sent to the GY or banished, by an activated effect: You can Special Summon it",
13302026,Queen Butterfly Danaus,1,7b,false,false,false,7b: Revives up to 3 monsters from the GY.,7b: Special Summon those monsters,
72162751,Queen of the Blazing Domain,1,3.2 9a,false,false,false,9a: Effect-indestructible. | 3.2: Monster-based zone-movement lock removable by attacking.,9a: Cannot be destroyed by card effects. | 3.2: Any monster sent from the field to your opponent's GY is banished instead.,
23571046,Quillbolt Hedgehog,1,7b,false,false,false,7b: Special Summons itself from the GY.,7b: If this card is in your Graveyard: You can Special Summon this card,
84433295,Quintet Magician,1,9a,false,false,false,9a: Cannot be destroyed by card effects.,9a: it cannot be destroyed by card effects,Mass destruction ignored: Extra Deck monster exempt from rule 8.
37318031,R - Righteous Justice,1,8,false,false,false,8: Can destroy multiple cards.,8: Destroy Spell/Trap Cards equal to the number,
44573911,R.B. Ga10 Pile Bunker,1,8,false,false,false,8: Mass destruction.,8: destroy all cards your opponent controls,
43450363,R.B. Last Stand,1,7b 10,false,false,false,7b: Special Summons from the GY. | 10: Negates an effect.,"7b: Special Summon 1 ""R.B."" monster from your Deck, Extra Deck, or GY | 10: negate that effect",
79859067,R.B. Next Phase,1,10,false,false,false,10: Negates activation.,10: negate the activation,
16066654,R.B. Operation Test,1,7b,false,false,false,7b: Revives from the GY.,"7b: target 1 Level 3 or higher ""R.B."" monster in your GY; Special Summon it",
5109321,R.B. Stage Landing,1,7c 9a 9b,false,false,false,7c: Summons from Extra Deck without materials. | 9a: Destruction substitute for effects. | 9b: Destruction substitute for battle.,"7c: monster from your Deck/Extra Deck | 9a: would be destroyed by battle or card effect, you can banish this card from your GY instead | 9b: would be destroyed by battle or card effect, you can banish this card from your GY instead",
86310763,Radiance of the Voiceless Voice,1,8,false,false,false,8: Can destroy multiple opponent cards.,"8: Target cards your opponent controls, up to the number of LIGHT Ritual Monsters",
21481146,Radiant Mirror Force,1,8,false,false,false,8: Mass destruction.,8: Destroy all Attack Position monsters your opponent controls,
12624008,Radiant Spirit,1,8,false,false,false,8: Destroys multiple monsters.,8: destroy all face-down and non-LIGHT monsters,
25940932,Radiant Typhoon Ascendance,1,7b,false,false,false,7b: Special Summons from the GY.,"7b: Special Summon 1 Level 6 or lower ""Radiant Typhoon"" monster from your GY",
85315450,"Radiant Typhoon Fonix, the Great Flame",1,7b 8,false,false,false,8: Removes up to 2 opponent cards. | 7b: Summons itself from the GY.,8: target up to 2 cards your opponent controls; shuffle them into the Deck | 7b: is activated while this card is in your GY: You can Special Summon this card,
16922142,Radiant Typhoon Krosea,1,9a 9b,false,false,false,9a: Effect-destruction immunity. | 9b: Battle-destruction immunity.,9a: Cannot be destroyed by battle or card effects | 9b: Cannot be destroyed by battle or card effects,
53927851,"Radiant Typhoon Varuroon, the Vibrant Vortex",1,7b 10,false,false,false,10: Negates an opponent's monster effect. | 7b: Special Summons itself from the GY.,"10: You can negate that effect | 7b: If ""Mystical Space Typhoon"" is activated while this card is in your GY: You can Special Summon this card.",
20508881,Radiant Typhoon Vision,1,5,false,false,false,5: Draws cards.,5: Draw 2 cards,
38916526,"Rafale, Champion Fur Hire",1,10,false,false,false,10: Negates a monster effect activation.,10: negate the activation,
31440542,Rafflesia Seduction,1,7a,false,false,false,7a: Takes control of an opponent's monster.,7a: Take control of 1 face-up monster,
82685480,Rage of Kairyu-Shin,1,8,false,false,false,8: Can destroy multiple opponent monsters.,"8: Target monsters your opponent controls, up to the number",
23639291,Raging Cloudian,1,7b,false,false,false,7b: Special Summons from the GY.,7b: Special Summon 1 of those monsters from your Graveyard,
50957346,Raging Earth,1,8,false,false,false,8: Can destroy multiple opponent monsters.,8: destroy all face-down and non-EARTH monsters,
8836329,Raging Storm Dragon - Beaufort IX,1,10,false,false,false,10: Negates an attack and effects.,10: negate the attack,"The hand effect is Battle Phase only, so the rule 4 exception applies."
4841383,Ragnaraika Bloom,1,7b,false,false,false,7b: Special Summons from GY or banishment.,"7b: from your hand, GY, or banishment",
97262307,Ragnaraika Wicked Butterfly,1,5,false,false,false,5: Draws cards.,5: You can draw cards during the End Phase of this turn,
32548318,Rahu Dracotail,1,7d,false,false,false,7d: Fusion material from the Deck.,"7d: using monsters from your hand, Deck, or field",
25191307,Raidraptor - Bloom Vulture,1,7b,false,false,false,7b: Special Summons monsters from the GY.,"7b: target 2 Level 4 or lower ""Raidraptor"" monsters in your GY, including this card; Special Summon them",
60508057,Raidraptor - Napalm Dragonius,1,6a,false,false,false,6a: Direct burn as primary function.,6a: You can inflict 600 damage to your opponent,
64049553,Raidraptor - Roost,1,5,false,false,false,5: Draws a card.,5: then draw 1 card,
60950180,Raidraptor - Sharp Lanius,1,7b,false,false,false,7b: Special Summons a monster from the GY.,7b: monster in your Graveyard; Special Summon it,
8785161,Raidraptor - Wild Vulture,1,7b,false,false,false,7b: Special Summons from the GY.,7b: from your hand and/or Graveyard,
54423935,Raidraptor Replica,1,9a,false,false,false,9a: Grants untargetability to a monster.,9a: your opponent cannot target the targeted monster with card effects,
12580477,Raigeki,1,8,false,false,false,8: Destroys all opponent monsters.,8: Destroy all monsters your opponent controls.,
11741041,Raigeki Bottle,1,8,false,false,false,8: Destroys all opponent monsters.,8: destroy all monsters your opponent controls,
99991455,Raijin the Breakbolt Star,1,6b 7b,false,false,false,6b: Doubles battle damage. | 7b: Revives monsters from GY.,6b: battle damage this card inflicts to your opponent is doubled | 7b: target 2 Level 7 or lower Warrior monsters in your GY; Special Summon them,
94467314,Rain of Frogs,1,8,false,false,false,8: Mass sends monsters to the GY.,"8: Send all monsters on the field to the GY, except Aqua monsters",
45653036,Rain Storm,1,8,false,false,false,8: Destroys 2 opponent cards.,8: Destroy 2 cards your opponent controls,
5611760,Rainbow Bridge of Salvation,1,5 8,false,false,false,8: Returns all opponent's field cards to the Deck. | 5: Draws cards.,"8: Shuffle all cards except this one from both players' hands, fields, and GYs into the Deck | 5: each player draws 5 cards",
79856792,Rainbow Dragon,1,8,false,false,false,8: Returns all cards on the field to the Deck.,8: shuffle all cards on the field into the Deck,
63806265,Rainbow Gravity,1,7b,false,false,false,7b: Special Summons from the GY.,7b: from your Deck or Graveyard,
2830693,Rainbow Kuriboh,1,7b,false,false,false,7b: Special Summons itself from the GY.,"7b: You can Special Summon this card, but banish it when it leaves the field","Hand effect only works in battle, so it falls under the rule 4 exception."
7617253,Rainbow Path,1,10,false,false,false,10: Negates an attack.,10: negate the attack,
12735388,Rainbow Veil,1,10,false,false,false,10: Negates effects.,10: its effect(s) is negated during the Battle Phase only,
74212164,Raise Moon Blade Shayna,1,5,false,false,false,5: Discards itself to draw.,5: draw 1 card,
10611873,Raise Moon Lamp Croucier,1,5,false,false,false,5: Draws a card.,5: You can discard this card; draw 1 card,
9190563,RAM Clouder,1,7b,false,false,false,7b: Special Summons a monster from the GY.,7b: target 1 Cyberse monster in your GY; Special Summon it,
44680819,Ranryu,1,7b,false,false,false,7b: Special Summons a monster from the GY.,"7b: in your GY, except ""Ranryu""; Special Summon it",
60222213,"Raphion, the Timelord",1,9a 9b,false,false,false,9a: Cannot be destroyed by card effects. | 9b: Cannot be destroyed by battle.,9a: Cannot be destroyed by battle or card effects | 9b: Cannot be destroyed by battle or card effects,"Damage is tied to battle, so it is a byproduct."
67526112,Rapid Trigger,1,9a,false,false,false,9a: Partial unaffected protection.,9a: it is unaffected by activated effects from any other monster Special Summoned from the Extra Deck,
66994718,Raptor's Gust,1,10,false,false,false,10: Negates a Spell/Trap activation.,10: Negate the activation,
12503902,Rare Metalmorph,1,10,false,false,false,10: Negates a Spell effect once.,"10: Once, negate a Spell effect",
60876124,Rare Value,1,5,false,false,false,5: draws cards,5: you draw 2 cards,
13386407,Ravenous Vendread,1,7b,false,false,false,7b: Can summon from GY.,"7b: Special Summon 1 ""Vendread"" monster from your hand, Deck, or GY",
28651380,"Raviel, Lord of Phantasms - Shimmering Scraper",1,6b,false,false,false,6b: Doubles ATK (ruling 23).,6b: its ATK becomes double its current ATK,
58695102,Re-Cover,1,7b,false,false,false,7b: Special Summons itself from the GY.,7b: You can pay 2000 LP; Special Summon this card,
74694807,Re-Fusion,1,7b,false,false,false,7b: Special Summons a monster from the GY.,7b: target 1 Fusion Monster in your GY; Special Summon it,
20426907,Re-qliate,1,10,false,false,false,10: Continuous negation of summoned monsters.,10: Negate its effects until the end of this turn,
63854005,Ready Fusion,1,7c,false,false,false,7c: Extra Deck summon without materials.,7c: Special Summon 1 Level 6 or lower non-Effect Fusion Monster from your Extra Deck,
28121403,Really Eternal Rest,1,8,false,false,false,8: Can destroy multiple opponent monsters.,8: Destroy all monsters equipped with an Equip Card(s).,
54851325,Realm Eulogy,1,10,false,false,false,10: Negates monster effects.,10: negate that opponent's monster's effects,
79698395,Realm of Danger!,1,9a,false,false,false,9a: Targeting protection.,"9a: Your opponent cannot target ""Danger!"" monsters you control with card effects",
87567063,Rebellion,1,7a,false,false,false,7a: Takes control of an opponent's monster.,7a: take control of it until the end of the Battle Phase,
42444868,Rebirth of Parshath,1,7c 10,false,false,false,10: Negates an activation. | 7c: Summons from the Extra Deck without material.,"10: negate the activation | 7c: Special Summon 1 ""Parshath"" monster from your Deck or Extra Deck",
983995,Rebound,1,5 10,false,false,false,10: Negates an effect. | 5: Draws a card when destroyed.,10: Negate that effect | 5: Draw 1 card,
96404912,Recall,1,10,false,false,false,10: Negates a monster effect activation.,10: negate the activation,
37576645,Reckless Greed,1,5,false,false,false,5: Draws cards.,5: Draw 2 cards,
11596936,Reckoned Power,1,8,false,false,false,8: Destroys multiple opponent cards.,8: Destroy all face-down Spell and Trap Cards your opponent controls,
844056,Red Arrows,1,7b 8,false,false,false,8: Can temporarily banish up to 2 opponent monsters. | 7b: Monsters return from banishment to the field (ruling 1).,8: Target up to 2 face-up monsters in the Extra Monster Zone(s); banish them until the End Phase | 7b: banish them until the End Phase,
92936364,Red Dragon Archfiend's Chains,1,10,false,false,false,10: Negates the effects of opponent monsters.,10: their effects are negated,
77336644,Red Dragon Archfiend/Assault Mode,1,7b 8,false,false,false,8: Destroys all other monsters. | 7b: Special Summons from the GY.,"8: destroy all other monsters | 7b: Special Summon 1 ""Red Dragon Archfiend"" from your Graveyard",
87614611,Red Dragon Vase,1,5,false,false,false,5: Draws cards.,5: Draw 2 cards,
72318602,Red Gardna,1,9a,false,false,false,9a: Grants effect-destruction protection.,9a: monsters you control cannot be destroyed by your opponent's card effects,Hand protection not rule 4 (ruling 15).
82323997,Red Nova Dragon/Assault Mode,1,7b 8 10,false,false,false,8: Banishes multiple opponent cards. | 10: Negates an attack. | 7b: Revives from GY; also self-flicker from banishment.,"8: banish cards your opponent controls up to the number of Tuners in your GY | 10: negate the attack | 7b: Special Summon 1 ""Red Nova Dragon"" from your GY",
68722455,Red Ogre,1,8,false,false,false,8: Can bounce any number of cards.,8: return those targets to the hand,
23002292,Red Reboot,1,10,false,false,false,10: Negates a Trap activation.,10: Negate the activation,
14886469,Red Sprinter,1,7b,false,false,false,7b: Special Summons a Tuner from the GY.,7b: from your hand or Graveyard,
18491580,Red-Eyes Alternative Black Dragon,1,6b 7b,false,true,false,7b: Revives a monster from the GY. | 6b: Doubles a monster's ATK (ruling 23).,"7b: Level 7 or lower ""Red-Eyes"" monster in your GY; Special Summon it | 6b: its original ATK becomes doubled",
39357122,Red-Eyes Archfiend of Lightning,1,8,false,false,false,8: Mass destruction.,8: destroy all face-up monsters your opponent controls,
17242022,Red-Eyes Black Dragon Exceed,1,7b 7c 9a,false,false,false,9a: Partial unaffected protection. | 7b: Can revive from GY. | 7c: Extra Deck summon without listed materials.,9a: Unaffected by your opponent's activated Spell or monster effects | 7b: Special Summon 1 Level 8 or lower monster from your hand or GY | 7c: Special Summoned (from your Extra Deck) by Tributing 1 face-up monster on either field,
80870883,Red-Eyes Black Fullmetal Dragon,1,6a 10,false,false,false,10: Negates activation. | 6a: Damage after negation is primary.,10: You can negate the activation | 6a: inflict damage to your opponent equal to the original ATK,
37818794,Red-Eyes Dark Dragoon,1,9a 10,false,false,false,9a: Self-protection. | 10: Negates activations.,9a: Cannot be destroyed by card effects. Neither player can target this card with card effects. | 10: negate the activation,
88264978,Red-Eyes Darkness Metal Dragon,1,7b,false,false,false,7b: Special Summons from the GY.,7b: Special Summon 1 Dragon monster from your hand or GY,
57135971,Red-Eyes Fang with Chain,1,7a,false,false,false,7a: Can equip an opponent's monster (ruling 24).,7a: target 1 Effect Monster on the field; equip that target,
6172122,Red-Eyes Fusion,1,7d,false,false,false,7d: Uses Fusion Material from the Deck.,"7d: using monsters from your hand, Deck, or field as Fusion Materials",
53485634,Red-Eyes Retro Dragon,1,7b,false,false,false,7b: Special Summons destroyed monsters from the GY.,7b: Special Summon as many of those destroyed monsters as possible,
6556909,Red-Eyes Soul,1,6a,false,false,false,6a: Burn damage without changing the field.,6a: inflict damage to your opponent equal to that monster's original ATK,
44397496,Red-Eyes Spirit,1,7b,false,false,false,7b: Special Summons a monster from the GY.,"7b: Target 1 ""Red-Eyes"" monster in your GY; Special Summon it",
67300516,Red-Eyes Wyvern,1,7b,false,false,false,7b: Special Summons a monster from the GY.,"7b: Special Summon 1 ""Red-Eyes"" monster from your Graveyard",
68769900,"Redbeard, the Plunder Patroll Matey",1,7c,false,false,false,7c: Summons from the Extra Deck without its materials.,"7c: Special Summon 1 ""Plunder Patroll"" monster from your Extra Deck",
90411554,"Redox, Dragon Ruler of Boulders",1,7b,false,false,false,"7b: Special Summons from the GY, including itself.",7b: target 1 monster in your Graveyard; Special Summon that target,
36331074,"Reeze, Whirlwind of Gusto",1,7a,false,false,false,7a: Takes control of an opponent's monster.,7a: switch control of both monsters,
31786838,Regenesis,1,7b,false,false,false,7b: Special Summons a monster from the GY.,"7b: target 1 ""Regenesis"" monster in your GY; Special Summon it",
27781371,Regenesis Birth,1,7b,false,false,false,7b: Special Summons monsters from the GY or banishment.,"7b: Special Summon as many ""Regenesis"" monsters as possible with different names from your hand, GY, and/or banishment",
67171933,Regenesis Code,1,7b,false,false,false,7b: Special Summons from banishment.,"7b: target 1 of your banished ""Regenesis"" monsters; Special Summon it",
95382988,Regenesis Commands,1,10,false,false,false,10: Negates card effects.,10: Negate their effects,
36672909,Regenesis Cycle,1,8,false,false,false,8: Can banish 2 opponent cards.,"8: you can target 2 if you control ""Regenesis Lord""; banish that card(s)",
47082621,Regenesis Overlord,1,7b 8,false,false,false,7b: Special Summons itself from the GY. | 8: Returns multiple opponent cards to hand.,7b: Must be Special Summoned (from your GY) | 8: return them to the hand,
22938501,Regenesis Sage,1,10,false,false,false,10: Negates an activation.,10: negate the activation,
79544790,Regretful Rebirth,1,7b,false,false,false,7b: Special Summons a destroyed monster from the GY.,7b: Special Summon it in face-up Defense Position,
61480937,Regulus the Fairy Beast,1,5,false,false,false,5: Exchange draw still counts as draw.,"5: place it on the bottom of the Deck, then draw 1 card",
60439482,Regulus' Arrow,1,7b 10,false,false,false,10: Negates a Spell effect. | 7b: Revives a monster from the GY.,10: Negate that effect | 7b: Special Summon it,
99458769,"Reign-Beaux, Overlord of Dark World",1,7b 8,false,false,false,7b: Special Summons itself from the GY. | 8: Destroys all opponent monsters or Spells/Traps.,7b: Special Summon this card from the Graveyard | 8: Destroy all monsters your opponent controls,
101403076,Reindsurm Encounter,1,9a 9b 10,false,false,false,10: Negates an activation. | 9a: Destruction substitute against card effects. | 9b: Destruction substitute against battle.,"10: Negate the activation | 9a: would be destroyed by battle or card effect, you can place this card from your GY on the bottom of the Deck instead | 9b: would be destroyed by battle or card effect, you can place this card from your GY on the bottom of the Deck instead",
101403027,Reindsurm Gigalovendra,1,8,false,false,false,8: Can remove 2 opponent monsters.,8: shuffle up to 2 monsters on the field into the Deck,
101403028,Reindsurm Giriakarma,1,6b 10,false,false,false,10: Negates a monster effect activation. | 6b: Doubles ATK (ruling 23).,10: You can negate the activation | 6b: double this card's ATK,
71948047,REINFORCE!,1,9a 9b,false,false,false,9a: Grants unaffected status. | 9b: Grants one-time battle protection.,"9a: is unaffected by your opponent's monster effects | 9b: the next time it would be destroyed by battle, it is not destroyed",
74845897,Rekindling,1,7b,false,false,false,7b: Special Summons monsters from the GY.,7b: Special Summon from your GY as many FIRE monsters as possible,
61434639,Rekindling the Ashened,1,10,false,false,false,10: negates a monster's effects,10: negate its effects until the end of this turn,
85395151,Release Brainwashing,1,7a 10,false,false,false,7a: Takes control of an opponent's monster. | 10: Negates an opponent's monster.,7a: Take control of it | 10: Negate its effects until the end of this turn,
98847704,Release Restraint Wave,1,8,false,false,false,8: Destroys several opponent cards.,8: all face-down Spell and Trap Cards your opponent controls,
38777931,"Release, Reverse, Burst",1,8,false,false,false,8: Mass destruction.,8: destroy all Set Spell and Trap Cards your opponent controls,
50185950,Relinkuriboh,1,5 9b,false,false,false,5: Draws a card. | 9b: Battle destruction substitute.,"5: Draw 1 card | 9b: If your monster would be destroyed by battle, you can banish this card from your GY instead",
64631466,Relinquished,1,6a 7a 9b,false,false,false,7a: Equips an opponent's monster. | 9b: Battle destruction substitute. | 6a: Reflects battle damage to the opponent.,"7a: equip that target to this card | 9b: If this card would be destroyed by battle, destroy that equipped monster instead | 6a: inflicts equal effect damage to your opponent",
78063197,Relinquished Fusion,1,7a,false,false,false,7a: Equips an opponent's monster (ruling 24).,"7a: equip that target to an ""Eyes Restrict"" Fusion Monster",
54248491,Relinquished Spider,1,8,false,false,false,8: Destroys multiple opponent monsters.,8: destroy all face-up Defense Position monsters your opponent controls,
100459006,Relinquished the Wicked Eye of Illusion,1,6a 7a 10,false,false,false,6a: Reflects damage (ruling 22). | 10: Negates a monster's effects. | 7a: Equips an opponent's monster (ruling 24).,6a: Your opponent takes any battle damage you would have taken | 10: negate its effects | 7a: equip it to this card,
22589918,Reload,1,5,false,false,false,5: Draws cards (exchange draw per ruling 2).,5: draw the same number of cards that you added to your Deck,
94739788,Remove Brainwashing,1,7a,true,false,false,7a: Regains control of cards the opponent controls.,7a: The control of all monsters on the field returns to the owners,Only returns your own monsters; unclear whether it counts as 7a.
42090294,Reptilianne Nyami,1,7b,false,false,false,7b: Revives itself from the GY.,7b: You can Special Summon this card from your GY,
17000165,Reptilianne Recoil,1,7a 7b,false,false,false,7b: Special Summons a monster from the GY. | 7a: Takes control of an opponent's monster.,7b: Special Summon that other monster from the GY | 7a: take control of it,
16909657,Reptilianne Scylla,1,7b,false,false,false,7b: Special Summons from the GY.,7b: Special Summon that monster from the Graveyard,
42303365,Reptilianne Viper,1,7a,false,false,false,7a: Takes control of an opponent's monster.,7a: take control of 1 face-up monster,
63009228,Rescue Interlacer,1,7b,false,false,false,7b: Special Summons itself from the GY.,7b: Special Summon this card,
70630741,Rescue Warrior,1,7a,false,false,false,7a: Takes control of a monster the opponent controls.,7a: take control of it,
64612053,Rescue-ACE Fire Attacker,1,5,false,false,false,5: Draws cards.,"5: You can draw 2 cards, then discard 1 card",
90000652,Rescue-ACE Fire Engine,1,7b,false,false,false,7b: Special Summons from the GY.,"7b: from your hand, Deck, or GY",
63899465,Rescue-ACE HQ,1,5,false,false,false,5: Draws a card.,5: then draw 1 card,
37617348,Rescue-ACE Hydrant,1,9a,false,false,false,9a: Targeting protection.,9a: your opponent cannot target this card with card effects,
91222209,Rescue-ACE Monitor,1,7b,false,false,false,7b: Revives from GY.,"7b: target 1 ""Rescue-ACE"" monster in your GY, except ""Rescue-ACE Monitor""; Special Summon it",Hand effect removes only itself; not rule 4.
41443249,Rescue-ACE Preventer,1,7b,false,false,false,7b: Special Summons from banishment.,"7b: target 1 of your banished ""Rescue-ACE"" monsters, except a Level 8 monster; Special Summon it",
99984170,RESCUE!,1,7b,false,false,false,7b: Revives from a GY.,7b: Special Summon it to your field,
23912837,Resh Shaddoll Incarnation,1,7b,false,false,false,7b: Special Summons a monster from the GY.,"7b: Target 1 ""Shaddoll"" monster in your GY; Special Summon it",
62420419,Reshef the Dark Being,1,7a,false,false,false,7a: Takes control of an opponent's monster.,7a: take control of 1 monster on your opponent's side of the field,
98552723,Restoration of the Monarchs,1,7b,false,false,false,7b: Special Summons a monster from the GY.,7b: Special Summon it in Defense Position,
99518961,Restructer Revolution,1,6a,false,false,false,6a: Effect damage as primary function.,6a: Inflict 200 points of damage,
55702233,Ret-time Reviver Emit-ter,1,7b,false,false,false,7b: Special Summons itself from GY.,7b: If this card is in your hand or GY,
22747316,Retort,1,10,false,false,false,10: Negates a Spell/Trap activation.,10: Negate the activation,
27174286,Return from the Different Dimension,1,7b,false,false,false,7b: Special Summons from banishment.,7b: Special Summon as many of your banished monsters as possible,
6853254,Return of the Dragon Lords,1,7b 9a 9b,false,false,false,7b: Special Summons a Dragon from the GY. | 9a: Destruction substitute protects Dragons from card-effect destruction. | 9b: Destruction substitute protects Dragons from battle destruction.,"7b: Dragon monster in your GY; Special Summon it | 9a: would be destroyed by battle or card effect, you can banish this card from your GY instead | 9b: would be destroyed by battle or card effect, you can banish this card from your GY instead",
39387565,Return of the Red-Eyes,1,7b,false,false,false,7b: Revives from the GY.,7b: target 1 Normal Monster in your Graveyard; Special Summon it,
46874015,Return of the Six Samurai,1,7b,false,false,false,7b: Special Summons a monster from the GY.,"7b: Target 1 ""Six Samurai"" monster in your GY; Special Summon that target",
91742238,Return of the Zombies,1,7b,false,false,false,7b: Special Summons from the GY.,7b: Special Summon 1 Zombie monster from the GY,
34093683,Revendread Executor,1,9a,false,false,false,9a: Grants untargetability.,"9a: your opponent cannot target cards you control with card effects, except this card",
51686645,Revenge Rally,1,5,false,false,false,5: Draws cards.,5: Draw 1 card,
67248304,Reverse Jar,1,8,false,false,false,8: Returns multiple opponent cards to hand.,8: return as many face-up Spells/Traps as possible from the field to the hand,
93775296,Reverse Reuse,1,7b,false,false,false,"7b: Revival from GY, even onto opponent's field.",7b: Special Summon them to your opponent's side of the field,
93912845,Revival Gift,1,7b,false,false,false,7b: Revives from GY.,7b: Select 1 Tuner monster from your Graveyard and Special Summon it,
87347365,Revival Golem,1,7b,false,false,false,7b: Special Summons itself from the GY.,7b: Special Summon this card from the Graveyard,
31709826,Revival Jam,1,7b,false,false,false,7b: Revives itself from the GY.,7b: Special Summon it in face-up Defense Position,
39967326,Revival of the Immortals,1,7b,false,false,false,7b: Revives a monster from the GY.,7b: monster in your Graveyard; Special Summon it,
12469386,Revival Rose,1,7b,false,false,false,7b: Special Summons itself from the GY.,7b: you can Special Summon this card from the Graveyard,
89226534,Revival Swarm,1,7b 9a 9b,false,false,false,7b: Special Summons from GY. | 9a: Effect protection. | 9b: Battle protection.,"7b: Target 1 ""Battlewasp"" monster in your GY; Special Summon it | 9a: it cannot be destroyed by battle or card effects | 9b: it cannot be destroyed by battle or card effects",
28004531,"Rex, Freight Fur Hire",1,7b,false,false,false,7b: Special Summons a monster from the GY.,7b: Special Summon it if it was a monster,
37534148,Ribbon of Rebirth,1,7b,false,false,false,7b: Special Summons a monster from the GY.,7b: Special Summon it from the Graveyard,
14235211,Rider of the Storm Winds,1,9a 9b,false,false,false,"9a: Destruction substitute (ruling 6), covers effects. | 9b: Destruction substitute covers battle.","9a: If a monster equipped with this card would be destroyed, destroy this card instead | 9b: If a monster equipped with this card would be destroyed, destroy this card instead",
71734607,Rikka Petal,1,7b,false,false,false,7b: Special Summons itself from the GY.,7b: while this card is in your GY,
68941332,Rikka Sheet,1,7a,false,false,false,7a: Takes control of an opponent's monster.,7a: take control of that monster until the End Phase,
32557233,Rikka Tranquility,1,7b,false,false,false,7b: Special Summons from the GY.,"7b: Special Summon 1 ""Rikka"" monster from your GY",
38815069,"Rinyan, Lightsworn Rogue",1,5,false,false,false,5: Draws a card.,5: then draw 1 card,
70344351,Riryoku Field,1,10,false,false,false,10: Negates a Spell activation.,10: Negate the activation,
66947913,Rising Fire,1,7b,false,false,false,7b: Special Summons from the GY.,7b: targeting 1 FIRE monster in your GY; Special Summon it,
30450531,Rite of Spirit,1,7b,false,false,false,7b: Special Summons from the GY.,"7b: Target 1 ""Gravekeeper's"" monster in your GY; Special Summon that target",
57815601,Ritual Beast Ambush,1,7b,false,false,false,7b: Special Summons monsters from GY or banishment.,7b: that are banished and/or in your Graveyard; Special Summon them,
8321183,Ritual Beast Return,1,7b,false,false,false,7b: Special Summons a monster from banishment or GY.,7b: that is banished or is in your Graveyard; Special Summon it,
11556339,Ritual Beast Steeds,1,8,false,false,false,8: Can destroy multiple monsters.,8: Destroy monsters on the field up to the number,
87118301,Ritual Beast Tamer Lara,1,7b,false,false,false,7b: Special Summons a monster from the GY.,7b: monster in your Graveyard; Special Summon it,
40907115,Ritual Beast Tamer Wen,1,7b,false,false,false,7b: Returns a banished monster to the field.,"7b: target 1 of your banished ""Ritual Beast"" monsters; Special Summon it",
86274272,Ritual Beast Ulti-Apelio,1,7b 9a,false,false,false,9a: Self unaffected while attacking. | 7b: Special Summons from banishment.,9a: it is unaffected by other cards' effects until the end of the Damage Step | 7b: target 2 of your banished monsters,
48063985,Ritual Beast Ulti-Cannahawk,1,7b,false,false,false,7b: Special Summons banished monsters.,7b: target 2 of your banished monsters,
69718652,Ritual Beast Ulti-Nochiudrago,1,7b 9a,false,false,false,9a: Grants targeting protection. | 7b: Special Summons from banishment.,"9a: Your opponent cannot target other ""Ritual Beast"" monsters you control with card effects | 7b: target 1 of your banished ""Ritual Beast"" monsters; Special Summon it",
12678870,Ritual Beast Ulti-Pettlephin,1,7b 9a,false,false,false,9a: Self protection from effect destruction. | 7b: Special Summons banished monsters.,9a: Cannot be destroyed by card effects | 7b: target 2 of your banished monsters,
75457624,Ritual Beast's Bond,1,7c,true,false,false,"7c: Extra Deck summon ignoring conditions, may not give listed materials.","7c: Special Summon 1 ""Ritual Beast"" monster from your Extra Deck, ignoring its Summoning conditions",Depends on whether 2 banished monsters match the listed materials.
25796442,Ritual Cage,1,9a,false,false,false,9a: Grants untargetability and effect indestructibility (vs monster effects).,"9a: Ritual Monsters you control cannot be targeted by, or destroyed by, monster effects",
95658967,Ritual Sanctuary,1,7b,false,false,false,7b: Special Summons from the GY.,7b: LIGHT Fairy monster in your GY,
90846359,Rivalry of Warlords,1,3.3 8,true,false,false,3.3: Type-based summon lock on both players. | 8: Sends multiple opponent monsters to GY.,3.3: Each player can only control 1 Type of monster. | 8: Send all other face-up monsters they control to the GY.,Type restriction may cover all summons; 3.3 vs 3.4.
17725109,Roar of the Blue-Eyed Dragons,1,7b,false,false,false,7b: Can Special Summon from GY or banishment.,"7b: Special Summon in Defense Position, 1 ""Blue-Eyes"" monster from your Deck, GY, or banishment",
20781762,Rock Bombardment,1,6a,false,false,false,6a: Burn without changing the field.,6a: inflict 500 damage to your opponent,
95515060,Rod of Silence - Kay'est,1,10,false,false,false,10: Negates Spell effects.,10: Negate other Spell effects that target the equipped monster,
5969957,Rokket Recharger,1,7b,false,false,false,7b: Revives a monster from the GY.,7b: Special Summon 1 DARK monster from your GY,
48355999,Rokket Synchron,1,7b,false,false,false,7b: Revives a monster from the GY.,7b: Special Summon it in Defense Position,
93382620,Rope of Life,1,7b,false,false,false,7b: Special Summons a monster from the GY.,7b: target 1 of those monsters; Special Summon it,
81146288,"Rosaria, the Stately Fallen Angel",1,10,false,false,false,10: Negates effects.,10: negate the effects of all other face-up cards,
89252157,Rose Lover,1,9a,false,false,false,9a: Grants partial unaffected status.,9a: it is unaffected by your opponent's Trap effects this turn,
2752099,Rose Shaman,1,5,false,false,false,5: Draws a card.,5: draw 1 card,
36708764,Roulette Spider,1,6a 10,false,false,false,10: Can negate an attack. | 6a: Damage triggered by a negation is primary.,10: Negate the attack | 6a: inflict damage to your opponent equal to that monster's ATK,
58769832,Royal Archfiend,1,7b,false,false,false,7b: Special Summons itself from the GY.,7b: You can Special Summon this card,
33950246,Royal Command,1,10,false,false,false,10: Continuous negation (ruling 13).,10: their effects are negated,
51452091,Royal Decree,1,10,false,false,false,10: Continuous negation.,10: Negate all other Trap effects on the field.,
54040221,Royal Firestorm Guards,1,5,false,false,false,5: Draws cards.,5: then draw 2 cards,
58415502,Royal Straight,1,7b 7c,false,false,false,7b: Can Special Summon from the GY. | 7c: Can bring an Extra Deck monster out without its materials.,"7b: Special Summon 1 monster from your hand, Deck, Extra Deck, or GY | 7c: Special Summon 1 monster from your hand, Deck, Extra Deck, or GY",
11020863,Royal Straight Slasher,1,7b 8,false,false,false,8: Mass destruction. | 7b: Revives monsters from the GY.,8: destroy all cards your opponent controls | 7b: target up to 3 LIGHT Warrior monsters in your GY; Special Summon them,
56058888,Royal Surrender,1,10,false,false,false,10: Negates a Continuous Trap activation.,10: Negate the activation and the effect of the card,
86742443,Royal Writ of Taxation,1,6a,false,false,false,6a: Effect damage without changing the field.,6a: inflict 1000 damage to your opponent,
24919805,Ruffian Railcar,1,6a,false,false,false,6a: Direct burn without changing the field.,6a: You can inflict 500 damage to your opponent.,
13518809,"Ruin, Supreme Queen of Oblivion",1,9a,false,false,false,9a: Grants effect-destruction immunity.,9a: Ritual Monsters you control cannot be destroyed by card effects,
69868555,Ruins of the Divine Dragon Lords,1,10,false,false,false,10: Negates summoned monsters' effects.,10: Negate that face-up Special Summoned monster(s)'s effects,
3739500,Ruler of the End of the World,1,8,false,false,false,8: Board wipe.,8: destroy all other cards on the field,
83831356,Runaway Karakuri,1,10,false,false,false,10: Negates a monster's effects.,10: its effect(s) is negated,
94445733,Runick Destruction,1,7c,false,false,false,7c: Summons from the Extra Deck without materials.,"7c: Special Summon 1 ""Runick"" monster from your Extra Deck to the Extra Monster Zone",
66712905,Runick Dispelling,1,7c,false,false,false,7c: Brings an Extra Deck monster out without materials.,"7c: Special Summon 1 ""Runick"" monster from your Extra Deck to the Extra Monster Zone",
68957034,Runick Flashing Fire,1,7c,false,false,false,7c: Summons from Extra Deck without materials.,"7c: Special Summon 1 ""Runick"" monster from your Extra Deck",
92107604,Runick Fountain,1,5,false,false,false,5: Draws cards (ruling 2).,5: then draw the same number of cards,
30430448,Runick Freezing Curses,1,7c 10,false,false,false,10: Negates a monster's effects. | 7c: Brings an Extra Deck monster out without materials.,"10: negate its effects | 7c: Special Summon 1 ""Runick"" monster from your Extra Deck",
20618850,Runick Golden Droplet,1,7c,false,false,false,7c: Extra Deck summon without materials.,"7c: Special Summon 1 ""Runick"" monster from your Extra Deck",
67835547,Runick Slumber,1,7c 9a 9b,false,false,false,9a: One-time protection from destruction by card effect. | 9b: One-time protection from battle destruction. | 7c: Summons from the Extra Deck without materials.,"9a: it is not destroyed | 9b: the next time that monster would be destroyed by battle or card effect this turn, it is not destroyed | 7c: Special Summon 1 ""Runick"" monster from your Extra Deck",
31562086,Runick Tip,1,7c,false,false,false,7c: Summons an Extra Deck monster without its materials.,"7c: Special Summon 1 ""Runick"" monster from your Extra Deck",
81549048,Ryu-Ge Rivalry,1,5 7b,false,false,false,7b: Can Special Summon from the GY. | 5: Draws a card.,"7b: Special Summon 1 ""Ryu-Ge"" monster from your hand, Deck, or GY | 5: place it on the bottom of the Deck, then draw 1 card",
55276522,Ryu-Ge War Zone,1,7b,false,false,false,7b: Special Summons from the GY and banishment.,"7b: 1 each from your Deck, GY, and banishment",
55049722,S-Force Chase,1,8,false,false,false,8: Can return several opponent cards to the hand.,"8: Target face-up cards your opponent controls, up to the number of ""S-Force"" monsters",
27383719,S-Force Lapcewell,1,7b 8,false,false,false,7b: Special Summons from the GY. | 8: Can destroy several opponent monsters.,"7b: target 1 ""S-Force"" monster in your GY, except ""S-Force Lapcewell""; Special Summon it | 8: destroy all of your opponent's monsters in the same columns",
99199231,S-Force Origin,1,7b,false,false,false,7b: Special Summons from GY or banishment.,"7b: from your hand, GY, or banishment",
58363151,S-Force Pla-Tina,1,7b,false,false,false,7b: Special Summons a monster from banishment.,"7b: target 1 of your banished ""S-Force"" monsters",
19951423,S-Force Signify,1,5,false,false,false,5: Draws a card.,5: you can draw 1 card,
82977464,S-Force Specimen,1,7b,false,false,false,7b: Special Summons a monster from the GY or banishment.,7b: that is banished or in your GY,
91509824,SA.I.dekick,1,7b 10,false,false,false,10: Negates effects of opponent's cards. | 7b: Special Summons a monster from banishment.,10: negate their effects until the end of this turn | 7b: target 1 of your banished Cyberse monsters; Special Summon it,
44901281,Saber Hole,1,10,false,false,false,10: Negates a Summon.,10: Negate the Summon of a monster,
35037880,Saber Reflection,1,6a,false,false,false,6a: Burn without changing the field.,6a: inflict the same amount of damage to your opponent,
11052544,Saber Slash,1,8,false,false,false,8: Can destroy several cards.,8: Destroy a number of face-up cards on the field,
16261341,Sacred Arch-Airknight Parshath,1,7b,false,false,false,7b: Revives itself.,7b: Special Summon this card from the GY,
50147815,Sacred Beasts Combined Assault,1,7b 10,false,false,false,7b: Special Summons from the GY. | 10: Negates a card's effects.,"7b: Special Summon 1 ""Sacred Beast"" monster from your hand or GY | 10: negate the effects of 1 face-up card your opponent controls",
30914564,Sacred Crane,1,5,false,false,false,5: Draws a card.,5: Draw 1 card.,
66431519,Sacred Fire King Garunix,1,7b,false,false,false,7b: Special Summons itself from GY.,7b: You can Special Summon this card from your GY,
61441708,Sacred Phoenix of Nephthys,1,7b 8,false,false,false,7b: special summons itself from the GY | 8: destroys all Spells/Traps,7b: Special Summon this card from the GY | 8: Destroy all Spells and Traps on the field,
63926180,Sacred Spirit Sword Aiwass,1,7b,false,false,false,7b: Special Summons from the GY.,7b: from your Deck or GY,
45725480,Sacred Sword of Seven Stars,1,5,false,false,false,5: Draws cards.,5: draw 2 cards,
65314286,"Sadion, the Timelord",1,9a 9b,false,false,false,9a: Indestructible by effects. | 9b: Indestructible by battle.,9a: Cannot be destroyed by battle or card effects | 9b: Cannot be destroyed by battle or card effects,
38296564,Safe Zone,1,9a 9b,false,false,false,9a: grants effect-destruction and targeting protection | 9b: grants battle-destruction protection,9a: your opponent cannot target it with card effects | 9b: cannot be destroyed by battle,
10804018,"Saffira, Divine Dragon of the Voiceless Voice",1,5,false,false,false,5: Draws cards.,"5: You can draw 2 cards, then discard 1 card",
56350972,"Saffira, Queen of Dragons",1,5,false,false,false,5: Draw effect.,"5: Draw 2 cards, then discard 1 card",
34456146,Sage of Benevolence - Ciela,1,7b,false,false,false,7b: Special Summons a monster from the GY.,"7b: Special Summon 1 ""Sky Striker Ace"" monster from your GY",
93738004,"Sagitta, Maverick Fur Hire",1,9a,false,false,false,9a: Grants untargetability.,"9a: Your opponent cannot target monsters ""Fur Hire"" you control with card effects",Summon-triggered damage treated as byproduct.
9102835,Salamandra Fusion,1,7c 9a 9b,false,false,false,9a: Destruction substitute against card effects. | 9b: Destruction substitute against battle. | 7c: Brings out a Fusion Monster without paying its listed materials.,"9a: If the equipped monster would be destroyed by battle or card effect, you can destroy this card instead | 9b: If the equipped monster would be destroyed by battle or card effect, you can destroy this card instead | 7c: Special Summon 1 ""Flame Swordsman"" or 1 Fusion Monster that mentions it from your Extra Deck",
20618081,Salamangreat Falco,1,7b,false,false,false,7b: Special Summons itself from the GY.,7b: If this card is in your GY,
94620082,Salamangreat Foxy,1,7b,false,false,false,7b: Summons itself from the GY.,7b: Special Summon this card,
101403063,Salamangreat Gearblade,1,7b,false,false,false,7b: Can revive from GY.,"7b: Special Summon 1 ""Salamangreat"" monster from your hand or GY",
19027895,Salamangreat Revive,1,7b,false,false,false,7b: Special Summons from the GY.,7b: Target 1 FIRE monster in your GY; Special Summon it.,
52277807,Salamangreat Spinny,1,7b,false,false,false,7b: Special Summons itself from the GY.,7b: this card is in your GY: You can Special Summon this card,
41705642,Salvage Warrior,1,7b,false,false,false,7b: Special Summons from the GY.,7b: Special Summon 1 Tuner monster from your hand or Graveyard,
62318994,Samsara D Lotus,1,7b 10,false,false,false,10: Rewrites an effect. | 7b: Revives itself from the GY.,10: the activated effect becomes | 7b: or Special Summon it,
5592689,Samsara Lotus,1,7b,false,false,false,7b: Special Summons itself from the GY.,7b: you can Special Summon this card from your Graveyard,
64926005,Samurai of the Ice Barrier,1,5,false,false,false,5: Draws a card.,5: draw 1 card,
50593156,Sand Gambler,1,8,false,false,false,8: Can destroy all opponent monsters.,8: destroy all monsters on your opponent's side of the field,
73648243,Sand Moth,1,7b,false,false,false,7b: Summons itself after being sent to the GY.,7b: Special Summon it,
33015627,"Sandaion, the Timelord",1,9a 9b,false,false,false,9a: Self-protection from destruction by card effects. | 9b: Self-protection from battle destruction.,9a: Cannot be destroyed by battle or card effects | 9b: Cannot be destroyed by battle or card effects,
83838727,Sandwich Day,1,5,false,false,false,5: Draws cards.,5: draw 1 card and reveal it,
55484152,Sangen Furo,1,7b,false,false,false,7b: Revives a destroyed monster from the GY.,7b: Special Summon it to your field in Defense Position,
25388971,Sangen Kaiho,1,5 11a,false,false,false,11a: Ends the opponent's Main Phase once. | 5: Draws a card.,11a: End the Main Phase | 5: draw 1 card,
46565218,Santa Claws,1,5,false,false,false,5: Draws a card.,5: You can draw 1 card,
65056481,Satellarknight Alsahm,1,6a,false,false,false,6a: Inflicts effect damage without changing the field.,6a: inflict 1000 damage to your opponent,
2273734,Satellarknight Altair,1,7b,false,false,false,7b: Special Summons from the GY.,7b: Special Summon that monster in Defense Position,
99668578,Satellarknight Procyon,1,5,false,false,false,5: Draws a card.,5: draw 1 card,
63274863,Satellarknight Sirius,1,5,false,false,false,5: Draws a card.,5: then draw 1 card,
41753322,Sauropod Brachion,1,6b,false,false,false,6b: Doubles battle damage.,6b: any battle damage your opponent takes from that battle is doubled,
32391631,Savage Colosseum,1,3.2 8,false,false,false,3.2: Field Spell forcing attacks; opponent can replace it with their own Field Spell. | 8: Can destroy several opponent monsters in their End Phase.,"3.2: All monsters must attack, if able | 8: Destroy all face-up Attack Position monsters the turn player controls",
1855886,Scar of the Vendread,1,7b,false,false,false,7b: Special Summons itself from the GY.,7b: Special Summon this card,
5941982,Scareclaw Alternative,1,6a,false,false,false,6a: Damage by counting the field is primary.,6a: inflict 100 damage to your opponent for each Defense Position monster on the field,
78534861,Scareclaw Kashtira,1,10,false,false,false,10: Continuous negation of battling monsters.,10: that opponent's monster's effects are negated,
82361809,Scareclaw Reichheart,1,5,false,false,false,5: Draws a card.,5: you can draw 1 card,
79552283,Scareclaw Sclash,1,10,false,false,false,10: Negates an effect.,10: negate that effect,
41619242,Scareclaw Straddle,1,10,false,false,false,10: Negates an effect.,10: Negate that effect,
50215517,Scarlet Security,1,8,false,false,false,8: Mass destruction.,8: Destroy all Spell and Trap Cards your opponent controls,
40597694,Scatter Fusion,1,7d,false,false,false,7d: Fusion Summons using material from the Deck.,7d: using monsters from your Deck as material,
75078585,Scramble Egg,1,7b,false,false,false,7b: Can Special Summon from the GY.,"7b: from your hand, Deck or GY",
5577649,Scrap Crash,1,8,false,false,false,8: Destroys multiple opponent cards.,8: Destroy all face-up Spell/Trap Cards on the field,
8529136,Scrap Fist,1,6b 9b,false,false,false,6b: Doubles battle damage. | 9b: Grants battle indestructibility.,6b: Double any battle damage your opponent takes. | 9b: It cannot be destroyed by battle.,
91019775,Scrap Garage,1,7b,false,false,false,7b: Special Summons monsters from the GY.,7b: Target up to 3 DARK Machine monsters in your GY; Special Summon them,
82012319,Scrap Golem,1,7b,false,false,false,7b: Special Summons a monster from the GY.,7b: monster in your GY; Special Summon that target,
22539270,Scrap Lube,1,7b,false,false,false,7b: Revives a monster from the GY.,7b: Special Summon that monster from the Graveyard,
4334811,Scrap Recycler,1,5,false,false,false,5: Draws a card.,5: draw 1 card,
92901944,Scrap Searcher,1,7b,false,false,false,7b: Revives itself.,7b: Special Summon this card from your Graveyard,
98427577,Scrap-Iron Scarecrow,1,10,false,false,false,10: Negates an attack.,10: negate the attack,
48497555,Scrap-Iron Statue,1,7b,false,false,false,7b: Special Summons a monster from the GY.,"7b: target 1 ""Junk"" monster in your GY; Special Summon it",
48445393,Scrapstorm,1,5,false,false,false,5: Draws a card.,5: then draw 1 card,
67100549,Screams of the Branded,1,7b,false,false,false,7b: Special Summons from GY or banishment.,7b: Special Summon 1 of your Fusion Monsters that is banished or in your GY,
20920083,Scrum Force,1,9a,false,false,false,9a: Grants untargetability and effect indestructibility.,9a: your opponent cannot target Defense Position monsters you control with card effects,
22842214,Sea Lancer,1,9a 9b,false,false,false,9a: Destruction substitute against effects. | 9b: Destruction substitute against battle.,"9a: If this face-up card on the field would be destroyed, you can destroy 1 of those cards, instead | 9b: If this face-up card on the field would be destroyed, you can destroy 1 of those cards, instead",
61258740,Sea Lord's Amulet,1,9a,false,false,false,9a: card-effect destruction protection,9a: cannot be destroyed by your opponent's card effects,
19089195,Sea Stealth Attack,1,7b,false,false,false,7b: Flicker returns a monster from banishment (ruling 1).,7b: banish 1 WATER monster you control until the End Phase,
58203736,Sea Stealth II,1,7b 9a,false,false,false,9a: Grants targeting protection. | 7b: Can Special Summon from the GY.,9a: Your opponent cannot target WATER monsters you control with non-WATER monster effects | 7b: Special Summon from your hand or GY,
17874674,Seal of Wickedness,1,10,false,false,false,10: Negates effects.,10: The selected card's effect(s) is negated during that turn,
52534264,Second Expedition into Danger!,1,5,false,false,false,5: Exchange that draws a card.,5: then draw 1 card,
27053506,Secret Barrel,1,6a,false,false,false,"6a: Its primary function is effect damage, from counting cards only.",6a: Inflict 200 damage to your opponent for each card in their hand and for each card they control,
18252559,Secret Blast,1,6a,false,false,false,6a: Pure effect damage.,6a: Inflict 300 damage to your opponent for each card they control,
27527047,Secret Guards of the Ice Barrier,1,9a,false,false,false,9a: Grants untargetability.,9a: cannot be targeted by effects of your opponent's Effect Monsters,
24062258,Secret Sect Druid Dru,1,7b,false,false,false,7b: Revives a monster from the GY.,7b: Special Summon that target in face-up Defense Position,
70180284,Secret Six Samurai - Doji,1,9a,false,false,false,9a: Destruction substitute against card effects protects a monster.,"9a: would be destroyed by card effect, you can banish this card from your GY instead",
71207871,Secret Six Samurai - Fuma,1,9a,false,false,false,9a: Destruction substitute against card effects protects a monster.,"9a: would be destroyed by card effect, you can banish this card from your GY instead",
7291576,Secret Six Samurai - Genba,1,9a,false,false,false,9a: Destruction substitute protecting a monster from card-effect destruction.,9a: you can banish this card from your GY instead,
44686185,Secret Six Samurai - Hatsume,1,7b 9a,false,false,false,7b: Special Summons from the GY. | 9a: Substitute for destruction by effect (ruling 6).,"7b: target 1 ""Six Samurai"" monster in your GY, except ""Secret Six Samurai - Hatsume""; Special Summon it | 9a: you can banish this card from your GY instead",
6579928,Secret Six Samurai - Kizaru,1,9a,false,false,false,9a: Destruction substitute protects a Six Samurai monster from card-effect destruction.,"9a: would be destroyed by card effect, you can banish this card from your GY instead",
33964637,Secret Six Samurai - Rihan,1,9a 9b,false,false,false,9a: Destruction substitute against effects. | 9b: Destruction substitute against battle.,"9a: would be destroyed by battle or card effect, you can banish this card from your GY instead | 9b: would be destroyed by battle or card effect, you can banish this card from your GY instead",
79968632,Secret Skills of the Six Samurai,1,7b,false,false,false,7b: Special Summons a banished monster.,7b: Special Summon it,
89851827,Secreterion Dragon,1,3.2 7b,false,false,false,3.2: Monster-based lock. | 7b: Revives from GY.,"3.2: your opponent cannot activate the effects of Special Summoned Dragon or Spellcaster monsters they control | 7b: Special Summon 1, and if you do",
81524977,Seed Cannon,1,6a,false,false,false,6a: Effect damage without changing the field state beyond its own cost.,6a: inflict 500 damage to your opponent for each Plant Counter on it,
38041940,Seed of Flame,1,7b,false,false,false,7b: Revives a monster from the GY.,"7b: Plant-Type monster in your Graveyard, except ""Seed of Flame""; Special Summon that target",
35263180,Seed-Spitting Saplings,1,8 10,false,false,false,10: Negates a summon. | 8: Can destroy several monsters.,10: negate the Special Summon | 8: destroy that monster(s),
15066114,Segmental Dragon,1,8,false,false,false,8: Mass destruction of monsters.,8: destroy all monsters in the Main Monster Zones,
24940422,Sekka's Light,1,5,false,false,false,5: Draws cards.,5: Draw 2 cards,
29303524,Seleglare the Luminous Lunar Dragon,1,7a,false,false,false,7a: Takes control of an opponent's monster.,7a: take control of that opponent's monster until the End Phase,
6783559,Self-Destruct Ant,1,6a,false,false,false,6a: Flip effect deals damage without changing the field.,6a: FLIP: Each player takes 1000 damage.,
57585212,Self-Destruct Button,1,6a,false,false,false,6a: Sets LP (ruling 21).,6a: Both players' Life Points become 0.,
38775407,Sengenjin Wakes from a Millennium,1,9a,false,false,false,9a: effect-destruction protection,9a: Cannot be destroyed by monster effects,
87483942,Senior Silver Ninja,1,7b,false,false,false,7b: Special Summons monsters from the GY.,7b: from your hand and/or Graveyard,
86111442,Sentinel of the Tistina,1,7b,false,false,false,7b: Can Special Summon itself from the GY.,"7b: If this card is in your hand or GY and you control a LIGHT ""Tistina"" monster: You can Special Summon this card",
57354389,Sentry Soldier of Stone,1,7b,false,false,false,7b: Special Summons itself from the GY.,7b: while this card is in your Graveyard: You can Special Summon this card,
8967776,"Sephylon, the Ultimate Timelord",1,7b,false,false,false,7b: Special Summons from the GY.,7b: from your hand or GY,
98358303,Serene Psychic Witch,1,7b,false,false,false,7b: Special Summons a monster from banishment.,7b: Special Summon the monster banished by this card's effect,
3819470,Seven Tools of the Bandit,1,10,false,false,false,10: Negates a Trap.,10: negate the activation,
3717252,Shaddoll Beast,1,5,false,false,false,5: Draws cards.,5: You can draw 2 cards,
37445295,Shaddoll Falco,1,7b,false,false,false,7b: Revives itself or another Shaddoll from the GY.,7b: You can Special Summon it in face-down Defense Position,
44394295,Shaddoll Fusion,1,7d,false,false,false,7d: Fusion material from the Deck.,7d: you can also use monsters in your Deck as Fusion Material,
57232301,Shadow Severing Strike,1,5 10,false,false,false,5: Draws cards. | 10: Negates a Spell/Trap.,5: Draw 2 cards | 10: Negate the effects of 1 face-up Spell/Trap,
37620434,Shadow Tamer,1,7a,false,false,false,7a: Takes control of an opponent's monster.,7a: take control of that target until the End Phase,
6958551,Shadow Toon,1,6a,false,false,false,6a: Deals damage without changing the field.,6a: inflict damage to your opponent equal to the ATK of that face-up monster,
99735427,Shadow-Imprisoning Mirror,1,10,false,false,false,10: Continuous negation.,10: Negate all DARK monster effects,
61322713,Shadow's Light,1,7c,false,false,false,7c: brings an Extra Deck monster to the field without material,7c: Special Summon 1 LIGHT monster from your Deck or Extra Deck,
78936551,"Shafu, the Wheeled Mayakashi",1,7b,false,false,false,7b: Special Summons from the GY.,"7b: ""Mayakashi"" monster in your GY",
33904024,Shard of Greed,1,5,false,false,false,5: Draws cards.,5: draw 2 cards,
1372887,Shared Ride,1,5,false,false,false,5: Draws cards.,5: you immediately draw 1 card,
11035075,Shichi-Go-San,1,7b 8 9a,false,false,false,7b: Revives a monster from the GY. | 9a: Grants unaffected status. | 8: Sends all field cards to GY.,7b: Special Summon 1 Level/Rank 1 monster from either GY to your field | 9a: It is unaffected by your opponent's activated effects | 8: Send all cards on the field to the GY,
1164211,Shield of the Millennium Dynasty,1,9a,false,false,false,9a: Partial effect-destruction protection.,9a: Cannot be destroyed by Spell/Trap effects,
3441553,Shimmering Shatterer of the Sacred Beasts,1,10,false,false,false,10: Negates an opponent's effect.,10: Negate that opponent's effect,
49776811,Shining Piecephilia,1,5 9b,false,false,false,9b: Battle indestructible. | 5: Draws a card.,9b: Cannot be destroyed by battle | 5: Draw 1 card,
89563150,Shining Silver Force,1,8 10,false,false,false,10: Negates activation. | 8: Destroys multiple cards.,10: Negate the activation | 8: destroy it and all face-up Spell and Trap Cards your opponent controls,
52900000,Shinobaron Peacock,1,8,false,false,false,8: Can bounce up to 3 opponent monsters.,8: return up to 3 monsters your opponent controls to the hand,
60823690,Shinobaron Shade Peacock,1,7b,false,false,false,7b: returns itself from banishment to the field,7b: Special Summon this banished card,
25415052,Shinobaroness Peacock,1,8,false,false,false,8: Returns up to 3 opponent cards to the Deck.,8: shuffle up to 3 Spell/Trap Cards your opponent controls into the Deck,
33325951,Shinobaroness Shade Peacock,1,7b,false,false,false,7b: Returns itself from banishment to the field.,7b: Special Summon this banished card,
90020780,Shinobi Necro,1,5 7b,false,false,false,5: Draws. | 7b: Revives itself from GY.,"5: draw 1 card, then discard 1 card | 7b: You can Special Summon this card",
66815913,Shinobird Crane,1,5,false,false,false,5: Draws a card.,5: You can draw 1 card,
276357,Shinobird Salvation,1,10,false,false,false,10: Negates an attack.,10: negate the attack,
58761791,Shipping Error,1,10,false,false,false,"10: Rewrites an activated effect, which counts as negation.",10: The activated effect becomes,
94801854,Shiranui Solitaire,1,7b,false,false,false,7b: Special Summons banished monsters.,7b: Special Summon them,
79783880,Shiranui Spectralsword Shade,1,7b,false,false,false,7b: Special Summons from banishment.,7b: target 2 of your banished Zombie monsters,
99423156,Shiranui Spiritmaster,1,7b,false,false,false,7b: Special Summons a monster from the GY.,7b: from your hand or GY,
41562624,Shiranui Squire,1,5,false,false,false,5: Draw with discard is still draw.,"5: You can draw 1 card, then discard 1 card",
78765160,Shiranui Style Samsara,1,5,false,false,false,5: Draw with a cost.,5: then draw 1 card,
74798297,Shiranui Style Success,1,9a,false,false,false,9a: Makes a monster unaffected by card effects.,9a: that Zombie monster is unaffected by card effects this turn,
4333086,Shiranui Style Swallow's Slash,1,8,false,false,false,8: Can destroy 2 of the opponent's cards.,8: target 2 cards on the field; destroy them,
40005099,Shiranui Style Synthesis,1,7b,false,false,false,7b: Special Summons from the GY.,7b: Zombie-Type monster with 0 DEF in your Graveyard; Special Summon it,
5177985,Shiranui Swordmaster,1,7b,false,false,false,7b: Special Summons itself from the GY.,"7b: If this card is in your GY and you control 2 or more ""Shiranui"" monsters with different names: You can Special Summon this card",
15609017,Shock Surprise,1,8,false,false,false,8: Can destroy up to 2 cards.,8: target that many cards on the field; destroy them,
75967082,Short Circuit,1,8,false,false,false,8: Mass destruction.,8: Destroy all cards your opponent controls,
92080692,Showdown of the Secret Sense Scroll Techniques,1,10,false,false,false,10: Negates an activation.,10: Negate the activation,
14816688,Shuffle Reborn,1,5 7b,false,false,false,7b: Revives a monster from GY. | 5: Shuffle-then-draw exchange counts as draw.,7b: Target 1 monster in your GY; Special Summon it | 5: then draw 1 card,
32615065,Shura the Combat Star,1,7c,false,false,false,7c: Brings an Extra Deck monster out without materials.,"7c: Special Summon 1 ""Idaten the Conqueror Star"" from your Extra Deck. (This is treated as a Fusion Summon.)",
65422840,Shutendoji,1,5,false,false,false,5: Draws a card.,5: draw 1 card,
10449150,Shuttleroid,1,7b,false,false,false,7b: Returns itself from banishment to the field.,7b: Special Summon this card banished by this effect,
86442081,Silent Abyss,1,8,false,false,false,8: Can destroy multiple opponent monsters.,8: destroy all face-down and non-WATER monsters,
44968459,Silent Burning,1,5,false,false,false,5: Draws cards.,5: Each player draws until they have 6 cards in their hand,
42534368,Silent Doom,1,7b,false,false,false,7b: Special Summons a monster from the GY.,7b: Target 1 Normal Monster in your Graveyard; Special Summon it,
53778229,Silent Graveyard,1,10,false,false,false,10: Negates effects.,10: effects that activate in the GY this turn are negated,
40867519,Silent Insect,1,10,false,false,false,10: Continuously negates Continuous Spells/Traps.,10: Negate the effects of all Continuous Spell Cards and Continuous Trap Cards.,
41175645,Silent Magician,1,10,false,false,false,10: Negates spell activation.,10: You can negate the activation,
72443568,Silent Magician LV8,1,9a,false,false,false,9a: Partial unaffected protection.,9a: Unaffected by your opponent's Spell effects.,
65726770,Silent Magician Zero,1,10,false,false,false,10: Negates Spell activations.,10: You can negate the activation,
19502505,Silent Paladin,1,10,false,false,false,10: Negates a Spell activation.,10: You can negate the activation,
62950604,Silent Psychic Wizard,1,7b,false,false,false,7b: Special Summons a monster from banishment.,7b: Special Summon that monster banished by this effect,
18563744,Silent Sword Slash,1,9a,false,false,false,9a: Makes a monster unaffected by effects.,9a: it is unaffected by your opponent's card effects,
15180041,Silent Swordsman,1,10,false,false,false,10: Negates Spell activation.,10: You can negate the activation,
1995985,Silent Swordsman LV3,1,10,false,false,false,10: Negates Spell effects.,10: Negate your opponent's Spell effects that target this card,
74388798,Silent Swordsman LV5,1,9a,false,false,false,9a: Partial unaffected protection.,9a: Unaffected by your opponent's Spell effects,
37267041,Silent Swordsman LV7,1,10,false,false,false,10: Continuous negation of Spells.,10: Negate all Spell effects on the field,
39321065,Silent Swordsman Zero,1,10,false,false,false,10: Negates an activation.,10: You can negate the activation,
71015787,Silent Wobby,1,5,false,false,false,5: Draws a card.,5: Draw 1 card,
24440742,Silhouhatte Trick,1,9b 10,false,false,false,10: Negates opponent's face-up cards' effects. | 9b: Makes itself indestructible by battle.,10: negate their effects until the end of this turn | 9b: neither can be destroyed by that battle,
32619583,"Sillva, Warlord of Dark World",1,7b,false,false,false,7b: Special Summons itself from the GY.,7b: Special Summon it from the Graveyard,
9791914,Silver Sentinel,1,7b,false,false,false,7b: Revives itself from the GY.,7b: Special Summon this card from the Graveyard,
87025064,Silver's Cry,1,7b,false,false,false,7b: Special Summons a monster from the GY.,7b: Dragon Normal Monster in your GY; Special Summon that target,
13382806,Silvervine Senri,1,7b,false,false,false,7b: Revives from GY.,"7b: target 1 Level 2 monster in your GY, except ""Silvervine Senri""; Special Summon it",
22586618,Simorgh of Darkness,1,7b 10,false,false,false,7b: Special Summons itself from the GY. | 10: Negates a Spell/Trap activation.,7b: Special Summon this card from the GY | 10: negate the activation,
64002884,Simorgh Repulsion,1,8,false,false,false,8: Bounces all opponent Spells/Traps.,8: return all cards in your opponent's Spell & Trap Zones to the hand,
57823578,Simorgh Sky Battle,1,6a 8 9a,false,false,false,9a: Grants untargetability. | 8: Mass bounce. | 6a: Damage from bounce is primary (ruling 20).,9a: cannot be targeted by your opponent's card effects | 8: return as many cards on the field to the hand as possible | 6a: inflict damage to your opponent equal to the damage you took,
86489182,"Simorgh, Bird of Ancestry",1,8,false,false,false,8: Bounces up to 2 opponent cards.,8: return up to 2 cards your opponent controls to their owner's hand,
50820852,"Simorgh, Bird of Beginning",1,7b,false,false,false,7b: Revives itself from GY.,7b: You can Special Summon this card in Defense Position,
96214561,"Simorgh, Bird of Bringing",1,7b,false,false,false,7b: Revives itself from the GY.,7b: If this card is in your GY and your opponent controls no cards in their Spell & Trap Zone: You can Special Summon this card,
23619206,"Simorgh, Bird of Calamity",1,7b,false,false,false,7b: Revives itself from the GY.,7b: If this card is in your GY and your opponent controls no cards in their Spell & Trap Zone: You can Special Summon this card,
14989021,"Simorgh, Bird of Divinity",1,6a,false,false,false,6a: Continuous burn without changing the field.,6a: Each player takes 1000 damage during each of their End Phases,
59707204,"Simorgh, Bird of Protection",1,7b,false,false,false,7b: Revives itself from the GY.,7b: You can Special Summon this card in Defense Position,
95192919,"Simorgh, Lord of the Storm",1,9a,false,false,false,9a: Partial untargetability.,9a: Your opponent cannot target this Tribute Summoned card with Spell/Trap Cards or effects,
2006591,Sinful Spoils Awakening,1,8,false,false,false,8: Bounces multiple opponent cards.,8: Target up to 3 cards your opponent controls; return them to the hand,
38511382,Sinful Spoils of Betrayal - Silvera,1,10,false,false,false,10: negates effects,10: negate that opponent's effect,
16240772,Sinful Spoils of Doom - Rciela,1,8 9a,false,false,false,9a: Grants unaffected status. | 8: Can destroy multiple opponent monsters.,"9a: unaffected by other monsters' effects this turn | 8: if their ATK becomes 0 by this effect, destroy them",
90386276,Sinful Spoils Sanctification,1,7b,false,false,false,7b: Revives.,"7b: in your GY or banishment; discard 1 card, and if you do, Special Summon that monster",
67457739,Sinful Spoils Struggle,1,8,false,false,false,8: Can destroy multiple opponent cards.,8: Target any number of cards on the field,
72497366,Sinister Yorishiro,1,9a 9b,false,false,false,9a: Destruction substitute covers card effects. | 9b: Destruction substitute covers battle.,9a: you can send this card to the GY instead | 9b: you can send this card to the GY instead,
72345736,Six Samurai United,1,5,false,false,false,5: Draws cards.,5: draw 1 card for each Bushido Counter on this card,
28273805,Six Strike - Double Assault,1,7b,false,false,false,7b: Special Summons from the GY.,"7b: Special Summon 1 ""Six Samurai"" monster with 2000 or less ATK from your hand or GY.",
81426505,Six Strike - Triple Impact,1,8,false,false,false,8: Mass destruction.,8: Destroy all face-up monsters your opponent controls,
75525309,Six Style - Dual Wield,1,8,false,false,false,8: Returns 2 opponent cards to hand.,8: Target 2 cards your opponent controls; return those targets to the hand,
3280747,Sixth Sense,1,5,false,false,false,5: Draws cards.,5: you draw that many cards,
60694662,Skelengel,1,5,false,false,false,5: Draws a card.,5: FLIP: Draw 1 card.,
89362180,Skelesaurus,1,7b,false,false,false,7b: Special Summons the destroyed opponent monster from the GY.,7b: You can Special Summon that monster to your field in Defense Position,
82732705,Skill Drain,1,10,false,false,false,10: Continuous negation.,10: Negate the effects of all face-up monsters,
63227401,Skill Prisoner,1,10,false,false,false,10: Negates monster effects.,10: negate that effect,
88901771,Skilled Blue Magician,1,7b,false,false,false,7b: Can Special Summon from GY.,"7b: from your hand, Deck, or Graveyard",
73752131,Skilled Dark Magician,1,7b,false,false,false,7b: Can summon from the GY.,"7b: Special Summon 1 ""Dark Magician"" from your hand, Deck, or GY",
65338781,Skilled Red Magician,1,7b,false,false,false,7b: Can revive from GY.,"7b: Special Summon 1 ""Archfiend"" monster from your hand, Deck, or Graveyard",
46363422,Skilled White Magician,1,7b,false,false,false,7b: Can Special Summon from the GY.,"7b: from your hand, Deck, or Graveyard",
24088928,Skull Archfiend of Chaos,1,7b,false,false,false,7b: Special Summons itself from the GY.,7b: Special Summon this card,
61370518,Skull Archfiend of Lightning,1,10,false,false,false,10: Negates targeting effects.,"10: negate the effect if you roll 1, 3, or 6",
10774240,"Skull Guardian, Protector of the Voiceless Voice",1,10,false,false,false,10: Negates an activation.,10: You can negate the activation,
74841885,Sky Scourge Invicil,1,10,false,false,false,10: Continuous negation (ruling 13).,10: Negate the effects of all Spell Cards.,
37351133,Sky Striker Ace - Roze,1,7b 10,false,false,false,7b: Special Summons itself from the GY. | 10: Negates a monster's effects.,7b: while this card is in your GY: You can Special Summon this card | 10: negate the effects of 1 face-up monster your opponent controls,
99550630,Sky Striker Maneuver - Afterburners!,1,8,false,false,false,"8: Can destroy a monster and a Spell/Trap, 2 opponent cards.",8: you can destroy 1 Spell/Trap on the field,
25955749,Sky Striker Maneuver - Jamming Waves!,1,8,false,false,false,"8: Can destroy a Set Spell/Trap and a monster, which can be 2 opponent cards.",8: you can destroy 1 monster on the field,
46271408,Sky Striker Maneuver - Scissors Cross,1,7b,false,false,false,7b: Special Summons from the GY.,7b: you can Special Summon it instead,
21623008,Sky Striker Maneuver - Vector Blast,1,8,false,false,false,8: Can remove multiple opponent monsters.,8: shuffle all your opponent's monsters from the Extra Monster Zones into the Deck,
25733157,Sky Striker Mecha - Eagle Booster,1,9a 9b,false,false,false,9a: Grants unaffected status. | 9b: Grants battle indestructibility.,9a: that target is unaffected by card effects this turn | 9b: it cannot be destroyed by battle this turn,
51227866,Sky Striker Mecha - Shark Cannon,1,7b,false,false,false,7b: Special Summons a monster from the opponent's GY.,7b: you can Special Summon that monster to your field instead,
98338152,Sky Striker Mecha - Widow Anchor,1,7a 10,false,false,false,10: Negates monster effects. | 7a: Takes control of an opponent's monster.,10: negate that face-up monster's effects | 7a: take control of that monster until the End Phase,
63166095,Sky Striker Mobilize - Engage!,1,5,false,false,false,5: Draws a card.,5: you can draw 1 card,
9726840,Sky Striker Mobilize - Linkage!,1,7c,false,false,false,7c: Special Summons an Extra Deck monster without its listed materials.,"7c: Special Summon 1 ""Sky Striker Ace"" monster from your Extra Deck",
61033809,Sky Thunder Xenovader△ Yomi,1,10,false,false,false,10: Negates monster effect activation.,10: negate the activation,
51307986,Skyborne Blue Cularsaw,1,10,false,false,false,10: Negates S/T activation.,10: negate the activation,
40522482,Skydive Scorcher,1,8,false,false,false,8: Can destroy multiple opponent monsters.,8: destroy as many monsters your opponent controls as possible,
47596607,Skyscraper 2 - Hero City,1,7b,false,false,false,7b: Special Summons a monster from the GY.,7b: monster in your Graveyard that was destroyed by battle; Special Summon that target,
47349310,Skystarray,1,7b,true,false,false,7b: Returns itself from banishment.,7b: Banish this card until your next Standby Phase,Self-flicker is a drawback here.
71344451,Slash Draw,1,5 8,false,false,false,5: Draws a card. | 8: Destroys all cards.,5: then draw 1 card | 8: destroy as many cards on the field as possible,
3129527,Sleepy Scapegoats,1,9a 9b,true,false,false,9a: Destruction substitute against effects. | 9b: Destruction substitute against battle.,"9a: would be destroyed by battle or card effect, you can destroy 1 Token you control that was Special Summoned by this effect instead | 9b: would be destroyed by battle or card effect, you can destroy 1 Token you control that was Special Summoned by this effect instead","Protects cards mentioning Dark Time Wizard, which may include non-monsters."
72885174,Slip of Fortune,1,7b 10,false,false,false,10: Negates an attack. | 7b: Flickers a monster from banishment back to the field (ruling 1).,10: Negate the attack | 7b: remove from play the attack target monster until the next Standby Phase,
10505300,Slower Swallow,1,5,false,false,false,5: Grants an extra draw.,5: draw 2 cards instead of 1,
84650463,Slushy,1,7b,false,false,false,7b: Special Summons from the GY.,7b: target 1 Level 5 or higher Sea Serpent monster in your GY; Special Summon that target,
93396832,Smashing Horn,1,10,false,false,false,10: negates an activation,10: Negate the activation and destroy it,
16720314,Smile Potion,1,5,false,false,false,5: Draws cards.,5: Draw 2 cards,
80678380,Snake Deity's Command,1,10,false,false,false,10: Negates a Spell activation.,10: Negate the activation,
45663742,Snake-Eye Oak,1,7b,false,false,false,7b: Special Summons from GY or banishment.,7b: that is banished or in your GY; either add it to your hand or Special Summon it,
58071334,Snake-Eyes Doomed Dragon,1,7c,false,false,false,7c: An alternate summon from the Extra Deck without its listed materials.,7c: Special Summoned by sending 2 face-up Monster Cards from your Spell & Trap Zone to the GY,
48452496,Snake-Eyes Flamberge Dragon,1,7a 7b,true,false,false,7b: Revives from GY. | 7a: Takes opponent's Monster Card to own field.,7b: Special Summon 2 Level 1 FIRE monsters from your GY | 7a: Special Summon it to your field,7a applies when the Continuous Spell monster is the opponent's.
45986603,Snatch Steal,1,7a,false,false,false,7a: Takes control of an opponent's monster.,7a: Take control of the equipped monster.,
25137581,"Sneaky ""C""",1,8,true,false,false,8: Mass destruction.,8: Destroy all Special Summoned monsters on the field,"The hand effect only summons itself; the removal comes later from the flip, so rule 4 was not applied."
60228941,"Snoww, Unlight of Dark World",1,7b,false,false,false,7b: Special Summons a monster from the opponent's GY.,7b: target 1 monster in your opponent's Graveyard,
35448319,Snyffus,1,7b,false,false,false,7b: Revives itself from the GY.,7b: you can Special Summon this card from the Graveyard,
45985838,Solar Flare Dragon,1,6a,false,false,false,6a: Burn without changing the field.,6a: Inflict 500 damage to your opponent.,
44472639,Solar Ray,1,6a,false,false,false,6a: Burn is its primary function.,6a: Inflict 600 points of damage,
691925,Solar Recharge,1,5,false,false,false,5: Draws cards.,5: draw 2 cards,
78114463,Solemn Accusation,1,10,false,false,false,10: Negates Spell/Trap activation.,10: negate the activation,
16308000,Solemn Authority,1,9a,false,false,false,9a: Grants untargetability.,9a: it cannot be targeted by other card effects,
41420027,Solemn Judgment,1,10,false,false,false,10: Negates a Summon or activation.,10: negate the Summon or activation,
92512625,Solemn Scolding,1,10,false,false,false,10: Negates summons or activations.,10: negate the Summon or activation,
40605147,Solemn Strike,1,10,false,false,false,10: Negates a Summon or activation.,10: negate the Summon or activation,
84749824,Solemn Warning,1,10,false,false,false,10: Negates a Summon or activation.,10: negate the Summon or activation,
93377803,Solitary Sword of Poison,1,6b,false,false,false,6b: Doubles ATK.,6b: original ATK/DEF is doubled,
58053438,Songs of the Dominators,1,10,false,false,false,10: Negates a monster effect.,10: Negate that effect,
93138457,Sonic Stun,1,10,false,false,false,10: Negates an attack.,10: Negate the attack,
36405256,Sorciere de Fleur,1,7b,false,false,false,7b: Special Summons from the opponent's GY.,7b: select 1 monster in your opponent's Graveyard. Special Summon that monster,
54447022,Soul Charge,1,7b,false,false,false,7b: Special Summons monsters from the GY.,7b: Target any number of monsters in your GY; Special Summon them,
5253985,Soul Crossing,1,8,false,false,false,8: Can Tribute several opponent monsters (ruling 28).,8: you can Tribute a monster(s) your opponent controls,
79339613,Soul Energy MAX!!!,1,8,false,false,false,8: Mass destruction.,8: destroy as many monsters your opponent controls as possible,
95026693,Soul of Fire,1,6a,false,false,false,6a: Burn without changing the field.,6a: Inflict damage to your opponent equal to half the ATK of the removed monster,
92924317,Soul Resurrection,1,7b,false,false,false,7b: Special Summons a monster from the GY.,7b: targeting 1 Normal Monster in your Graveyard; Special Summon it,
12061457,Soul Scissors,1,7b,false,false,false,7b: Special Summons itself from the GY.,7b: You can Special Summon this card,
23020408,Soul Servant,1,5,false,false,false,5: Draws cards.,5: draw cards equal to the number,
88197162,Soul Transition,1,5,false,false,false,5: Draws cards.,5: draw 2 cards,
44335251,Souleating Oviraptor,1,7b,false,false,false,7b: Special Summons from the GY.,7b: Special Summon 1 Dinosaur-Type monster from your Graveyard,
24514503,Soulicer Crystal,1,9a 10,false,false,false,9a: Indestructible by card effects. | 10: Negates a monster's effects.,9a: Cannot be destroyed by card effects. | 10: negate its effects,
92092092,Space Dragster,1,9a 9b,false,false,false,9a: Grants effect-destruction protection to Tuners. | 9b: Grants battle indestructibility to Tuners.,9a: cannot be destroyed by battle or your opponent's card effects | 9b: cannot be destroyed by battle,
1539051,Space Gift,1,5,false,false,false,5: Draws cards.,5: Draw 1 card for each,
39041729,Spacetime Transcendence,1,7b,false,false,false,7b: Can Special Summon from the GY.,7b: Special Summon 1 Dinosaur monster from your hand or GY,
76103675,Sparks,1,6a,false,false,false,6a: Pure burn.,6a: Inflict 200 points of damage,
2729965,Spatial Trunade,1,8,false,false,false,8: Can bounce 2 opponent cards.,8: Return up to 2 cards on the field to the hand,
39984786,Spawn Alligator,1,7b,false,false,false,7b: Special Summons from the GY.,7b: Special Summon it from the Graveyard,
58551308,Spear Cretin,1,7b,false,false,false,7b: Special Summons monsters from the GY.,"7b: selects 1 monster from their Graveyard, and Special Summons it",
42598242,Special Hurricane,1,8,false,false,false,8: Mass destruction.,8: Destroy all Special Summoned monsters on the field,
97520701,Special Schedule,1,7b,false,false,false,7b: Special Summons a monster from the GY.,7b: Target 1 Machine monster in your GY with 3000 or more ATK; Special Summon that target,
58201062,"Spectral, Dragon Ruler of Flickers",1,7b,false,false,false,7b: Special Summons a monster from the GY.,"7b: ""Chasma, Dragon Ruler of Auroras"" in your GY; Special Summon it",
86174055,Speed Bird,1,7b,false,false,false,7b: Special Summons from the GY.,7b: target 2 Level 2 monsters in your Graveyard; Special Summon them,
88204302,Speed Recovery,1,7b,false,false,false,7b: Special Summons a monster from the GY.,7b: monster in your Graveyard; Special Summon it,
9365703,Speed Warrior,1,6b,false,false,false,6b: Doubles its own ATK.,6b: make its ATK become double its original ATK,
12950294,Speedburst Dragon,1,6a,false,false,false,6a: Reflects damage (ruling 22).,6a: inflict damage to your opponent equal to the damage you took,
59640711,Speedroid Den-Den Daiko Duke,1,7b,false,false,false,7b: Can revive from the GY.,"7b: Special Summon 1 ""Speedroid"" Tuner monster from your hand or Graveyard",
53054833,Speedroid Double Yoyo,1,7b,false,false,false,7b: Special Summons a monster from the GY.,"7b: ""Speedroid"" monster in your Graveyard; Special Summon it",
58543073,Speedroid Dupligate,1,7b,false,false,false,7b: Special Summons itself from the GY.,7b: Special Summon this card as a Normal Monster,
27660735,Speedroid Tri-Eyed Dice,1,10,false,false,false,10: Negates an attack.,10: negate the next attack,
84636823,Spell Canceller,1,3.2 10,false,false,false,3.2: Activation lock on an attackable monster. | 10: Continuous negation.,"3.2: Spell Cards, and their effects on the field, cannot be activated | 10: Negate all Spell effects on the field",
28958464,"Spell Card ""Monster Reborn""",1,7b,false,false,false,7b: Revives a monster from a GY.,7b: Target 1 monster in either GY; Special Summon it,
15735108,"Spell Card ""Soul Exchange""",1,8,false,false,false,8: Can Tribute several opponent monsters (ruling 28).,8: you can Tribute monsters your opponent controls even though you do not control them,
76714458,Spell of Pain,1,6a,false,false,false,6a: Redirects damage (ruling 22).,"6a: Your opponent takes the effect damage from that card or effect, instead.",
39123673,Spell Power Attainment,1,8 10,false,false,false,10: Negates effects. | 8: Can destroy several opponent cards.,"10: negate the effects of that many face-up cards your opponent controls | 8: and if you do that, destroy them",
1669772,Spell Purification,1,8,false,false,false,8: Can destroy multiple opponent cards.,8: Destroy all face-up Continuous Spell Cards,
93260132,Spell Shattering Arrow,1,8,false,false,false,8: destroys multiple opponent Spells,8: Destroy as many face-up Spells your opponent controls as possible,"Damage is a byproduct of destruction, so no 6a."
77456448,Spell Shattering Sword,1,8 10,false,false,false,8: Destroys multiple opponent Spells. | 10: Negates monster effects.,8: Destroy all face-up Spells your opponent controls | 10: negate its effects,
38275183,Spell Shield Type-8,1,10,false,false,false,10: Negates Spell activations.,10: negate the activation,
29735721,Spell Vanishing,1,10,false,false,false,10: Negates Spell activation.,10: Negate the activation of a Spell Card,
10069180,Spell-Stopping Statute,1,10,false,false,false,10: Negates a Spell activation.,10: Negate the activation,
23314220,Spellbook of Knowledge,1,5,false,false,false,5: Draws cards.,5: draw 2 cards,
52628687,Spellbook of Life,1,7b,false,false,false,7b: Revives from GY.,7b: Special Summon that target in face-up Attack Position,
88616795,Spellbook of Wisdom,1,9a,false,false,false,9a: Grants unaffected status.,9a: unaffected by Trap effects this turn,
46148485,Sphinx of the Cycle,1,7b,false,false,false,7b: Revives itself from the GY.,7b: Special Summon this card from your GY,
56051648,Spider Egg,1,10,false,false,false,10: Negates an attack.,10: Negate the attack,
56461575,Spiral Reborn,1,7b 9a,false,false,false,7b: Revives from the GY. | 9a: Grants targeting and destruction protection.,7b: Target 1 Level 7 or lower Dragon monster in your GY; Special Summon it | 9a: your opponent cannot target it with card effects,
49328340,Spiral Spear Strike,1,5,false,false,false,5: Draws cards.,"5: Draw 2 cards, then discard 1 card",
50418970,Spirit Burner,1,6a,false,false,false,"6a: Damage triggered by a bounce, not destruction/summon/battle.",6a: inflict 600 damage to your opponent,
48659020,Spirit Caller,1,7b,false,false,false,7b: Revives a monster from the GY.,7b: Special Summon 1 Level 3 or lower Normal Monster from your Graveyard,
25343280,Spirit of the Pharaoh,1,7b,false,false,false,7b: Special Summons monsters from the GY.,7b: Special Summon up to 4 Level 2 or lower Zombie-Type Normal Monsters from your Graveyard,
4896788,Spirit of the Pot of Greed,1,5,false,false,false,"5: Grants an extra draw, including to its controller.",5: they can draw 1 more card,
65685470,Spirit of the Six Samurai,1,5 9a 9b,false,false,false,5: Draws a card. | 9a: Destruction substitute. | 9b: Destruction substitute in battle.,"5: Draw 1 card | 9a: If the equipped monster would be destroyed, destroy this card instead | 9b: If the equipped monster would be destroyed, destroy this card instead",
90829280,Spirit of Yubel,1,7b 9b,false,false,false,9b: Battle destruction immunity. | 7b: Can Special Summon from banishment or GY.,"9b: Cannot be destroyed by battle | 7b: Special Summon 1 of your ""Yubel"" that is banished or in your hand, Deck, or GY",
45538320,Spiritual Art Familiars,1,7b,false,false,false,7b: Can Special Summon a monster from the GY.,7b: Special Summon 1 Spellcaster monster with 1500 DEF from your Deck or GY,
23623653,Spiritual Beast Tamer Lara,1,9a 9b,false,false,false,9a: Destruction substitute against card effects. | 9b: Destruction substitute against battle.,"9a: would be destroyed by battle or card effect, you can banish this card from your field or GY instead | 9b: would be destroyed by battle or card effect, you can banish this card from your field or GY instead",
65193366,Spiritual Beast Tamer Winda,1,7c,false,false,false,7c: Brings an Extra Deck monster out without materials.,"7c: from your Deck or Extra Deck, ignoring its Summoning conditions",
70156997,Spiritual Earth Art - Kurogane,1,7b,false,false,false,7b: Special Summons from the GY.,7b: Special Summon 1 Level 4 or lower EARTH monster from your Graveyard,
42945701,Spiritual Fire Art - Kurenai,1,6a,false,false,false,6a: Burn with a Tribute cost.,6a: inflict damage to your opponent equal to that monster's original ATK,
5037726,Spiritual Light Art - Hijiri,1,7b,false,false,false,7b: Summons a banished monster.,7b: you Special Summon that monster,
101403077,Splendor of the Winter Raven Witch,1,7b 10,false,false,false,7b: Can Special Summon from the GY. | 10: Negates a card's effects.,"7b: Special Summon 1 ""Winter Raven"" monster from your hand or GY | 10: negate its effects until the end of this turn",Fusion material from Extra Deck is not Deck material (7d).
42952160,Split Mirror of the Underworld,1,6a 7b,false,false,false,7b: Special Summons from the GY. | 6a: Inflicts effect damage without changing the field.,7b: Special Summon 1 monster from your GY | 6a: Inflict double the damage you took to your opponent,
2625939,Spool Code,1,10,false,false,false,10: Negates an attack.,10: Negate the attack,
11747708,Spore,1,7b,false,false,false,7b: Special Summons itself from the GY.,7b: Special Summon this card from your Graveyard,
10584050,Springans Blast!,1,10,false,false,false,10: Negates monster effects.,10: its effects are negated,
94096018,SPYGAL Misty,1,5,false,false,false,5: Draws a card.,5: draw 1 card if it is a card of that type,
30979619,SPYRAL GEAR - Big Red,1,7b 9b,false,true,false,7b: Revives a monster from the GY. | 9b: Equipped monster indestructible by battle.,"7b: target 1 ""SPYRAL"" monster in your Graveyard; Special Summon it | 9b: It cannot be destroyed by battle.",
73828446,SPYRAL GEAR - Fully Armed,1,7b,true,false,false,7b: Revives SPYRAL Super Agent from the GY.,7b: Special Summon it,"Banishes the destroyed monster plus 1 card on field; only 1 field card, not counted as rule 8."
37433748,SPYRAL GEAR - Last Resort,1,9a 9b,false,false,false,9a: Grants effect and targeting protection. | 9b: Grants battle protection.,"9a: cannot be destroyed by battle or card effects, also your opponent cannot target it with card effects | 9b: cannot be destroyed by battle",
27642961,SPYRAL MISSION - Assault,1,5,false,false,false,5: Draws cards.,5: You can draw 1 card,
39373426,SPYRAL MISSION - Recapture,1,7a 9a 9b,false,false,false,7a: Takes control of an opponent's monster. | 9a: Destruction substitute vs card effects. | 9b: Destruction substitute vs battle.,7a: take control of it until the End Phase | 9a: you can banish this card from your Graveyard instead of destroying | 9b: you can banish this card from your Graveyard instead of destroying,
9212051,SPYRAL MISSION - Rescue,1,7b,false,false,false,7b: Special Summons a monster from the GY.,"7b: target 1 ""SPYRAL"" monster in your GY; Special Summon it",
78080961,SPYRAL Quik-Fix,1,7b,false,false,false,7b: Special Summons itself from the GY.,7b: You can discard 1 card; Special Summon this card,
54631665,SPYRAL Resort,1,9a,false,false,false,9a: Grants untargetability to other SPYRAL cards.,"9a: Your opponent cannot target other ""SPYRAL"" cards you control with card effects",
35699,SPYRAL Sleeper,1,7b 8,false,false,false,8: Can destroy 2 opponent cards. | 7b: Can Special Summon a monster from the GY.,"8: up to 2 cards your opponent controls; destroy them | 7b: Special Summon 1 ""SPYRAL Super Agent"" from your hand, Deck, or Graveyard",
38783169,Squeaknight,1,9a 9b,false,false,false,9a: effect destruction substitute | 9b: battle destruction substitute,"9a: If the equipped monster would be destroyed by battle or card effect, destroy this card instead | 9b: If the equipped monster would be destroyed by battle or card effect, destroy this card instead",
54458867,Squib Draw,1,5,false,false,false,5: Draws cards.,5: draw 2 cards,
42232157,Stage of Destiny,1,7b,false,false,false,7b: Special Summons from the GY.,7b: from your hand and/or GY,
16598965,Stained Glass of Light & Dark,1,5,false,false,false,5: Draws cards.,5: You can draw 3 cards,
86060749,Stall Turn,1,10,false,false,false,10: Negates activations.,10: negate the activation,
49154689,Stand In,1,7b,false,false,false,7b: Summons from opponent's GY.,7b: Special Summon it to your field,
65384188,Stand-Off,1,9a 9b 10,false,false,false,10: Negates monster effects. | 9a: Grants unaffected status. | 9b: Grants battle immunity.,10: negate their effects | 9a: are unaffected by other card effects | 9b: they cannot be destroyed by battle,
61257789,Stardust Dragon/Assault Mode,1,7b 10,false,false,false,10: negates an activation | 7b: special summons itself from the GY,10: negate the activation | 7b: You can Special Summon this card from your GY,
27196937,Stardust Flash,1,7b,false,false,false,7b: Special Summons a monster from the GY.,"7b: Target 1 ""Stardust"" monster in your Graveyard; Special Summon it",
20590784,Stardust Re-Spark,1,5 7b 7c 10,false,false,false,10: Negates an attack. | 5: Draws a card. | 7b: Can revive from the GY. | 7c: Extra Deck monster without materials.,"10: Negate the attack | 5: draw 1 card | 7b: Special Summon 1 ""Stardust"" monster from your Extra Deck or Graveyard | 7c: Special Summon 1 ""Stardust"" monster from your Extra Deck",
58120309,Starlight Road,1,7c 10,false,false,false,10: Negates an effect. | 7c: Summons from the Extra Deck without materials.,"10: Negate the effect | 7c: Special Summon 1 ""Stardust Dragon"" from your Extra Deck",
58374502,Starry Knight Blast,1,10,false,false,false,10: Negates an effect.,10: negate that effect,
44818,Starry Knight Orbitael,1,7b,false,false,false,7b: Special Summons itself from the GY.,7b: while this card is in your GY (except during the Damage Step): You can Special Summon this card,
23220533,Starry Knight Rayel,1,7b,false,false,false,7b: Special Summons a monster from the GY.,"7b: target 1 ""Starry Knight"" monster in your GY, except ""Starry Knight Rayel""; Special Summon it",
58406094,Starry Knight Sky,1,5,false,false,false,5: Draws a card.,5: You can draw 1 card,
90835938,"Starry Night, Starry Dragon",1,7b 9a 9b,false,false,false,9a: Partial effect protection. | 9b: Partial battle protection. | 7b: Temporary banish returns (ruling 27).,9a: or by a DARK monster's effects | 9b: Cannot be destroyed by battle with a DARK monster | 7b: banish that opponent's monster until the End Phase,
27118421,"Starving Venom Fusion Dragon, Four Heavenly Dragons",1,10,false,false,false,10: Negates a monster's effects.,10: negate its effects,"Uses opponent's monsters as material, but rule 8 does not apply to Extra Deck monsters."
39915560,Starving Venom Predapower Fusion Dragon,1,7b 10,false,false,false,10: Negates an activation. | 7b: Special Summons from the GY.,10: negate the activation | 7b: target 1 DARK monster in your GY; Special Summon it,
23626223,Statue of Anguish Pattern,1,9a,false,false,false,9a: Untargetable while condition holds.,9a: cannot be targeted by an opponent's card effects,
49964567,Staysailor Romarin,1,9a 9b,false,false,false,9a: One-time protection from card effect destruction. | 9b: One-time protection from battle destruction.,"9a: it is not destroyed | 9b: would be destroyed by battle or card effect this turn, it is not destroyed",
84488827,Steelswarm Caucastag,1,8,false,false,false,8: Destroys all monsters or all Spells/Traps.,"8: Destroy all monsters on the field, except this card.",
94092230,Steelswarm Hercules,1,8,false,false,false,8: Destroys all other cards on the field.,8: destroy all other cards on the field,
85505315,Steelswarm Mantis,1,7b,false,false,false,7b: Special Summons a monster from the GY.,7b: monster in your Graveyard; Special Summon that target,
22009013,Steelswarm Moth,1,8,false,false,false,8: Bounces up to 2 cards.,8: target up to 2 cards your opponent controls; return those targets to the hand,
99733359,Stegocyber,1,7b,false,false,false,7b: Special Summons itself from the GY.,7b: while this card is in your Graveyard: You can pay 1000 LP; Special Summon this card,
81810441,Stellarknight Alpha,1,9a,false,false,false,9a: Grants unaffected status.,9a: it is unaffected by your opponent's card effects,
41510920,Stellarnova Alpha,1,5 10,false,false,false,10: Negates an activation. | 5: Draws a card.,10: negate the activation | 5: then draw 1 card,
68167124,Stinging Swordsman,1,8,false,false,false,8: Bounces multiple opponent cards.,8: Return all face-up cards in your opponent's Spell & Trap Card Zones to the hand,
31812496,Stone Statue of the Aztecs,1,6b,false,false,false,6b: Doubles battle damage.,6b: Double any Battle Damage,
70786111,Stonehenge,1,7b,false,false,false,7b: Special Summons a monster from the GY.,7b: Target 1 monster with 0 ATK in your GY; Special Summon it,
13210191,Storm,1,8,false,false,false,8: Destroys multiple opponent cards.,8: destroy as many Spell/Trap Cards your opponent controls as possible,
89571015,Storm Cipher,1,9a 9b,false,false,false,9a: Partial unaffected status. | 9b: Partial battle protection.,9a: Unaffected by monster effects activated in the Extra Monster Zone | 9b: Cannot be destroyed by battle with monsters in the Extra Monster Zone,
83195035,Storm Dragon's Return,1,7b,false,false,false,7b: Special Summons a banished monster.,7b: Target 1 banished monster; Special Summon it to your field,
5650082,Storming Mirror Force,1,8,false,false,false,8: Returns multiple opponent monsters to the hand.,8: Return all your opponent's Attack Position monsters to the hand,
25173686,Straight Flush,1,8,false,false,false,8: Destroys all opponent's Spell/Trap cards.,8: Destroy all cards in your opponent's Spell & Trap Card Zones,
50032342,Strategist of the Ice Barrier,1,5,false,false,false,5: Draws a card.,5: draw 1 card,
41006930,Strike Ninja,1,7b,false,false,false,7b: Flicker returns itself from banishment.,7b: banish this face-up card until the End Phase,
5795980,Strike of the Monarchs,1,5 10,false,false,false,10: Negates a card's effects. | 5: Draws a card.,10: negate its effects | 5: then draw 1 card,
74715061,Striping Partner,1,7b,false,false,false,7b: Revives from the GY.,7b: target 1 Level 4 or lower Cyberse monster in your GY; Special Summon it,
54485355,Sublimation Knight,1,7b,false,false,false,7b: Revives monsters from the GY.,7b: Special Summon as many of those Gemini monsters from your GY as possible,
28369508,Subterror Behemoth Burrowing,1,9a,false,false,false,9a: Grants effect-destruction and targeting protection.,"9a: cannot be destroyed by card effects, and your opponent cannot target them",
95218695,Subterror Behemoth Dragossuary,1,9a,false,false,false,9a: Grants effect indestructibility.,9a: cannot be destroyed by your opponent's card effects,
78202553,Subterror Behemoth Stalagmo,1,5,false,false,false,5: Draws cards.,5: draw 2 cards,
65976795,Subterror Behemoth Stygokraken,1,8,false,false,false,8: Can destroy multiple Set cards.,"8: target Set cards on the field, equal to the number of",
21607304,Subterror Behemoth Voltelluric,1,7a,false,false,false,7a: Takes control of an opponent's monster.,7a: take control of it until your next End Phase,
68823957,Subterror Nemesis Defender,1,9a 9b,false,false,false,9a: Effect-destruction protection. | 9b: Battle-destruction protection.,9a: this card cannot be destroyed by battle or card effects | 9b: this card cannot be destroyed by battle or card effects,
16719140,Subterror Nemesis Warrior,1,7b,false,false,false,7b: Special Summons itself from the GY.,7b: You can Special Summon this card,
81756619,Succumbing-Song Morganite,1,6b,false,false,false,6b: Doubles battle damage.,6b: any battle damage it inflicts to your opponent is doubled,
55375684,Summon Cloud,1,7b,false,false,false,7b: Special Summons from a GY.,7b: from either player's Graveyard,
41139112,Summon Dice,1,7b,false,false,false,7b: Can revive from GY.,7b: Special Summon 1 monster from your GY,
48015771,Summon Over,1,8,false,false,false,8: Sends all opponent Special Summoned monsters to the GY.,8: send all Special Summoned monsters their opponent controls to the GY,
89493368,Summon Reactor SK,1,3.2 10,false,false,false,3.2: Monster punishing summons (ruling 4). | 10: Negates an attack.,"3.2: The first time a monster(s) is Summoned to your opponent's side of the field each turn, inflict 800 damage to your opponent. | 10: negate the attack of 1 monster your opponent controls",
42719764,Summon Shock,1,8,false,false,false,8: Sends all monsters on the field to the GY.,8: send all monsters on the field to the GY,
14644902,Summoner of Illusions,1,7c,false,false,false,7c: Brings a Fusion Monster out without its listed materials.,7c: Special Summon 1 Fusion Monster from your Extra Deck,
22734799,Summoner of the Sacred Beasts,1,7b,false,false,false,7b: Revives from the GY.,"7b: Special Summon 1 ""Sacred Beast"" monster from your GY",
52838896,Summoning Swarm,1,7b,false,false,false,7b: Special Summons monsters from the GY.,"7b: monsters in your GY, up to the number of monsters your opponent controls; Special Summon them",
101403072,Sun God Domination,1,7a 7b,false,false,false,7b: Revives from GYs. | 7a: Takes control of opponent's monsters.,7b: Special Summon 1 monster from each GY to your field | 7a: take control of all monsters your opponent controls,
78360952,Sunlit Sentinel,1,7b 8,false,false,false,8: Can destroy multiple cards in a column. | 7b: Summons itself from the GY.,8: destroy all cards your opponent controls in this card's column | 7b: You can Special Summon this card,
42510430,Sunset Beat,1,6a,false,false,false,6a: Damage triggered by a flip is primary.,6a: inflict damage to your opponent equal to its Level x 200,
78552773,Supay,1,6b,false,false,false,6b: Doubles ATK (ruling 23).,6b: double its ATK,
77754169,"Super Armored Robot Armed Black Iron ""C""",1,8,false,false,false,8: Can destroy multiple opponent monsters.,8: destroy all monsters your opponent controls with ATK greater than or equal to,
85520851,Super Conductor Tyranno,1,6a,false,false,false,6a: Damage paid for by a Tribute cost.,6a: inflict 1000 damage to your opponent,
100459015,Super Critical,1,7b 8 10,false,false,false,8: Destroys up to 3 opponent monsters. | 10: Negates monster effects. | 7b: Special Summons from the GY.,8: They destroy up to 3 monsters their opponent controls | 10: they negate the effects of 1 monster | 7b: They Special Summon 1 monster from their GY,
44886582,Super Duper Polymerization,1,7c,false,false,false,7c: Summons from the Extra Deck without material.,7c: Special Summon 1 monster from your Extra Deck,
11050415,Super Hippo Carnival,1,7b,false,false,false,7b: Can summon from the GY.,"7b: Special Summon 1 ""Performapal Hip Hippo"" from your hand, Deck, or Graveyard",
29590905,Super Junior Confrontation,1,10,false,false,false,10: Negates a battle.,10: Negate the battle,
48130397,Super Polymerization,1,8,false,false,false,8: Can use several opponent monsters as material.,8: using monsters from either field as Fusion Material,
72332074,Super Quantal Alphan Spike,1,8,false,false,false,8: Returns all opponent's cards to the Deck.,8: Shuffle as many cards your opponent controls as possible into the Deck,
85374678,Super Quantum Green Layer,1,5,false,false,false,5: Draws a card.,5: draw 1 card,
59975920,Super Quantum Red Layer,1,7b,false,false,false,7b: Special Summons a monster from the GY.,"7b: monster in your GY, except",
27770341,Super Rejuvenation,1,5,false,false,false,5: Draws cards.,5: draw a number of cards equal to,
799183,Super Soldier Shield,1,10,false,false,false,10: Negates an activation.,10: Negate the activation,
8608979,Super Team Buddy Force Unite!,1,7b,false,false,false,7b: Can revive from the GY.,7b: Special Summon 1 monster from your hand or GY,
3897065,Super Vehicroid - Stealth Union,1,7a,false,false,false,7a: Can equip an opponent's monster.,7a: target 1 face-up non-Machine monster on the field; equip that target to this card,
20529766,Super-Electromagnetic Voltech Dragon,1,10,false,false,false,10: Negates Spell/Trap effects.,10: Negate the effect of a Spell or Trap Card that targets this 1 card,
97705809,Supercharge,1,5,false,false,false,5: Draws 2 cards.,5: Draw 2 cards.,
87535691,Superheavy Samurai Drum,1,7b,false,false,false,7b: Special Summons a monster from the GY.,"7b: in your Graveyard, except ""Superheavy Samurai Drum""; Special Summon it",
27978707,Superheavy Samurai Flutist,1,10,false,false,false,10: Negates an activation.,10: negate the activation,
44891812,Superheavy Samurai Helper,1,7b,false,false,false,7b: Special Summons a monster from the GY.,7b: monster in your GY; Special Summon it,Hand effect works only during damage calculation (battle exception).
15495787,Superheavy Samurai Prepped Defense,1,9a 9b,false,false,false,9a: Effect-destruction immunity. | 9b: Battle-destruction immunity.,9a: it cannot be destroyed by battle or card effects this turn | 9b: it cannot be destroyed by battle or card effects this turn,
78391364,Superheavy Samurai Scales,1,7b,false,false,false,7b: Special Summons a monster from the GY.,7b: Special Summon it in Defense Position,
3064425,Superheavy Samurai Soulbang Cannon,1,8 10,false,false,false,10: Negates an activation. | 8: Destroys all monsters.,10: negate the activation | 8: destroy as many monsters on the field as possible,
27756115,Superheavy Samurai Soulbeads,1,7b 9a,false,false,false,9a: Grants once-per-turn protection from destruction by card effects. | 7b: Special Summons a monster that was just sent to the GY.,"9a: would be destroyed by a card effect, it is not destroyed | 7b: Special Summon that monster in Attack Position",
77679716,Superheavy Samurai Soulbreaker Armor,1,6a 9b,false,false,false,9b: Grants battle indestructibility to the equipped monster. | 6a: Deals damage without changing the board beyond banishing own GY cards as cost.,9b: it cannot be destroyed by battle | 6a: inflict damage to your opponent equal to the difference between its current and original DEF,
4786063,Superheavy Samurai Soulfire Suit,1,9a 9b,false,false,false,9a: Grants effect-destruction immunity; discards itself. | 9b: Grants battle-destruction immunity.,9a: cannot be destroyed by battle or by card effects | 9b: cannot be destroyed by battle or by card effects,
31181711,Superheavy Samurai Soulshield Wall,1,10,false,false,false,10: Negates an attack.,10: negate that attack,
41141943,Superheavy Samurai Transporter,1,5,false,false,false,5: Draws cards.,5: then draw cards equal to the number of monsters Special Summoned by this effect,
64373401,Superheavy Samurai Trumpeter,1,7b,false,false,false,7b: Special Summons itself from the GY.,"7b: sent to the Graveyard, and you have no Spell/Trap Cards in your Graveyard: You can Special Summon this card",
53363708,Supermagic Sword of Raptinus,1,9a 9b,false,false,false,9a: Untargetable. | 9b: Battle protection.,9a: Your opponent cannot target the equipped monster with card effects | 9b: The equipped monster cannot be destroyed by battle,
16165939,Supernatural Danger Zone,1,7b,false,false,false,7b: Can summon from GY.,"7b: Special Summon 1 non-Effect Monster from your hand, Deck, or GY",
93918159,Supersoaring,1,7b,false,false,false,7b: Special Summons a monster from the GY or banishment.,7b: banished or in either GY; Special Summon it to your field,
63804806,Supersonic Skull Flame,1,6a 7b,false,false,false,6a: Burn as primary function. | 7b: Special Summons from the GY.,"6a: inflict 400 damage to your opponent for each | 7b: Special Summon 1 ""Skull Flame"" from your Graveyard",
95750695,Supervise,1,7b,false,false,false,7b: Special Summons from the GY.,7b: Target 1 Normal Monster in your GY; Special Summon it,
17626381,Supply Squad,1,5,false,false,false,5: Draws a card.,5: Draw 1 card,
31042659,Supreme Sovereign Serpent of Golgonda,1,7b,false,false,false,7b: Can Special Summon itself from the GY.,"7b: While this card is in your hand or GY, if you control a face-up card in your Field Zone: You can Special Summon this card",
33057951,Surface,1,7b,false,false,false,7b: Special Summons a monster from the GY.,7b: Aqua monster in your GY; Special Summon it,
44612603,Survival's End,1,8,false,false,false,8: Can destroy several opponent monsters.,8: Destroy as many Normal Monsters on the field as possible,
62173132,Susurrus of the Sinful Spoils,1,7b,false,false,false,7b: Special Summons from GY or banishment.,7b: Special Summon 1 Illusion or Spellcaster monster from your GY or banishment,
70083592,Suture Rebirth,1,7b,false,false,false,7b: Special Summons from the GY.,7b: monster in your Graveyard; Special Summon it,
10651797,Swallow Flip,1,10,false,false,false,10: Negates an activation.,10: Negate the activation,
81896370,Swift Birdman Joe,1,8,false,false,false,8: Bounces all Spells/Traps.,8: return all Spell and Trap Cards on the field to the owners' hands,
18964575,Swift Scarecrow,1,10,false,false,false,10: Negates an attack.,10: negate the attack,"Handtrap works only in the Battle Phase, so the rule 4 exception applies."
96765646,Swing of Memories,1,7b,false,false,false,7b: Special Summons a monster from the GY.,7b: Target 1 Normal Monster in your GY; Special Summon it,
30426226,Switcheroroo,1,7a,false,false,false,7a: Takes control of opponent monsters.,7a: switch control of all those monsters,
91650245,Sylvan Blessing,1,7b 9a,false,false,false,7b: Can Special Summon from the Graveyard. | 9a: Grants unaffected status.,"7b: Special Summon 1 ""Sylvan"" monster from your hand or Graveyard | 9a: It is unaffected by other card effects this turn",
82016179,Sylvan Charity,1,5,false,false,false,5: Draw card.,5: Draw 3 cards,
25824484,Sylvan Hermitree,1,5,false,false,false,5: Draws a card.,5: draw 1 card,
63257623,Sylvan Peaskeeper,1,7b,false,false,false,7b: Special Summons a monster from the GY.,7b: Plant-Type monster in your Graveyard; Special Summon that target,
20579538,Sylvan Princessprout,1,7b,false,false,false,7b: Special Summons itself from the GY.,7b: Special Summon this card from the Graveyard,
45305419,Symbol of Heritage,1,7b,false,false,false,7b: Special Summons from the GY.,"7b: Select 1 of those monsters, Special Summon it",
78794994,Symbols of Duty,1,7b,false,false,false,7b: Special Summons a monster from a GY.,7b: target 1 monster in either player's Graveyard; Special Summon it,
75304793,Symph Amplifire,1,6a 8,false,false,false,8: Can banish multiple opponent cards. | 6a: Deals damage without changing the board.,"8: Banish cards your opponent controls | 6a: Inflict 300 damage to your opponent for each ""Symphonic Warrior"" card on the field",
49919798,Symphonic Warrior Synthess,1,7b,false,false,false,7b: Special Summons a banished monster.,"7b: target 1 of your banished ""Symphonic Warrior"" monsters, except ""Symphonic Warrior Synthess""; Special Summon it",
36643046,Synchron Explorer,1,7b,false,false,false,7b: Special Summons a monster from the GY.,"7b: target 1 ""Synchron"" monster in your Graveyard; Special Summon that target",
18895832,System Down,1,8,false,false,false,8: Banishes several opponent monsters.,8: banish all Machine-Type monsters your opponent controls,
47027714,T.G. Halberd Cannon/Assault Mode,1,7b 8 10,false,false,false,10: Negates a Summon. | 8: Banishes multiple opponent monsters. | 7b: Revives from the GY.,"10: negate the Summon | 8: banish that monster and all Special Summoned monsters your opponent controls | 7b: target 1 ""T.G. Halberd Cannon"" in your GY; Special Summon it",
77392987,T.G. Rocket Salamander,1,7b,false,false,false,7b: Revives from the GY.,"7b: target 1 Level 4 or lower ""T.G."" monster in your GY; Special Summon it",
11234702,T.G. Screw Serpent,1,7b,false,false,false,7b: Revives from GY.,"7b: target 1 Level 4 or lower ""T.G."" monster in your GY, except ""T.G. Screw Serpent""; Special Summon that monster",
89789152,Tachyon Spiral Galaxy,1,9a 9b,false,false,false,9a: Grants unaffected status. | 9b: Grants battle indestructibility.,9a: it is unaffected by other card effects | 9b: it cannot be destroyed by battle,
8038143,Tachyon Transmigration,1,8 10,false,false,false,10: Negates activations. | 8: Can shuffle multiple opponent cards into the Deck.,10: Negate the activations | 8: shuffle the negated cards on the field into the Deck,
58421530,Tactical Exchanger,1,7b,false,false,false,7b: Can Special Summon from the GY.,7b: from your Deck or GY,
83682725,Tail Swipe,1,8,false,false,false,8: Returns up to 2 opponent monsters to the hand.,8: choose up to 2 monsters your opponent controls,
82119326,Tails of the Fairy Tails,1,8,true,false,false,8: Can use several opponent monsters as material (ruling 28).,"8: ""Prince of Fairies"" your opponent controls as material",Depends on opponent controlling multiple Prince of Fairies.
1187243,Tailwind of Gusto,1,9a,false,false,false,9a: Grants effect-destruction protection.,9a: cannot be destroyed by your opponent's card effects,
80190753,"Talaya, Princess of Cherry Blossoms",1,9a,false,false,false,9a: Grants effect-destruction protection.,9a: Other Plant monsters on the field cannot be destroyed by card effects.,
71983925,Talisman of Spell Sealing,1,3.2 10,false,false,false,3.2: Spell lock that ends when the named monster leaves. | 10: Negates Spell effects.,3.2: Spell Cards cannot be activated | 10: the effects of face-up Spell Cards on the field are negated,
19312169,Talisman of Trap Sealing,1,3.2 10,false,false,false,3.2: Trap lock that ends when Sealmaster Meisei leaves the field. | 10: Continuous negation of Traps.,3.2: Trap Cards cannot be activated | 10: the effects of face-up Trap Cards on the field are negated,
79757784,Tamtam the Melodious Diva,1,6a,true,false,false,"6a: Damage triggered by being material, not destruction/summon/battle.",6a: inflict 500 damage to your opponent,Trigger is a Fusion Summon context; could be byproduct.
45016904,Tao Tao the Chanter,1,7b 9b,false,false,false,9b: Battle protection. | 7b: Special Summons from the GY.,9b: neither can be destroyed by that battle | 7b: from your hand or GY,
86039057,Tasuke Knight,1,7b,false,false,false,7b: Special Summons itself from the GY.,7b: Special Summon this card from your Graveyard,
18444902,Tatakawa Knight,1,6a,false,false,false,6a: Damage triggered by a negation is primary.,6a: inflict 1500 damage to your opponent,
73490148,Tauzenet Wadjet,1,7b 8 9a,false,false,false,9a: Self-protection while equipped. | 8: Returns up to 3 opponent cards. | 7b: Revives from the GY.,9a: cannot be destroyed by card effects | 8: target that many cards your opponent controls; return them to the hand | 7b: Special Summon 1 Normal Monster from your GY,
1329620,Tearlaments Cryme,1,10,false,false,false,10: Negates an activation.,10: Negate the activation,
33878367,Tearlaments Grief,1,7b,false,false,false,7b: Can Special Summon a monster from the GY.,7b: from your Deck or GY,
60362066,Tearlaments Heartbeat,1,8,false,false,false,8: Can shuffle 2 Spells/Traps away.,"8: you can target 2 if you control ""Visas Starfrost""",
28226490,Tearlaments Kaleido-Heart,1,7b,false,false,false,7b: Special Summons itself from the GY.,7b: You can Special Summon this card,
92731385,Tearlaments Kitkallos,1,7b,false,false,false,7b: Special Summons from the GY.,7b: from your hand or GY,
73956664,Tearlaments Reinoheart,1,7b,false,false,false,7b: Special Summons itself after being sent to the GY.,7b: You can Special Summon this card (but banish it when it leaves the field),
84330567,Tearlaments Rulkallos,1,7b 9b 10,false,false,false,9b: Grants battle protection. | 10: Negates an activation. | 7b: Special Summons itself from the GY.,9b: Other Aqua monsters you control cannot be destroyed by battle | 10: negate the activation | 7b: If this Fusion Summoned card is sent to the GY by a card effect: You can Special Summon this card,
74920585,Tearlaments Sulliek,1,10,false,false,false,10: Negates a monster's effects.,10: negate its effects,
28741524,Telekinetic Power Well,1,7b,false,false,false,7b: Special Summons monsters from the GY.,7b: Special Summon any number of Level 2 or lower Psychic-Type monsters from your Graveyard,
36494597,Teleport Fusion,1,7b,false,false,false,7b: Special Summons from banishment.,7b: target 1 of your banished Psychic monsters; Special Summon it,
65236257,Tellarknight Genesis,1,8,false,false,false,8: Can destroy multiple cards.,8: Destroy Spell/Trap Cards on the field equal to the number,
4026187,Teller of Fairy Tails,1,9b 10,false,false,false,9b: Grants battle protection. | 10: Negates an activation.,"9b: ""Fairy Tail"" monsters you control cannot be destroyed by battle | 10: negate the activation","Extra Deck monster, so rule 8 does not apply."
24431911,Tellusion the Magna Warrior,1,7a 7b,false,false,false,7a: Takes control of an opponent's monster. | 7b: Summons from banishment.,"7a: you can take control of it instead | 7b: Special Summon 2 of your banished ""Magnet Warrior Sigma"" monsters",
89399912,"Tempest, Dragon Ruler of Storms",1,7b,false,false,false,7b: Revives itself from GY.,7b: Special Summon this card from your hand or GY,
29762407,Temple of the Kings,1,7c,false,false,false,7c: Summons a Fusion Monster without its materials.,7c: or 1 Fusion Monster from your Extra Deck,
9597987,Tenchi Kaimei,1,7b,false,false,false,7b: Special Summons from the GY.,"7b: target any number of ""Ninja"" monsters with different names in your GY; Special Summon them",
41589166,Tenkabito Shien,1,9a,false,false,false,9a: Partial unaffected protection.,9a: This card is unaffected by the effects of Trap Cards.,
33837653,Tenma the Sky Star,1,10,false,false,false,"10: Negates an activation, once per turn.",10: negate the activation,
48468330,Terrifying Toddler of Torment,1,7b,false,false,false,7b: Special Summons itself after being sent to the GY.,7b: You can Special Summon this card in face-down Defense Position,
6589707,Terrors in the Hidden City,1,7b 9a,false,false,false,9a: Untargetability. | 7b: Revives from the GY.,9a: Your opponent cannot target face-down Defense Position monsters you control with card effects | 7b: target 1 monster in your GY; Special Summon it,
85698115,Terrors of the Afterroot,1,7b,false,false,false,7b: Revival onto the opponent's field.,7b: Special Summon it to your opponent's field,
74210057,Texchanger,1,7b 10,false,false,false,10: Negates an attack. | 7b: Can Special Summon from the GY.,"10: negate that attack | 7b: from your hand, Deck, or GY",
76641981,TG1-EM1,1,7a,false,false,false,7a: Takes control of an opponent's monster.,7a: switch control of both monsters,
3868277,TGX3-DX2,1,5,false,false,false,5: Draws cards.,5: then draw 2 cards,
50427388,That Wacky Magic!,1,8,false,false,false,8: Can destroy multiple opponent monsters.,8: destroy all face-up monsters your opponent controls,
5141117,The Abyss Dragon Swordsoul,1,7b 8,false,false,false,7b: Revives itself. | 8: Can banish 2 opponent field cards.,7b: You can Special Summon this card from the GY | 8: target 1 card in the Field Zone and 1 monster your opponent controls or in their GY; banish them,
99054885,The Agent of Destruction - Venus,1,7b,false,false,false,7b: Special Summons monsters from GY or banishment.,7b: that is banished or in your GY; Special Summon them,
91123920,The Agent of Force - Mars,1,9a,false,false,false,9a: Unaffected.,9a: This card is unaffected by any Spell Cards.,
91345518,The Agent of Judgment - Saturn,1,6a,false,false,false,6a: Inflicts effect damage without changing the field; tribute is cost.,6a: inflict damage to your opponent equal to the difference,
38529357,The Agent of Life - Neptune,1,7b,false,false,false,7b: Revives from the GY.,"7b: Special Summon 1 ""The Agent"" monster from your hand or GY",
38730226,The Agent of Wisdom - Mercury,1,5,false,false,false,5: draws a card,5: Draw 1 card,
14466224,The Atmosphere,1,7a,false,false,false,7a: Equips an opponent's monster (ruling 24).,7a: equip that target to this card,
73680966,The Beginning of the End,1,5,false,false,false,5: Draw card.,5: draw 3 cards,
82386016,The Big Cattle Drive,1,5,false,false,false,5: Draw card.,5: Draw 1 card for each,
15033525,The Blazing Mars,1,6a 7b,false,false,false,7b: Can revive itself from the GY. | 6a: Damage from sending own monsters as cost (ruling 19/20).,7b: While this card is in your hand or Graveyard: You can banish 3 other monsters from your Graveyard; Special Summon this card | 6a: inflict 500 damage to your opponent for each monster sent to the Graveyard,
458748,The Book of the Law,1,7c,false,false,false,7c: Summons a Fusion without its listed materials.,"7c: Special Summon 1 ""Invoked"" monster from your Extra Deck",
85182315,The Breaking Ruin God,1,6a 7b 9a,true,false,false,"7b: Revives from the GY. | 9a: Grants unaffected protection. | 6a: Damage from banishing GY cards, not destruction, a summon or a battle.","7b: Special Summon 1 ""Obelisk the Tormentor"" from your hand or GY | 9a: it is unaffected by your opponent's card effects this turn | 6a: inflict 500 damage to your opponent for each",The 6a call depends on reading banishing from the GY as not making the damage a byproduct.
45005708,The Bystial Aluber,1,7a 7b,false,false,false,7a: Takes control of an opponent's monster. | 7b: Special Summons from the GY.,7a: take control of that monster on the field until the End Phase | 7b: Special Summon that monster from the GY to your field,
32731036,The Bystial Lubellion,1,7b,false,false,false,7b: Can Special Summon itself from the GY.,7b: Must be Special Summoned (from your hand or GY),
90488465,The Chaos Creator,1,7b,false,false,false,7b: Special Summons from banishment.,7b: target 3 banished monsters with different names; Special Summon 1 of them,
46232525,The Claw of Hermos,1,7c,false,false,false,7c: Extra Deck summon without its listed materials.,7c: then Special Summon that Fusion Monster from your Extra Deck,
61505339,The Creator,1,7b,false,false,false,7b: Special Summons a monster from the GY.,"7b: target 1 monster in your Graveyard; send 1 card from your hand to the Graveyard, and if you do, Special Summon that target",
48386462,The Cuckoo Commanded to Croon,1,5,false,false,false,5: Draws a card.,5: then draw 1 card,
92719314,The Dark Creator,1,7b,false,false,false,7b: Revives a DARK monster from the GY once per turn.,7b: Special Summon that target,
50237654,The Dark Magicians,1,5 7b,false,false,false,5: Draws a card. | 7b: Can Special Summon from the GY.,"5: You can draw 1 card | 7b: from your hand, Deck, and/or GY",
17688543,The Deep Grave,1,7b,false,false,false,7b: Special Summons a monster from either GY.,7b: Special Summon it from the GY,
27062594,The Door of Destiny,1,6a 10,false,false,false,10: Negates an attack. | 6a: Damage paid for by a GY banish cost is primary.,10: Negate the attack | 6a: inflict 500 damage to your opponent for each of those banished monsters,
76666602,The Dragon that Devours the Dogma,1,9a,false,false,false,9a: Self-protection from card effects.,9a: it is unaffected by other cards' effects,
68400115,The Emperor's Holiday,1,10,false,false,false,10: Continuously negates Equip Card effects.,10: Negate all Equip Card effects on the field.,
65403020,The End of Anubis,1,10,false,false,false,10: Continuous negation of GY effects.,10: are negated,
1784686,The Eye of Timaeus,1,7c,false,false,false,7c: Fusion Summons using only one of the listed materials.,7c: using it as the Fusion Material,
83039608,The Fabled Abanc,1,7b,false,false,false,7b: Special Summons itself from the GY.,"7b: Special Summon this card, but banish it when it leaves the field",
82888408,The Fabled Cerburrel,1,7b,false,false,false,7b: Special Summons itself from the GY.,7b: If this card is discarded to the GY: Special Summon it.,
18282103,The Fabled Ganashia,1,7b,false,false,false,7b: Special Summons itself from the GY.,7b: If this card is discarded to the GY: Special Summon it,
90616316,The Fabled Peggulsus,1,7b,false,false,false,7b: Special Summons itself from the GY.,7b: You can Special Summon it in face-down Defense Position,
30271097,The Fallen & The Virtuous,1,7b,false,false,false,7b: Special Summons a monster from either GY.,7b: Target 1 monster in either GY; Special Summon it to your field,
11082056,The Fang of Critias,1,7c,false,false,false,7c: Summons a Fusion Monster without its listed materials.,7c: then Special Summon that Fusion Monster from your Extra Deck,
4167084,The First Darklord,1,7b 9a,false,false,false,9a: Grants targeting protection. | 7b: Special Summons from the GY.,9a: Your opponent cannot target Fairy monsters you control with card effects | 7b: Special Summon 1 Fairy monster from your hand or GY,Destroy-all is exempt from rule 8 as an Extra Deck monster.
94861297,The Forceful Checkpoint,1,10,false,false,false,10: Negates an attack.,10: negate the attack,
33017655,The Gates of Dark World,1,5,false,false,false,"5: Discard-then-draw exchange, once per turn.",5: then draw 1 card,
22283204,The Gaze of Timaeus,1,7c,false,false,false,7c: Fusion Summons using only one of the listed materials.,7c: by shuffling it into the Deck as material,
82489470,The Golden Swordsoul,1,7b 10,false,false,false,10: Negates an attack. | 7b: Can revive a monster from the GY.,10: negate that attack | 7b: Special Summon 1 LIGHT Spellcaster monster from your hand or GY,"The hand effect works only in the Battle Phase, so the rule 4 exception applies."
33981008,The Grand Spellbook Tower,1,5,false,false,false,5: Draw with a cost still counts as draw.,5: then draw 1 card,
24203749,The Great Gallant Bandit,1,8 10,false,false,false,8: Can Tribute several opponent's monsters (ruling 28). | 10: Negates effects.,8: Tributing monsters in your hand and/or your opponent's field | 10: You can negate that effect,
93871599,The Guiding Flute of Summoning Dragons,1,5,false,false,false,5: Draws a card.,5: draw 1 card,
94845588,The Hallowed Azamina,1,7c,false,false,false,7c: Summons a Fusion Monster without its listed materials.,"7c: send 1 ""Sinful Spoils"" card from your hand and/or field to the GY (if face-down, reveal it), then Special Summon that revealed monster",
5697558,The Hidden City,1,10,false,false,false,10: Negates an attack.,10: negate the attack,
99188141,The Huge Revolution is Over,1,10,false,false,false,10: Negates an activation.,10: Negate the activation,
22748199,The Ice-Bound God,1,10,false,false,false,10: Negates an opponent's monster's effects.,10: its effects are negated,
52035300,The Immortal Bushi,1,7b,false,false,false,7b: Special Summons itself from the GY.,7b: if this card is in your Graveyard,
101403051,The Immortal Sun God,1,7b 7c,false,false,false,7b: Revives from GY/banishment. | 7c: Extra Deck summon without material.,"7b: Special Summon 1 ""The Winged Dragon of Ra"" monster from your GY or banishment | 7c: Special Summon 1 ""The Winged Dragon of Ra"" monster from your Extra Deck",
62849088,The Iris Swordsoul,1,5,false,false,false,5: Draws cards.,5: Draw 2 cards,
40991587,The Lady in Wight,1,9a 9b,false,false,false,9a: Grants unaffected status. | 9b: Grants battle protection.,9a: are unaffected by Spell/Trap effects | 9b: cannot be destroyed by battle,
66926224,The Law of the Normal,1,8,false,false,false,8: Destroys all cards on the field.,8: destroy all cards on the field,
54120521,The Legend of Tickets,1,5,false,false,false,5: Grants an extra draw.,5: draw 2 cards instead of 1,
58604027,The Legendary Exodia Incarnate,1,5 9a,false,false,false,9a: Self unaffected by card effects. | 5: Draws cards.,9a: Unaffected by other cards' effects | 5: draw 1 card for each,
3643300,The Legendary Fisherman,1,9a,false,false,false,9a: Partial unaffected protection.,9a: this card is unaffected by Spell effects,
19801646,The Legendary Fisherman II,1,9a,false,false,false,9a: Self unaffected by monster effects.,9a: this card is unaffected by other monsters' effects,
97522863,The Man with the Mark,1,9a 9b,false,false,false,9a: Grants indestructibility by card effects. | 9b: Grants indestructibility by battle.,9a: cannot be destroyed by battle or card effects | 9b: cannot be destroyed by battle or card effects,
22610082,The Mask of Remnants,1,7a,false,false,false,7a: Takes control of a monster.,7a: Control of the equipped monster is switched,
26822796,The Monarchs Awaken,1,9a,false,false,false,9a: Makes a monster unaffected by other card effects.,9a: it is unaffected by the effects of cards other than this card,"Negation only of your own monster as drawback, not rule 10 (ruling 33)."
48716527,The Monarchs Erupt,1,10,false,false,false,10: Continuous negation.,10: Negate the effects of all face-up monsters on the field,
50433147,The Nordic Lights,1,8 9b,true,false,false,9b: Battle protection. | 8: Can destroy multiple monsters incl. opponent's Nordic.,"9b: ""Nordic"" monsters on the field cannot be destroyed by battle | 8: Destroy all ""Nordic"" monsters on the field",Rule 8 only applies if the opponent controls Nordic monsters; potential counted.
24212820,The Phantom Knights of Dark Gauntlets,1,7b,false,false,false,7b: Special Summons itself from the GY.,7b: Special Summon this card in Defense Position as an Effect Monster,
36704180,The Phantom Knights of Fragile Armor,1,5,false,false,false,5: Draws a card.,5: draw 1 card,
9336190,The Phantom Knights of Mist Claws,1,7b,false,false,false,7b: Special Summons a monster and itself from the GY.,"7b: ""The Phantom Knights"" monster in your GY; Special Summon that monster",
77462146,The Phantom Knights of Shadow Veil,1,7b,false,false,false,7b: Summons itself from the GY as a monster.,7b: Special Summon this card in Defense Position as a Normal Monster,
51606429,The Phantom Knights of Tomb Shield,1,10,false,false,false,10: Negates a Trap's effects.,10: negate its effects until the end of this turn,
25538345,The Phantom Knights of Torn Scales,1,7b,false,false,false,7b: Special Summons itself from the GY.,7b: while this card is in your GY: You can Special Summon this card,
62645025,The Phantom Knights of Wrong Magnetring,1,5 10,false,false,false,10: Negates an attack. | 5: Draws cards.,10: Negate that attack | 5: draw 2 cards,
54241725,The Prime Monarch,1,5 7b,false,false,false,5: Draws a card. | 7b: Special Summons itself from the GY.,5: then draw 1 card | 7b: Special Summon this card in Defense Position as a Normal Monster,
40703393,The Puppet Magic of Dark Ruler,1,7b,false,false,false,7b: Revives from GY.,7b: Special Summon the selected monster from your Graveyard,
296499,The Regulation of Tribe,1,3.3,false,false,false,3.3: Continuous attack lock limited to one monster Type.,3.3: Monsters of the declared Type cannot attack,
56001930,The Return to the Normal,1,8,false,false,false,8: Mass destruction.,8: Destroy all monsters on the field with less ATK,
59094601,The Revived Sky God,1,5 7b,false,false,false,7b: Special Summons from the GY. | 5: Draws cards.,"7b: Special Summon 1 ""Slifer the Sky Dragon"" from your GY | 5: each player draws until they have 6 cards in their hand",
48152161,The Sanctified Darklord,1,10,false,false,false,10: Negates a monster.,10: negate the effects of 1 Effect Monster,
30888983,The Selection,1,10,false,false,false,10: Negates a Summon.,10: Negate the Summon,
43434803,The Shallow Grave,1,7b,false,false,false,7b: Special Summons from the GY.,7b: Special Summons the target from their GY,
6357341,The Six Shinobi,1,11a,false,false,false,"11a: Takes all phases of one turn, once.",11a: Skip your opponent's next turn,
24413299,The Suppression Pluto,1,7a,false,false,false,7a: Takes control of an opponent's monster.,7a: Take control of 1 monster your opponent controls.,
51402908,The Supremacy Sun,1,7b,false,false,false,7b: Revives itself from the GY.,7b: Special Summon this card from the Graveyard,
83404468,The Toil of the Normal,1,9a 10,false,false,false,10: Negates a monster's effects. | 9a: Makes Normal Monsters indestructible by card effects this turn.,10: Negate the effects of 1 Effect Monster on the field | 9a: cannot be destroyed by card effects,
20036055,The Traveler and the Burning Abyss,1,7b,false,false,false,7b: Special Summons monsters from the GY.,7b: monsters in your Graveyard that were sent there this turn; Special Summon them,
56920308,The Ultimate Creature of Destruction,1,9a 9b,false,false,false,9a: Grants unaffected. | 9b: Grants battle protection.,"9a: unaffected by card effects, except its own | 9b: it cannot be destroyed by battle",
83257450,The Unstoppable Exodia Incarnate,1,9a 10,false,false,false,9a: Protection from effect destruction. | 10: Negates Spell/Trap activations.,9a: Cannot be destroyed by an opponent's card effects | 10: You can negate that activation,
52834429,The Weather Auroral Canvas,1,5,true,false,false,5: Can make you draw.,5: that player draws 1 card,Draw mostly for the opponent; hit only if you target your own add.
27784944,The Weather Painter Aurora,1,7b,false,false,false,7b: Special Summons itself from banishment.,7b: You can Special Summon this banished card,Protection is for Spells/Traps only (ruling 32).
28806532,The Weather Painter Cloud,1,7b,false,false,false,7b: Special Summons itself from banishment.,7b: You can Special Summon this banished card,
92411493,The Weather Painter Rain,1,7b,false,false,false,7b: Special Summons itself from banishment.,7b: You can Special Summon this banished card,
65017789,The Weather Painter Snow,1,7b,false,false,false,7b: Returns itself from banishment.,7b: You can Special Summon this banished card,
54895237,The Weather Painter Sun,1,7b,false,false,false,7b: Special Summons itself from GY and from banishment.,7b: Special Summon this card in Defense Position,
91299846,The Weather Painter Thunder,1,7b,false,false,false,7b: Special Summons itself from banishment.,7b: You can Special Summon this banished card,
89355716,The Weather Sunny Canvas,1,7b,false,false,false,7b: Special Summons from GY.,"7b: Special Summon 1 ""The Weather"" monster from your hand or GY",
21208154,The Wicked Avatar,1,3.3,true,false,false,"3.3: Multi-turn lock on Spell/Trap activation, a card-type subset.",3.3: Your opponent cannot activate Spell or Trap Cards until the end of their 2nd turn,"Lock has a fixed duration independent of the monster; unclear if it counts as continuous, and whether 3.2 applies."
57793869,The Wicked Eraser,1,8,false,false,false,8: Destroys all cards on the field.,8: destroy all cards on the field,
10000090,The Winged Dragon of Ra - Immortal Phoenix,1,7b 9a,false,false,false,9a: Unaffected by other effects. | 7b: Summons itself from the GY; also summons Sphere Mode from GY.,9a: This card is unaffected by other cards' effects | 7b: Special Summon this card,
10000080,The Winged Dragon of Ra - Sphere Mode,1,8 9a,true,false,false,8: Can tribute several opponent's monsters (ruling 28). | 9a: Untargetable by opponent's effects.,8: Requires 3 Tributes from either side of the field | 9a: Your opponent cannot target this card for attacks or by card effects,Summoning to the opponent's side and shifting control back may also be 7a.
101403030,"The Winged Dragon of Ra, Sun God of Darkness",1,9a,false,false,false,9a: Unaffected by effects.,9a: Unaffected by other cards' effects,
90875418,Theorealize Medius,1,7c,false,false,false,7c: Summons an Extra Deck monster without its listed materials.,"7c: Special Summon 1 ""Diactorus"" monster from your Extra Deck",
94326720,Theorealize Overdrive,1,7b,false,false,false,7b: Special Summons a monster from GY or banishment.,7b: in your GY or banishment; Special Summon it,
57111330,"Therion ""Duke"" Yul",1,9a,false,false,false,9a: Grants effect-destruction protection.,"9a: ""Therion"" monsters you control cannot be destroyed by your opponent's card effects",
10604644,"Therion ""King"" Regulus",1,10,false,false,false,10: Negates an effect.,10: negate that effect,
57285770,Therion Charge,1,5,false,false,false,5: Draws 2 cards.,5: draw 2 cards,
43270827,Therion Cross,1,10,false,false,false,10: Negates a monster effect.,10: Negate that effect.,
75290703,Therion Irregular,1,8,false,false,false,8: Destroys all opponent cards.,8: destroy all cards your opponent controls,
79775821,Therion Stand Up!,1,7b,false,false,false,7b: Special Summons from the GY.,"7b: Target 1 ""Therion"" monster in your GY; Special Summon it",
26205777,Thestalos the Firestorm Monarch,1,6a,true,false,false,6a: Damage triggered by a discard (ruling 20).,6a: inflict damage to your opponent equal to its original Level x 100,"The effect itself triggers on the Tribute Summon, which may make the damage a byproduct."
69230391,Thestalos the Mega Monarch,1,6a,true,false,false,"6a: Damage triggered by a discard, not destruction/summon/battle.",6a: inflict 1000 damage to your opponent after that,Effect triggers on Tribute Summon; damage could be seen as summon byproduct.
77832858,Thestalos the Shadowfire Monarch,1,6a,true,false,false,"6a: Damage follows a hand banish, not destruction/summon/battle.",6a: inflict 1000 damage to your opponent,Unclear whether banishing from hand makes the damage a byproduct.
4599182,This Creepy Little Punk,1,7b,false,false,false,7b: Special Summons a monster from banishment or GY.,"7b: monsters that is banished, or in your hand or GY",
72374522,Thorn Fangs of Violet Poison,1,8,false,false,false,8: Mass destruction.,8: destroy as many monsters your opponent controls as possible,
50838440,Three in One,1,7b,false,false,false,7b: Special Summons monsters from the GY.,7b: Special Summon 3 Normal Monsters from your GY,
47594192,Three of a Kind,1,8,false,false,false,8: Destroys 3 opponent cards.,8: Target 3 cards your opponent controls; destroy those targets,
63679166,Throne of the Archfiends,1,7b,false,false,false,7b: Ritual Summons from GY or banishment.,"7b: GY, or banishment",
84813516,Thunder Ball,1,8,true,false,false,8: Can destroy more than 1 opponent monster in the column.,8: destroy all other monsters in this card's column,More than 1 opponent monster in one column requires an Extra Monster Zone monster.
27623932,Thunder Discharge,1,8,false,false,false,8: Mass destruction.,8: destroy as many monsters your opponent controls as possible,
15291624,Thunder Dragon Colossus,1,3.2 9a 9b,true,false,false,3.2: Continuous lock on a monster. | 9a: Effect destruction substitute. | 9b: Battle destruction substitute.,"3.2: Cards cannot be added from the Main Deck to your opponent's hand except by drawing them | 9a: If this card would be destroyed by battle or card effect, you can banish 1 Thunder monster from your GY instead | 9b: If this card would be destroyed by battle or card effect, you can banish 1 Thunder monster from your GY instead","Battle substitute may make it effectively not destroyable by battle (ruling 11), which would move the floodgate to step 3.4."
41685633,Thunder Dragon Titan,1,9a,false,false,false,9a: Effect destruction substitute.,"9a: If this card would be destroyed by card effect, you can banish 2 cards from your GY instead.",
83107873,Thunder Dragonhawk,1,5 7b,false,false,false,7b: Special Summons from GY/banishment. | 5: Draws cards.,"7b: Special Summon 1 of your ""Thunder Dragon"" monsters that is banished or in your GY | 5: then draw the same number of cards",
5206415,Thunder Dragonlord,1,9a,false,false,false,9a: Grants untargetability.,9a: your opponent cannot target it with card effects this turn,
82045034,Thunder Dragons' Hundred Thunders,1,7b,false,false,false,7b: Revives monsters from GY.,7b: Special Summon as many monsters with that same name as possible from your GY,
16223761,Thunder Hand,1,7b,false,false,false,7b: Can revive itself from GY.,7b: while this card is in your hand or GY: You can Special Summon this card,
71564252,Thunder King Rai-Oh,1,3.2 10,false,false,false,3.2: Monster-based search lock removable by attacking. | 10: Negates a summon.,3.2: Neither player can add cards from their Deck to their hand except by drawing them | 10: negate the Special Summon,
20264508,Thunder Short,1,6a,false,false,false,6a: Effect damage based on counting the field.,6a: Inflict 400 damage to your opponent for each monster they control,
66722103,Thunderclap Monk,1,10,false,false,false,10: Negates monster effects.,10: negate the activation,
13683298,Thunderclap Skywolf,1,8,false,false,false,8: Mass destruction.,8: destroy all face-up monsters your opponent controls,
42469671,Thunderforce Attack,1,5 8,false,false,false,8: Mass destruction. | 5: Draws cards.,8: Destroy as many face-up monsters your opponent controls as possible | 5: Draw cards equal to the number of monsters destroyed,
26400609,"Tidal, Dragon Ruler of Waterfalls",1,7b,false,false,false,7b: Can Special Summon itself from the GY.,7b: If this card is in your hand or Graveyard,
10097168,Tiger Dragon,1,8,false,false,false,8: Destroys up to 2 opponent cards.,8: target up to 2 Set cards in your opponent's Spell & Trap Zone; destroy those targets,
14554127,Tiki Peace,1,7b,true,false,false,7b: Brings a card from GY/banishment to the field as a monster.,"7b: Special Summon 1 Continuous Trap, except ""Tiki Peace"", from your GY or banishment as a Normal Monster","The summoned card is a Trap in the GY, not a monster; unclear if 7b applies."
20216608,Tilted Try,1,5,false,false,false,5: Exchange draw (ruling 2).,5: draw 1 card,
53315891,Timaeus the Knight of Destiny,1,7b 9a,false,false,false,9a: Unaffected. | 7b: Summons from GY.,"9a: Unaffected by other cards' effects | 7b: from your hand, Deck, and/or Graveyard",
85899505,Timaeus the United Magical Dragon,1,9a,false,false,false,9a: Self unaffected by effects.,9a: it is unaffected by other cards' effects,
15216188,Time Engine,1,7b 8,false,false,false,7b: Special Summons a destroyed monster from the GY. | 8: Mass destruction.,7b: Target 1 of those monsters; Special Summon it | 8: Destroy as many monsters your opponent controls as possible,"Damage follows destruction, byproduct."
80987696,Time Machine,1,7b,false,false,false,7b: Special Summons a destroyed monster from the GY.,7b: Special Summon that monster to the same field it was on,
86346363,Time Reloader,1,7b,false,false,false,7b: Special Summons a monster from the GY.,7b: target 1 monster in your GY; Special Summon it,
35316708,Time Seal,1,11a,false,false,false,11a: One-time skip of opponent's Draw Phase.,11a: Skip the Draw Phase of your opponent's next turn.,
85808813,Time Stream,1,7b 7c,false,false,false,7c: Summons a Fusion Monster without its listed materials. | 7b: Special Summons a monster from the GY.,"7c: Special Summon 1 ""Fossil"" Fusion Monster from your Extra Deck | 7b: target 1 ""Fossil"" Fusion Monster in your GY; Special Summon it",
52083044,Time Thief Temporwhal,1,7b,false,false,false,7b: Temporary banish returns monster; also self-revival.,7b: banish it until the End Phase,
71625222,Time Wizard,1,8,false,false,false,8: Can destroy all opponent monsters.,8: destroy all monsters your opponent controls,
2055403,Time-Space Trap Hole,1,8,false,false,false,8: Can shuffle multiple opponent monsters away.,8: Shuffle that monster(s) into the Deck,
19403423,Time-Tearing Morganite,1,5,false,false,false,5: Grants extra draws each Draw Phase.,5: Draw 2 cards instead of 1 for your normal draw,
68860936,Tindangle Angel,1,7b,false,false,false,7b: Can Special Summon from the GY.,7b: from your hand or GY in face-down Defense Position,
99157310,Tindangle Delaunay,1,7b 7c,false,false,false,7c: Brings an Extra Deck monster out without its materials. | 7b: Special Summons monsters from the GY.,"7c: Special Summon 1 ""Tindangle Acute Cerberus"" from your Extra Deck | 7b: target 3 ""Tindangle"" monsters with different names in your GY; Special Summon them",
94142993,Tindangle Intruder,1,7b,false,false,false,7b: Summons itself from the GY.,7b: Special Summon this card in face-down Defense Position,
85640370,Tip of the Tinying Tongue,1,10,false,false,false,10: Negates an opponent's effect.,10: Negate that effect,
41373230,Titaniklad the Ash Dragon,1,9a,false,false,false,9a: Partial unaffected protection.,9a: it is unaffected by the activated effects of any other monsters Special Summoned from the Extra Deck,
67037924,Titanocider,1,10,false,false,false,10: Negates a monster's effects.,10: negate its effects,
82319644,"Tlakalel, His Malevolent Majesty",1,8,false,false,false,8: Can destroy several opponent monsters.,8: destroy any number of face-up monsters your opponent controls,
31887806,Tobari the Sky Ninja,1,9a 9b,false,false,false,9a: Indestructible by effects on summon turn. | 9b: Indestructible by battle on summon turn.,9a: cannot be destroyed by battle or card effect | 9b: cannot be destroyed by battle,
43534808,Token Collector,1,3.2 7b 8,false,false,false,7b: Summons itself from the GY. | 8: Can destroy several opponent Tokens. | 3.2: Summon lock on a monster the opponent can attack.,7b: You can Special Summon this card from the GY | 8: Destroy as many Tokens on the field as possible | 3.2: Neither player can Special Summon Tokens.,
83675475,Token Feastevil,1,8,false,false,false,8: Can destroy multiple opponent Tokens.,8: Destroy as many Tokens on the field as possible,
52971673,Token Sundae,1,8,false,false,false,8: Can destroy multiple cards.,8: destroy cards on the field up to the number of Tokens destroyed,
57182235,Token Thanksgiving,1,8,false,false,false,8: Can destroy multiple opponent tokens.,8: Destroy all tokens on the field,
50357013,Tokusano Shinkyojin,1,5,false,false,false,5: Draws cards.,5: draw 2 cards,
91250514,Tongue Twister,1,5,false,false,false,5: Draws cards.,5: draw 2 cards,
43175858,Toon Kingdom,1,9a,false,false,false,9a: Grants untargetability and destruction substitute.,9a: Your opponent cannot target Toon monsters you control with card effects,
16392422,Toon Masked Sorcerer,1,5,false,false,false,5: Draws a card on battle damage.,5: Draw 1 card,
53094821,Toon Terror,1,10,false,false,false,10: Negates activations.,10: Negate the activation,
71283180,Tornado Bird,1,8,false,false,false,8: Returns 2 cards from the field to the hand.,8: Return 2 Spell or Trap Cards on the field to their owners' hands,
90337190,Torpedo Fish,1,9a,false,false,false,9a: Unaffected.,9a: this card is unaffected by any Spell Cards,
7092142,Torrential Reborn,1,7b,false,false,false,7b: Revives from the GY.,7b: Special Summon the monsters destroyed and sent from the field to your Graveyard,Damage follows a summon: byproduct.
53582587,Torrential Tribute,1,8,false,false,false,8: Destroys all monsters.,8: Destroy all monsters on the field.,
564541,Totem Dragon,1,7b,false,false,false,7b: Special Summons itself from the GY.,"7b: If this card is in your Graveyard during your Standby Phase and you control no monsters, you can Special Summon this card",
56346071,Totem Five,1,8,false,false,false,8: Destroys multiple opponent cards.,8: Destroy as many cards your opponent controls as possible,
94256039,Tower of Babel,1,3.3,true,false,false,"3.3: Lasting punishment of Spell activations, a card-type subset.",3.3: the player who activated the Spell Card at that time takes 3000 damage,Punishment floodgate per ruling 4; could be read as 6a.
58132856,Toy Magician,1,8,false,false,false,8: Can destroy several Spells/Traps.,"8: Destroy Spells and Traps on the field, equal to the number of ""Toy Magicians"" on the field",
65504487,Toy Soldier,1,7b,true,false,false,7b: Summons itself after being sent to the GY.,7b: You can Special Summon this card,Summon happens from the GY after it was sent there.
69925461,Toy Tank,1,7b,false,false,false,7b: Summons a monster from the GY; also summons itself after being sent to GY.,7b: Special Summon 1 Level 6 or lower monster from your GY instead,
70245411,Toy Vendor,1,5,false,false,false,5: Discard-to-draw.,5: draw 1 card and show it,
38120068,Trade-In,1,5,false,false,false,5: Draw card.,5: draw 2 cards,
23408872,Tradetoad,1,7b,false,false,false,7b: Special Summons from the GY.,7b: Special Summon that monster from your Graveyard,
35686188,Tragedy,1,8,false,false,false,8: Destroys multiple opponent monsters.,8: Destroy all Defense Position monsters your opponent controls,
98777036,Tragoedia,1,7a,false,false,false,7a: Takes control of an opponent's monster.,7a: take control of that face-up monster,
60879050,Train Connection,1,6b,false,false,false,6b: Doubles ATK.,6b: The equipped monster's ATK becomes double its original ATK,
67745632,Transcendosaurus Gigantozowler,1,7b,true,false,false,7b: Revives itself after destruction.,7b: then you can Special Summon this card,Location of self-summon not stated; assumed GY.
34072799,Transonic Bird,1,10,false,false,false,10: Negates a card's effects.,10: negate its effects until the end of this turn,
19252988,Trap Jammer,1,10,false,false,false,10: Negates a Trap activation.,10: Negate the activation,
3055837,Trap of Board Eraser,1,10,false,false,false,10: Negates damage.,10: Negate the Effect Damage,
80955168,Trap of the Imperial Tomb,1,8,false,false,false,8: Destroys up to 2 cards.,8: Target 2 cards on the field; destroy them,
59616123,Trap Stun,1,10,false,false,false,10: Negates Trap effects.,10: Negate all other Trap effects on the field this turn,
48805472,Traptantalizing Tune,1,5,false,false,false,5: Draws cards.,5: draw 2 cards,
12801833,Traptrip Garden,1,7b 9b,false,false,false,9b: Battle protection for Insect/Plant monsters. | 7b: Special Summons from the GY.,9b: it is not destroyed | 7b: from your hand or GY,
55428242,Traptrix Atrax,1,3.2 9a,true,false,false,"3.2: Your cards cannot be negated is a floodgate (ruling 14) on an attackable monster. | 9a: Partial unaffected protection, also against opponent's Hole traps.","3.2: cannot be negated | 9a: This card is unaffected by the effects of ""Hole"" Normal Trap Cards",9a partial protection may mostly concern own cards.
45803070,Traptrix Dionaea,1,7b 9a,true,false,false,7b: Revives a Traptrix from the GY. | 9a: Partial unaffected protection against Hole Traps.,7b: Special Summon that target in Defense Position | 9a: This card is unaffected by the effects of,Hole-trap immunity mostly matters against own cards.
74577599,Traptrix Holeutea,1,7b,false,false,false,7b: Special Summons a monster from the GY.,"7b: target 1 ""Traptrix"" monster in your GY; Special Summon it",
82738277,Traptrix Mantis,1,9a,true,false,false,9a: Partial unaffected protection.,"9a: Unaffected by the effects of ""Hole"" Normal Traps","Hole traps are usually your own, but the opponent can use them too; treated as partial protection."
91812341,Traptrix Myrmeleo,1,9a,true,false,false,"9a: Partial unaffected protection, can apply against opponent's Hole traps.","9a: This card is unaffected by the effects of ""Hole"" Normal Trap Cards",Partial protection mostly relevant against own Hole traps.
28201945,Traptrix Nepenthes,1,9a,true,false,false,9a: Partial immunity including opponent's Hole traps (ruling 31).,"9a: This card is unaffected by the effects of ""Hole"" Normal Trap Cards",Mostly protects against own Hole traps; opponent's Hole traps also covered.
49027020,Traptrix Pudica,1,7b,true,false,false,7b: Banished monster returns to field.,7b: your opponent can Special Summon 1 of their banished monsters,Opponent's own choice to return; drawback-like.
29616929,Traptrix Trap Hole Nightmare,1,10,false,false,false,10: Negates a monster effect.,10: Negate that effect,
99590524,Treacherous Trap Hole,1,8,false,false,false,8: Destroys 2 monsters.,8: Target 2 monsters on the field; destroy those targets,
54762426,Treasure Map,1,5,false,false,false,5: Draws cards.,5: Draw 2 cards from your Deck,
84824728,Treasure Panther,1,6a,true,false,false,6a: Damage triggered by position changes.,6a: inflict 900 damage to your opponent,"A position change is not destruction, a summon or a battle (ruling 20), so the damage is treated as primary."
13685271,Treaty on Uniform Nomenclature,1,8,false,false,false,8: Mass S/T destruction potential.,8: Destroy all Spell/Trap Cards your opponent controls,
12538374,Treeborn Frog,1,7b,false,false,false,7b: Special Summons itself from the GY.,7b: if this card is in your Graveyard,
46918794,Tremendous Fire,1,6a,false,false,false,6a: Pure burn.,6a: Inflict 1000 points of damage to your opponent's Life Points,
19304410,Tri-Brigade Springans Kitt,1,7b,false,false,false,7b: Special Summons a monster from the GY.,7b: Special Summon 1 of the following monsters from your GY,
96383838,Tri-Wight,1,7b,false,false,false,7b: Special Summons monsters from the GY.,7b: Special Summon them from the Graveyard,
26285788,Trial and Tribulation,1,5 8,false,false,false,5: Draws. | 8: Destroys up to 3 cards.,5: Draw 1 card | 8: Destroy up to 3 face-up cards on the field,
9989792,Triamid Fortress,1,9a,false,false,false,9a: Makes Triamid monsters indestructible by card effects.,9a: cannot be destroyed by card effects,
96100333,Triamid Pulse,1,5 7b,false,false,false,7b: Special Summons a monster from the GY. | 5: Draws a card.,7b: Target 1 Rock-Type monster in your Graveyard; Special Summon it | 5: then draw 1 card,
12181376,Triangle Ecstasy Spark,1,10,false,false,false,10: Negates Trap effects.,10: negate all your opponent's Trap effects on the field,
11489642,Triangle O,1,5 8,false,false,false,8: Destroys all cards. | 5: Draws 3 cards.,8: Destroy all cards on the field | 5: then draw 3 cards,
26866984,Trias Hierarchia,1,5 7b,false,false,false,7b: Can Special Summon itself from the GY. | 5: Draws cards.,7b: if this card is in your hand or GY (Quick Effect) | 5: Draw 2 cards,
86361354,Tribe-Shocking Virus,1,8,false,false,false,8: Can destroy multiple opponent monsters.,8: destroy all face-up monsters on the field with the same Type,
93983867,Trick Box,1,7a 7b,false,false,false,7a: Takes control of an opponent's monster. | 7b: Special Summons a monster from the GY.,"7a: take control of it until the End Phase | 7b: Special Summon 1 ""Performage"" monster from your Graveyard",
62481203,Trickstar Festival,1,9a 9b,false,false,false,9a: Destruction substitute against card effects. | 9b: Destruction substitute against battle.,"9a: would be destroyed by battle or card effect, you can banish this card from your GY instead | 9b: would be destroyed by battle or card effect, you can banish this card from your GY instead",
22159429,Trickstar Magical Laurel,1,7b,false,false,false,7b: Revives from the GY.,"7b: targeting 1 ""Trickstar"" monster in your GY; Special Summon it",
21076084,Trickstar Reincarnation,1,7b,false,false,false,7b: Revives from the GY.,"7b: target 1 ""Trickstar"" monster in your GY; Special Summon it",
12275533,Trifortressops,1,9a,false,false,false,9a: Unaffected by card effects.,9a: it is unaffected by other cards' effects,
34796454,Triple Star Trion,1,7b,false,false,false,7b: Special Summons itself from the GY.,7b: Special Summon this card from your Graveyard,
25311006,Triple Tactics Talent,1,5 7a,false,false,false,5: Draw effect. | 7a: Takes control of an opponent's monster.,5: Draw 2 cards. | 7a: Take control of 1 monster your opponent controls,
72632190,Triple-Headed Behemoth,1,7b,false,false,false,7b: Revives from the GY.,7b: Special Summon 1 WIND monster from your GY,
96205925,Trirealm Rift Gospel,1,7b,false,false,false,7b: Special Summons a monster from banishment.,7b: Special Summon 1 of your face-down banished,
7436169,Trivikarma,1,10,false,false,false,10: Negates monster effects.,10: negate that opponent's monster's effects,
76384284,Trojan Gladiator Beast,1,5,false,false,false,5: Draws a card.,5: draw 1 card,
72144675,Troposphere,1,9a,false,false,false,9a: Partial unaffected protection.,9a: This card is unaffected by the effects of Trap Cards.,
49430782,True Draco Heritage,1,5,false,false,false,5: Draws cards.,5: You can draw cards equal to,
82321037,"True King Bahrastos, the Fathomer",1,8,false,false,false,8: Removes up to 2 opponent cards.,8: banish up to 2 Spell/Trap Cards from your opponent's field,
30539496,"True King Lithosagym, the Disaster",1,7b,false,false,false,7b: Special Summons a monster from the GY.,7b: Special Summon 1 non-EARTH Wyrm monster from your GY,
35125879,True King's Return,1,7b,false,false,false,7b: Revives a monster from the GY.,"7b: target 1 ""True Draco"" or ""True King"" monster in your GY; Special Summon it",
62089826,True Light,1,7b 9a,false,false,false,9a: Grants targeting protection. | 7b: Can revive from the GY.,"9a: Your opponent cannot target ""Blue-Eyes White Dragon"" in your Monster Zone with card effects | 7b: Special Summon 1 ""Blue-Eyes White Dragon"" from your hand or GY",
5325155,"Tsukahagi, the Poisonous Mayakashi",1,7b,false,false,false,7b: Special Summons itself from the GY.,7b: while this card is in the GY: You can Special Summon this card,
78098950,Tsumuha-Kutsunagi the Lord of Swords,1,5 8,false,false,false,5: Draws cards. | 8: Shuffles all opponent's field cards into the Deck.,5: then each player draws the same number of cards | 8: shuffle all cards into the Deck from the field,
84635192,Tsuru-Puru-Purun,1,8,false,false,false,8: Can destroy more than 1 opponent card in the column.,8: destroy all face-up cards your opponent controls in this card's column,
27769400,Tualatin,1,3.2 8,true,false,false,8: Mass destruction. | 3.2: Lasting summon lock tied to a monster the opponent can attack.,8: destroy all face-up monsters with that Attribute | 3.2: Your opponent cannot Normal or Special Summon monsters with that Attribute,"Handtrap summoned only in opponent's Battle Phase; treated as Battle-Phase exception for rule 4, but the destruction is not battle-related. Duration of the summon lock not stated."
5609226,Tuner's Barrier,1,9a 9b,false,false,false,9a: Grants effect-destruction immunity. | 9b: Grants battle-destruction immunity.,9a: cannot be destroyed by battle or by card effects | 9b: cannot be destroyed by battle,
5786513,Turn Silence,1,10,false,false,false,10: Negates an opponent's effect.,10: negate that opponent's effect,
3149764,Tutan Mask,1,10,false,false,false,10: Negates a Spell/Trap activation.,10: Negate the activation,
83747250,Twilight Cloth,1,9a 9b,false,false,false,9a: Makes Lightsworn monsters indestructible by card effects. | 9b: Makes Lightsworn monsters indestructible by battle.,9a: cannot be destroyed by battle or card effects | 9b: cannot be destroyed by battle or card effects,
57348141,Twilight Eraser,1,8,false,false,false,8: Banishes 2 cards.,8: target 2 cards on the field; banish them,
76930964,"Twilight Ninja Getsuga, the Shogun",1,7b,false,false,false,7b: Special Summons monsters from the GY.,7b: Special Summon those monsters,
40945356,"Twilight Ninja Nichirin, the Chunin",1,9a 9b,false,false,false,9a: Grants effect indestructibility. | 9b: Grants battle indestructibility.,9a: cannot be destroyed by battle or card effects | 9b: cannot be destroyed by battle or card effects,
14541657,Twilight Ninja Shingetsu,1,9a,false,false,false,9a: Grants untargetability to other Ninja monsters.,"9a: Your opponent cannot target face-up ""Ninja"" monsters with card effects, except this one",
29455728,Twin Photon Lizard,1,7b,false,false,false,7b: Special Summons monsters from the GY.,"7b: Special Summon, from your Graveyard, both of the Fusion Material Monsters",
43898403,Twin Twisters,1,8,false,false,false,8: Can destroy 2 cards.,8: target up to 2 Spells/Traps on the field; destroy them,
43586926,Twin-Headed Behemoth,1,7b,false,false,false,7b: Special Summons itself from the GY.,"7b: You can Special Summon this card, but its ATK/DEF become 1000",
88132637,Twin-Headed Wolf,1,10,false,false,false,10: Negates effects.,10: negate the effects of Flip monsters destroyed by battle with this card,
44459942,Two-for-One Repair Job,1,7b,false,false,false,7b: Special Summons from the GY.,"7b: Special Summon 1 monster from your hand, Deck, or GY",
89928517,Two-for-One Team,1,5,false,false,false,5: Draws cards.,5: Each player draws 2 cards.,
15543940,Tyrant Dino Fusion,1,9a 9b,false,false,false,9a: Once-only effect protection. | 9b: Once-only battle protection.,"9a: the first time that face-up monster on the field would be destroyed by battle or card effect, it is not destroyed | 9b: the first time that face-up monster on the field would be destroyed by battle or card effect, it is not destroyed",
94568601,Tyrant Dragon,1,10,false,false,false,10: Negates Trap effects.,10: Negate any Trap effects that target this card on the field,
90814668,Tyrant Farm,1,7b,false,false,false,7b: Special Summons a monster from the GY.,7b: Special Summon 1 non-Effect Monster with the same original Type/Attribute from your GY,
38318146,Tyrant's Tantrum,1,3.3,false,false,false,"3.3: Cost on activating Spells, a card-type subset.",3.3: Your opponent cannot activate a Spell Card unless they also send 1 Spell Card from the Deck to the Graveyard,
4638410,Tyrant's Temper,1,9a,false,false,false,9a: Grants partial unaffected protection to monsters.,9a: unaffected by other Trap Cards,
48357738,Tyrant's Tummyache,1,3.3,false,false,false,3.3: Level-defined summon lock.,3.3: Neither player can Special Summon a Level 6 or higher monster.,
34614289,U.A. Blockbacker,1,10,false,false,false,10: Negates the effects of summoned monsters.,10: negate their effects,
9485511,U.A. Goalkeeper,1,9a 9b,false,false,false,9a: Grants effect-destruction immunity. | 9b: Grants battle-destruction immunity.,9a: it cannot be destroyed by battle or card effects | 9b: it cannot be destroyed by battle or card effects,
49936169,U.A. Locker Room,1,5,false,false,false,5: Draws cards.,5: draw cards equal to the number of shuffled cards,
48636108,U.A. Man of the Match,1,7b,false,false,false,7b: Revives monsters from the GY.,7b: from your hand and/or GY,
70043345,U.A. Penalty Box,1,7b,false,false,false,7b: Temporarily banished monster returns (ruling 27).,7b: banish that opponent's monster until your opponent's 2nd End Phase,
82419869,U.A. Perfect Ace,1,10,false,false,false,10: Negates an activation.,10: negate that activation,
47021196,U.A. Player Manager,1,10,false,false,false,10: Negates monster effects.,10: Negate the effects of all face-up monsters on the field,
35884610,U.A. Powered Jersey,1,6b,false,false,false,6b: Doubles battle damage.,6b: any battle damage it inflicts to your opponent is doubled,
17264592,U.A. Rival Rebounder,1,7b,false,false,false,7b: Special Summons from the GY.,"7b: Special Summon 1 ""U.A."" monster from your hand or Graveyard",
61613388,U.A. Turnover Tactics,1,8,false,false,false,8: Shuffles all monsters including opponent's into the Deck.,8: Shuffle as many monsters on the field as possible into the Deck,
9275482,UFOLight,1,5 9a 9b,false,false,false,9a: Self untargetability. | 9b: Cannot be destroyed by battle. | 5: Draws a card.,9a: Your opponent cannot target this card on the field with card effects | 9b: neither can be destroyed by that battle | 5: You can draw 1 card,
12652643,Ultimate Ancient Gear Golem,1,3.2 7b,false,false,false,3.2: Situational floodgate on a monster. | 7b: Revives from GY.,"3.2: If this card attacks, your opponent cannot activate Spell/Trap Cards until the end of the Damage Step | 7b: target 1 ""Ancient Gear Golem"" in your GY; Special Summon it",
36328300,Ultimate Crystal Magic,1,7c,false,false,false,7c: Summons a Fusion Monster without its listed materials.,"7c: Special Summon 1 ""Ultimate Crystal"" Fusion Monster from your Extra Deck",
84544192,Ultimate Crystal Rainbow Dragon Overdrive,1,7b,false,false,false,7b: Special Summons monsters from banishment.,"7b: Special Summon any number of your banished ""Crystal Beast"" monsters",Mass shuffle ignored: Extra Deck monster exempt from rule 8.
32247099,Ultimate Divine-Beast,1,7b 8,false,false,false,7b: Revives a monster from the GY. | 8: Can destroy several opponent cards.,7b: target 1 Divine-Beast monster in your GY; Special Summon it | 8: destroy all face-up cards your opponent controls that activated their effects,
3149401,Ultimate Dragon of Pride and Soul,1,9a,false,false,false,9a: Untargetable and indestructible by effects.,9a: your opponent cannot target it with card effects,Mass destroy ignored: rule 8 does not apply to Extra Deck monsters.
6713443,Ultimate Fire Formation - Seito,1,7b,false,false,false,7b: Special Summons from the GY.,"7b: Special Summon as many ""Fire Fist"" monsters as possible from your Graveyard",
55538156,Ultimate Fire Formation - Sinto,1,10,false,false,false,10: Negates Spell/Trap activation.,10: Negate the activation,
324483,Ultimate Flame Swordsman,1,6b,false,false,false,6b: Doubles its own ATK.,6b: You can double this card's ATK,
71143015,Ultimate Fusion,1,8,false,false,false,8: Can destroy several opponent cards.,"8: destroy face-up cards your opponent controls, up to the number",
49441499,Ultimate Insect LV1,1,9a,false,false,false,9a: Unaffected by Spells.,9a: it is unaffected by the effects of Spell Cards,
32240937,Ultimate Obedient Fiend,1,10,false,false,false,10: Negates destroyed monsters' effects.,10: The effects of Effect Monsters that this card destroys are negated,
38891741,Ultimate Providence,1,10,false,false,false,10: Negates an activation.,10: negate the activation,
38817295,Ultimate Sky,1,10,false,false,false,10: Negates effects.,10: negate their effects until the end of this turn,
50855622,Ultra Beetrooper Absolute Hercules,1,7b 9a,false,false,false,9a: Grants itself unaffected status. | 7b: Special Summons a monster from the GY.,9a: it is unaffected by other cards' effects | 7b: Special Summon it,
76647978,Ultra Polymerization,1,7b,false,false,false,7b: Revives monsters from the GY.,7b: Special Summon all the Fusion Materials used for its Fusion Summon from your GY,
86229493,Umbral Soul,1,8,false,false,false,8: Destroys multiple monsters.,8: destroy all face-down and non-DARK monsters,
81951640,Unauthorized Bootup Device,1,7b 9a 9b,false,false,false,9a: Destruction substitute against card effects. | 9b: Destruction substitute against battle. | 7b: Special Summons itself from the GY.,"9a: If the equipped monster would be destroyed by battle or card effect, destroy this card instead | 9b: If the equipped monster would be destroyed by battle or card effect, destroy this card instead | 7b: sent to the GY while equipped to a monster: You can Special Summon this card",
68625623,Unchained Malevolent Magistrate Kamura,1,5 8,false,false,false,8: Destroys all monsters. | 5: Draws a card.,8: You can destroy all monsters on the field | 5: Draw 1 card,
95136979,Unchained Ogre Shara,1,7b,false,false,false,7b: Special Summons itself from the GY.,7b: You can Special Summon this card (but place it on the bottom of the Deck when it leaves the field),
88554436,Unchained Soul of Shyama,1,7b,false,false,false,7b: Special Summons itself from the GY.,"7b: destroy it, and if you do, Special Summon this card",
8700633,Undaunted Bumpkin Beast,1,7b 9b,false,false,false,7b: Special Summons itself from the GY. | 9b: Battle indestructibility.,7b: Special Summon this card from your hand or GY | 9b: cannot be destroyed by battle,
5779502,Underdog,1,10,false,false,false,10: Continuously negates monster effects.,10: negate the effects of all face-up monsters your opponent controls,
73443672,Underworld Circle,1,7b 8,false,false,false,8: Destroys all monsters. | 7b: Special Summons from the GY.,8: destroy as many monsters on the field as possible | 7b: Special Summon 1 Normal Monster from your GY,
8428836,Underworld Ritual of Prediction,1,7b,false,false,false,7b: Ritual Summons a monster from the GY.,7b: from your hand or GY,
22318971,Uni-Horned Familiar,1,7b,false,false,false,7b: Banishes itself and returns from banishment to the field.,7b: this card returns to the field,
95352218,Unification,1,8,true,false,false,8: Can send multiple opponent monsters to the GY in their Standby Phase.,8: sends all face-up monsters they control with a different Level to the Graveyard,Opponent sends their own monsters by this card's effect.
34325937,Unification of the Cubic Lords,1,9a 9b,false,false,false,9a: Grants effect-destruction protection. | 9b: Grants battle-destruction protection.,9a: it cannot be destroyed by battle or card effects this turn | 9b: it cannot be destroyed by battle or card effects this turn,
36318200,"Uniflora, Mystical Beast of the Forest",1,7b,false,false,false,7b: Can Special Summon from the GY.,7b: Special Summon 1 Beast-Type monster from your hand or Graveyard,
99249638,Union Driver,1,9a 9b,false,false,false,9a: Destruction substitute against card effects. | 9b: Destruction substitute against battle.,"9a: If the equipped monster would be destroyed by battle or card effect, destroy this card instead | 9b: If the equipped monster would be destroyed by battle or card effect, destroy this card instead",
89357740,Union Pilot,1,9a 9b,false,false,false,9a: Effect destruction substitute. | 9b: Battle destruction substitute.,"9a: If the equipped monster would be destroyed by battle or card effect, destroy this card instead | 9b: If the equipped monster would be destroyed by battle or card effect, destroy this card instead",
11743119,Union Rider,1,7a,false,false,false,7a: Takes control of an opponent's monster.,7a: take control of up to 1 Union Monster,
39778366,Union Scramble,1,7b,false,false,false,7b: Returns banished monsters to the field.,7b: Target up to 3 of your banished,
86474024,United Front,1,10,false,false,false,10: Negates a Trap activation.,10: Negate the activation and destroy it,
90557975,Updraft,1,6a,false,false,false,6a: Burn from counters.,6a: Inflict 300 damage to your opponent for each Fog Counter you removed.,
70368879,Upstart Goblin,1,5,false,false,false,5: Draws a card.,5: Draw 1 card,
27753563,Uradora of Fate,1,5,false,false,false,5: Draws cards.,5: draw 1 card for every 1000 ATK of that monster,
99002135,Urgent Synthesis,1,7b,false,false,false,7b: Special Summons a monster from the GY.,7b: from your hand or your Graveyard,
89771220,Ursarctic Drytron,1,7c,true,false,false,7c: Extra Deck summon without its listed material.,"7c: Special Summon 1 ""Ultimate Flagship Ursatron"" from your Extra Deck by banishing",Unclear whether the banished monsters match Ursatron's listed material.
53865474,Ursarctic Slider,1,7b,false,false,false,7b: Special Summons a monster from GY or banishment.,7b: banished or in your GY; Special Summon it,
91749600,"Vala, Seidhr of the Generaider Bosses",1,7b,false,false,false,7b: Special Summons itself and others from the GY.,"7b: Special Summon 1 ""Generaider"" monster from your hand or GY",
24096499,"Valerifawn, Mystical Beast of the Forest",1,7b,false,false,false,7b: Special Summons a monster from the GY.,7b: target 1 Level 2 or lower Beast monster in your GY,
99348756,Valkyrian Knight,1,7b,false,false,false,7b: Revives from GY.,7b: target 1 Level 5 or higher Warrior-Type monster in your Graveyard; Special Summon that target,
2204038,Valkyrie Brunhilde,1,9a 9b,false,false,false,9a: Partial unaffected protection. | 9b: Grants battle protection.,"9a: Unaffected by your opponent's Spell effects | 9b: your ""Valkyrie"" monsters cannot be destroyed by battle this turn",
97854941,Valkyrie Sigrun,1,7b,false,false,false,7b: Special Summons from the GY.,"7b: Special Summon 1 Level 8 or lower ""Valkyrie"" monster from your hand or GY",
75347539,Valkyrion the Magna Warrior,1,7b,false,false,false,7b: Special Summons monsters from the GY.,7b: in your Graveyard; Special Summon them,
56387350,Vampire Baby,1,7b,false,false,false,7b: Special Summons a destroyed monster from the GY.,7b: You can Special Summon that monster to your side of the field,
68688135,Vampire Domination,1,10,false,false,false,10: Negates activations.,10: Negate the activation,
34250214,Vampire Familiar,1,7b,false,false,false,7b: Special Summons itself from the GY.,"7b: If this card is in your GY: You can send 1 ""Vampire"" card",
6039967,Vampire Fraulein,1,7b,false,false,false,7b: Special Summons monsters from the GY.,7b: You can Special Summon them from the GYs to your field,
22056710,Vampire Genesis,1,7b,false,false,false,7b: Special Summons a monster from the GY once per turn.,7b: target 1 Zombie-Type monster in your Graveyard,
40607210,Vampire Grace,1,7b,false,false,false,7b: Revives itself from GY.,7b: Special Summon this card from your Graveyard,
33438666,Vampire Grimson,1,7b 9a 9b,false,false,false,9a: Destruction substitute against opponent card effects. | 9b: Destruction substitute against battle. | 7b: Special Summons monsters from the GYs.,"9a: you can pay 1000 LP for each monster that would be destroyed, instead | 9b: you can pay 1000 LP for each monster that would be destroyed, instead | 7b: Special Summon them from the GYs to your field",
53839837,Vampire Lord,1,7b,false,false,false,7b: Special Summons itself from the GY.,7b: Special Summon this card from the GY.,
6917479,Vampire Red Baron,1,7a 7b,false,false,false,7a: Takes control of an opponent's monster. | 7b: Special Summons monsters from the GYs.,7a: switch control of those monsters | 7b: Special Summon them from the GYs to your field,
70645913,Vampire Retainer,1,7b,false,false,false,7b: Special Summons itself from the GY.,"7b: Special Summon this card, but banish it when it leaves the field",
79523365,Vampire Scarlet Scourge,1,7b,false,false,false,7b: Special Summons monsters from the GY.,7b: Special Summon them from the GYs to your field,
22900598,Vampire Takeover,1,7b,false,false,false,7b: Revives from the GY.,"7b: Special Summon 1 DARK ""Vampire"" monster from your Graveyard",
82962242,Vampire Vamp,1,7a 7b,false,false,false,7a: Equips an opponent's monster. | 7b: Revives itself from the GY.,"7a: equip it to this card | 7b: If this card is sent to the GY, while equipped with a card(s) by this effect: Special Summon this card.",
4918855,Vampire Voivode,1,7b 10,false,false,false,7b: Revives from the opponent's GY and itself from the GY. | 10: Negates a monster effect activation.,7b: Special Summon those monsters to your field in Defense Position | 10: You can negate the activation,
34294855,Vampire's Curse,1,7b,false,false,false,7b: Revives itself from the GY.,7b: Special Summon it during the Standby Phase of the next turn,
69700783,Vampire's Desire,1,7b,false,false,false,7b: Special Summons from the GY.,"7b: Target 1 ""Vampire"" monster in your GY; send 1 monster you control to the GY, and if you do, Special Summon the targeted monster",
24857466,Van'Dalgyon the Dark Dragon Lord,1,7b,true,false,false,7b: Revives from the GY.,7b: Target 1 monster in your Graveyard; Special Summon it,Damage and destroy follow its own summon from the hand; rule 4 and 6a were not applied.
77135531,Vanguard of the Dragon,1,7b,false,false,false,7b: Special Summons a monster from a GY.,7b: Normal Monster in either player's Graveyard; Special Summon that target,
84366728,Vanguard of the Underground Emperor,1,7b,false,false,false,7b: Special Summons itself from the GY.,"7b: You can Special Summon this card, but place it on the bottom of the Deck",
27345070,Vanquish Soul - Continue?,1,7b,false,false,false,7b: Special Summons a monster from the GY.,"7b: target 1 ""Vanquish Soul"" monster in your GY; either add it to your hand or Special Summon it",
91073013,Vanquish Soul Caesar Valius,1,9a,false,false,false,9a: Self unaffected.,9a: This face-up card is unaffected by your opponent's activated effects this turn.,
80738884,Vanquish Soul Calamity Caesar,1,6a 10,false,false,false,10: Negates activation. | 6a: Damage after negation is primary (ruling 20).,10: Negate the activation | 6a: inflict damage to your opponent equal to the ATK,
92895501,Vanquish Soul Heavy Borger,1,5 6a,false,false,false,5: Draws a card. | 6a: Direct effect damage without changing the field.,5: Draw 1 card | 6a: Inflict 1500 damage to your opponent,
93156774,Vanquish Soul Hollie Sue,1,7a,false,false,false,7a: Takes control of an opponent's monster.,7a: Take control of 1 monster your opponent controls,
66401502,Vanquish Soul Pantera,1,8 9b,false,false,false,9b: Battle protection. | 8: Can destroy multiple opponent Spells/Traps.,9b: This card cannot be destroyed by battle this turn | 8: Destroy all Spells/Traps in this card's column,
29302858,Vanquish Soul Razen,1,8 9a,true,false,false,9a: Self-protection from effects. | 8: Destroys all monsters in a column.,9a: This card cannot be destroyed by card effects this turn | 8: Destroy all other monsters in this card's column,A column can hold at most one opponent Main Monster Zone plus an Extra Monster Zone; unclear if >1 opponent card is possible.
60883493,Vanquish Soul Snow Devil,1,6a 8 9a,false,false,false,6a: inflicts effect damage without changing the field | 9a: grants card-effect destruction protection | 8: can destroy all monsters,6a: Inflict 400 damage to your opponent | 9a: cannot be destroyed by card effects | 8: destroy all monsters on the field,
53330789,Vanquish Soul Trinity Burst,1,8,false,false,false,8: Multiple bounce.,8: return to the hand all cards your opponent controls,
35550352,"Vanquish Soul, Start!",1,9a 9b,false,false,false,9a: Destruction substitute against card effects. | 9b: Destruction substitute against battle.,"9a: would be destroyed by battle or card effect, you can reveal 1 ""Vanquish Soul"" monster in your hand instead | 9b: would be destroyed by battle or card effect, you can reveal 1 ""Vanquish Soul"" monster in your hand instead",
32233746,Vanquishing Light,1,8 10,false,false,false,10: Negates a Summon. | 8: Can destroy several monsters Summoned at the same time.,10: negate the Summon | 8: destroy that monster(s),
75952542,Vaylantz World - Konig Wissen,1,7a,true,false,false,7a: Takes an opponent's monster under own control as a Spell.,7a: they place that opponent's monster face-up as a Continuous Spell in their Spell & Trap Zone,Unclear if placing as Continuous Spell counts as control (7a) or just removal.
23299957,Vehicroid Connection Zone,1,9a,false,false,false,9a: Grants effect-destruction immunity.,9a: it cannot be destroyed by card effects,
8540986,Veidos the Dragon of Endless Darkness,1,9a,false,false,false,9a: Protects itself from destruction by effects and from targeting.,9a: Cannot be destroyed by card effects,Mass S/T destruction is exempt from rule 8 because this is an Extra Deck monster.
90434926,Veil of Darkness,1,5,false,false,false,5: Extra draw.,5: then you can draw 1 more card,
70491682,Vendread Anima,1,7b,false,false,false,7b: Special Summons from banishment.,"7b: target 1 of your banished ""Vendread"" monsters, except ""Vendread Anima""; Special Summon it",
13482075,Vendread Chimera,1,10,false,false,false,10: Negates an activation.,10: negate the activation,
49394035,Vendread Core,1,7b 9a,false,false,false,7b: Special Summons itself from the GY. | 9a: Grants untargetability.,"7b: Special Summon this card, but banish it when it leaves the field | 9a: Your opponent cannot target this card with card effects",
60375194,Vendread Daybreak,1,8,false,false,false,8: Destroys all cards.,8: destroy all cards on the field,
67267333,Vendread Houndhorde,1,7b,false,false,false,7b: Special Summons itself from the GY.,"7b: Special Summon this card, but banish it when it leaves the field",
2266498,Vendread Reunion,1,7b,false,false,false,7b: Special Summons monsters from banishment.,"7b: Special Summon any number of your banished ""Vendread"" monsters",
31772684,Vendread Revenants,1,7b,false,false,false,7b: Special Summons itself from the GY.,"7b: You can Special Summon this card, but banish it when it leaves the field",
2287848,Vendread Revolution,1,5 7b,false,false,false,7b: Special Summons from the GY. | 5: Draws a card.,7b: Special Summon that monster in Defense Position | 5: then draw 1 card,
29348048,Vendread Scavenger,1,7b,false,false,false,7b: Special Summons itself from the GY.,7b: this card is in your GY: You can Special Summon this card,
49477180,Vendread Striges,1,5 7b,false,false,false,7b: Summons itself from GY. | 5: Granted draw effect.,"7b: Special Summon this card, but banish it when it leaves the field | 5: You can draw 1 card, then discard 1 card",
21702241,Vengeful Servant,1,6a,false,false,false,6a: Damage triggered by a control change is primary.,6a: inflict damage equal to its original ATK to its new controller,
72677437,Vennominon the King of Poisonous Snakes,1,7b,false,false,false,7b: Revives itself from the GY.,7b: Special Summon this card,
4466015,Venom Burn,1,6a,false,false,false,6a: Damage from removing counters is primary.,6a: inflict 700 damage to your opponent for each Venom Counter removed,
54306223,Venom Swamp,1,8,false,false,false,8: Can destroy multiple opponent monsters.,8: Destroy a monster if its ATK becomes 0 by this effect,
55125728,Vera the Vernusylph Goddess,1,7a 7b 10,false,false,false,10: Negates opponent monster effects. | 7a: Takes control of an opponent's monster. | 7b: Revives from the GY.,10: you can negate that effect | 7a: take control of it | 7b: target 1 EARTH monster in your GY; Special Summon it,
59576447,Verdict of Anubis,1,8 10,false,false,false,10: Negates Spell/Trap activation. | 8: Destroys multiple opponent monsters.,10: Negate the activation | 8: destroy as many monsters your opponent controls as possible,
37313338,Vernusylph and the Changing Season,1,7b,false,false,false,7b: Revives from the GY.,7b: add it to your hand or Special Summon it,
63708033,Vernusylph and the Flower Buds,1,8,false,false,false,8: Can bounce multiple opponent cards.,8: return the targeted cards to the hand,
36745317,Vernusylph of the Awakening Forests,1,6b 7b,false,false,false,7b: Revives a monster from the GY. | 6b: Doubles ATK.,7b: Special Summon 1 EARTH monster from your GY | 6b: its ATK becomes doubled,
9350312,Vernusylph of the Flourishing Hills,1,7b 9a,false,false,false,9a: Grants protection from destruction by card effects. | 7b: Special Summons a monster from the GY.,"9a: ""Vernusylph"" monsters you control cannot be destroyed by card effects | 7b: Special Summon 1 EARTH monster from your GY",
62133026,Vernusylph of the Flowering Fields,1,7b 9a,false,false,false,9a: Grants targeting protection. | 7b: Revives from the GY.,"9a: Your opponent cannot target ""Vernusylph"" monsters you control with card effects | 7b: Special Summon 1 EARTH monster from your GY",
81519836,Vernusylph of the Misting Seedlings,1,7b,false,false,false,7b: Revives from GY.,7b: Special Summon 1 EARTH monster from your GY,
9238125,Vernusylph of the Thawing Mountains,1,5 7b,false,false,false,5: Draws. | 7b: Revives from the GY.,5: draw 1 card | 7b: Special Summon 1 EARTH monster from your GY,
10642488,Vic Viper T301,1,7b,false,false,false,7b: Summons itself from the GY.,7b: Special Summon this card from your hand or GY,
78910832,Vic Viper Type-L,1,7b,false,false,false,7b: Special Summons from the GY.,7b: LIGHT Machine monster in your GY; Special Summon it,
75162696,Victoria,1,7b,false,false,false,7b: Revives from the GY.,7b: target 1 Dragon-Type monster in your opponent's Graveyard; Special Summon that target,
15610297,Vijam the Cubic Seed,1,9b 10,false,false,false,9b: Battle-destruction immunity. | 10: Cubic Counter negates the monster's effects.,9b: Cannot be destroyed by battle | 10: also negate their effects,
75493362,Vingolf's Blessing,1,7b,false,false,false,7b: Special Summons from the GY.,7b: target 1 Level 4 or lower Fairy monster in your GY; Special Summon it,
10673071,"Virakam, the Divine Spirit of Artifice",1,10,false,false,false,10: Negates an effect.,10: negate that opponent's effect,
14886190,Virtual World City - Kauwloon,1,7c,false,false,false,7c: Summons Extra Deck monsters without materials.,"7c: Special Summon up to 4 ""Virtual World"" monsters with different names from your Extra Deck",
50275295,Virtual World Gate - Qinglong,1,10,false,false,false,10: Negates a monster's effects.,10: negate its effects until the end of this turn,
18249921,Virtual World Gate - Xuanwu,1,7b,false,false,false,7b: Special Summons from GY.,"7b: target 1 ""Virtual World"" monster in your GY; Special Summon it",
8736823,Virtual World Hime - Nyannyan,1,7b,false,false,false,7b: Special Summons itself from the GY.,7b: You can Special Summon this card as a Tuner,
20799347,Virtual World Oto-Hime - Toutou,1,7b,false,false,false,7b: Special Summons itself from the GY.,7b: Special Summon this card as a Tuner,
86483512,Virtual World Roshi - Laolao,1,7b,false,false,false,7b: Special Summons from the GY.,"7b: Special Summon 1 ""Virtual World"" monster from your GY",
80534031,Virtue Stream,1,8 9a,false,false,false,8: Destroys 2 opponent cards. | 9a: Grants one-time effect-destruction protection.,"8: 2 cards your opponent controls; destroy them | 9a: the next time it would be destroyed by card effect this turn, it is not destroyed",
82697428,Vision HERO Witch Raider,1,8,false,false,false,8: Destroys all opponent Spells/Traps.,8: destroy all Spells and Traps your opponent controls,
68378605,Vodnika the Fountain Spirit,1,5 7b,false,false,false,7b: Revives itself from the GY. | 5: Draws a card.,7b: Special Summon this card from your GY | 5: then draw 1 card,
34822850,Void Expansion,1,9a,false,false,false,9a: Grants untargetability.,"9a: Your opponent cannot target ""Infernoid"" monsters you control for attacks or with card effects",
31444249,Void Imagination,1,7d,false,false,false,7d: Fusion material from the Deck.,7d: you can also use up to 6 monsters in your Deck as Fusion Materials,
60830240,Void Reignition,1,5,false,false,false,5: draws cards,5: then draw the same number of cards you discarded,
8437145,Void Seer,1,9a,false,false,false,9a: Grants unaffected status and a destruction substitute.,9a: that target is unaffected by the opponent's card effects this turn,
1005587,Void Trap Hole,1,10,false,false,false,10: Negates monster effects.,10: Negate the effects of 1 of those monsters,
66436257,Volcanic Counter,1,6a,false,false,false,6a: Reflects damage.,6a: inflict damage to your opponent equal to the amount of battle damage you took,
58143766,Volcanic Emission,1,6a,false,false,false,6a: Inflicts damage without changing the field.,6a: inflict damage to your opponent equal to that monster's original ATK,
46412900,Volcanic Emperor,1,3.2 7b,false,false,false,7b: Summons itself from the GY. | 3.2: Punishes opponent summons on an attackable monster.,"7b: Must be Special Summoned (from your hand or GY) | 3.2: Each time your opponent Special Summons a monster(s), inflict 500 damage to your opponent.",
42175079,Volcanic Eruption,1,8,false,false,false,8: Destroys all cards.,8: Destroy all cards on the field,
54514594,Volcanic Hammerer,1,6a,false,false,false,6a: Direct burn without changing the field.,"6a: inflict damage to your opponent equal to the number of ""Volcanic"" monsters in your Graveyard x 200",
84138874,Volcanic Inferno,1,6a 10,false,false,false,6a: Damage triggered by an activation. | 10: Negates a monster effect.,6a: inflict 500 damage to your opponent | 10: you can negate that effect,
63014935,Volcanic Queen,1,6a,false,false,false,"6a: Burn with a cost, primary damage.",6a: inflict 1000 damage to your opponent,
69750546,Volcanic Scattershot,1,6a 8,false,false,false,6a: Damage triggered by being sent to the GY. | 8: Destroys all opponent's monsters.,6a: Inflict 500 damage to your opponent | 8: destroy all monsters your opponent controls,
17415895,Volcanic Slicer,1,6a,false,false,false,6a: Burn without changing the field.,6a: inflict 500 damage to your opponent,
20951752,Voltanis the Adjudicator,1,8,false,false,false,8: Can destroy multiple opponent cards.,8: destroy cards your opponent controls up to the number of Fairy-Type monsters you Tributed,
42138622,Vortex of Time,1,8 10,true,false,false,10: Rewrites an effect. | 8: Rewritten effect makes the opponent banish all their monsters.,10: their activated effect becomes the following effect | 8: You must banish all monsters you control,Rule 8 hit depends on coin toss and on the opponent resolving the rewritten effect.
7736719,Vortex Trooper,1,5,false,false,false,5: Draws cards.,5: then draw 2 cards,
77387463,Vulcan Dragni the Cubic King,1,7b,false,false,false,7b: Special Summons monsters from the GY.,"7b: target up to 3 ""Vijam the Cubic Seed"" in your Graveyard; send this card to the Graveyard, and if you do, Special Summon them","The 800 damage is triggered by its Special Summon, so it is a byproduct."
41858121,Vylon Matter,1,5,false,false,false,5: Draw option.,5: Draw 1 card,
1644289,Vylon Segment,1,9a,false,false,false,9a: Grants partial targeting protection.,9a: It cannot be targeted by the opponent's monster effects or Trap effects,
84313685,Vylon Tesseract,1,7b 9a 9b,false,false,false,7b: Revives from the GY. | 9a: Destruction substitute (ruling 6). | 9b: The destruction substitute also covers battle.,"7b: Level 4 or lower ""Vylon"" monster in your Graveyard; Special Summon that target | 9a: If the equipped monster would be destroyed, destroy this card instead | 9b: If the equipped monster would be destroyed, destroy this card instead",
87836938,Vylon Vanguard,1,5,false,false,false,5: Draws cards.,5: draw 1 card for each Equip Card,
90075978,W Nebula Meteorite,1,5,false,false,false,5: Draws cards.,5: draw 1 card for each,
85586937,WAKE CUP! Earl,1,7b 8,false,false,false,8: Can remove multiple opponent cards. | 7b: Special Summons from the GY.,8: send face-up cards your opponent controls to the GY | 7b: target 1 Flip monster in your GY; Special Summon it,
10813327,Waking the Dragon,1,7c,false,false,false,7c: Brings an Extra Deck monster to the field without materials.,7c: Special Summon 1 monster from your Deck or Extra Deck,
17078030,Wall of Revealing Light,1,3.3,false,false,false,3.3: Attack lock defined by ATK.,3.3: Monsters your opponent controls cannot attack if their ATK is less than or equal to the amount you paid,
2779999,Wall of Thorns,1,8,false,false,false,8: Destroys multiple opponent's monsters.,8: Destroy all Attack Position monsters your opponent controls,
2563463,Wandering Gryphon Rider,1,10,true,false,false,10: Negates an activation.,10: negate that activation,"Rule 4 not applied: the negation effect seems to be used from the field, but the text does not say where it is activated from."
43363035,Wandering Titan of Tartarus,1,8,false,false,false,8: Can send multiple opponent cards to the GY.,8: send cards your opponent controls to the GY up to the number sent to the GY by this effect,
80845034,WANTED: Seeker of Sinful Spoils,1,5,false,false,false,5: Draws a card (cost exchange still counts).,5: then draw 1 card,
18558867,War Rock Bashileos,1,7b,false,false,false,7b: Can Special Summon itself from the GY.,"7b: While this card is in your hand or GY, when your EARTH Warrior monster is destroyed by battle: You can Special Summon this card",
46660187,War Rock Big Blow,1,8,false,false,false,8: Destroys up to 2 opponent cards.,8: Destroy up to 2 cards your opponent controls,
47882774,War Rock Dignity,1,10,false,false,false,10: Negates effects.,10: Negate that effect,
10497636,War Rock Meteoragon,1,9a 10,false,false,false,9a: Protection from destruction by effects. | 10: Negates monster effects.,9a: Cannot be destroyed by an opponent's card effects | 10: You can negate that opponent's monster's effects,
71331215,War Rock Ordeal,1,5,false,false,false,5: Draws cards on battle destruction.,5: draw 1 card,
72554862,War Rock Skyler,1,7b,false,false,false,7b: Summons a monster from the GY.,7b: Special Summon it,
83880473,War Rock Spirit,1,7b 9b,false,false,false,7b: Special Summons a monster from the GY. | 9b: Grants battle-destruction protection.,"7b: Special Summon that target | 9b: would be destroyed by battle this turn, it is not destroyed",
90873992,Warrior Elimination,1,8,false,false,false,8: Mass destruction.,8: Destroy all Warrior monsters on the field.,
85066822,Water Dragon,1,7b,false,false,false,7b: Special Summons monsters from the GY.,7b: in your GY; Special Summon them,
7133305,Water of Life,1,7b,false,false,false,7b: Special Summons a monster from the GY.,7b: Target 1 monster in your GY; Special Summon that target,
23068051,Waterfall of Dragon Souls,1,5,false,false,false,5: Draws cards.,5: draw cards equal to the number of monsters you sent to the GY +1,
56993276,Wattcancel,1,10,false,false,false,10: Negates a Summon.,10: negate the Summon,
61380658,Watthopper,1,9a,false,false,false,9a: Grants targeting protection to other Watt monsters.,9a: target them with card effects,
32061744,Wattkeeper,1,7b,false,false,false,7b: Special Summons a monster from the GY.,7b: Special Summon that monster from the Graveyard,
81896771,Wattpheasant,1,7b,false,false,false,7b: Banished monster returns to the field (ruling 1).,7b: remove it from play until the End Phase of this turn,
38992735,Wave-Motion Cannon,1,6a,false,false,false,6a: Effect damage as primary function.,6a: inflict 1000 damage to your opponent,
91880660,Way Where There's a Will,1,8,false,false,false,8: Returns all opponent's field cards to the Deck.,8: shuffle all cards your opponent controls and in their GY into the Deck,
28604635,Weed Out,1,8,false,false,false,8: Destroys multiple monsters.,8: Destroy all face-up Attack Position Level 3 monsters,
81005500,"Ween, the Spirit of Treats",1,6a 7b,false,false,false,6a: Primary burn. | 7b: Revives from GY.,6a: Inflict 500 damage to your opponent for each Zombie monster in your GY. | 7b: Special Summon 1 monster from your opponent's GY to your field,
39103226,Weighbridge,1,8,false,false,false,8: Can send multiple opponent monsters to the GY.,8: Your opponent must send monsters they control to the GY so they only control 1 monster,
42548470,Weights & Zenmaisures,1,5,false,false,false,5: Draws a card.,5: you can draw 1 card,
96576187,"Weiss, Lightsworn Archfiend",1,7b,false,false,false,7b: Special Summons a monster from the GY.,"7b: target 1 ""Lightsworn"" monster in your GY, except ""Weiss, Lightsworn Archfiend""; Special Summon it",
85523502,Whisker Blitzclique,1,8 10,false,false,false,10: Negates monster effect activation. | 8: Can destroy multiple cards.,10: negate the activation | 8: destroy up to that many cards on the field,
18756904,White Elephant's Gift,1,5,false,false,false,5: Draws cards.,5: draw 2 cards,
43487744,White Hole,1,9a,false,false,false,9a: Partial effect-destruction protection.,"9a: Monsters you control cannot be destroyed by that ""Dark Hole's"" effect.",
62487836,White Howling,1,10,false,false,false,10: Negates Spell effects.,10: negate all Spell effects on your opponent's field,
19885332,White Mirror,1,7b,false,false,false,7b: Special Summons a monster from the GY.,7b: Fish monster in your GY; Special Summon it,
11426487,White Steed of the Floral Knights,1,10,false,false,false,10: Negates an attack.,10: negate the attack,
52596406,White Sunfish,1,7b,false,false,false,7b: Special Summons a monster from the GY.,7b: Fish monster in your GY,
49306994,White Veil,1,3.2 8 10,true,false,false,3.2: Situational lock tied to an attackable equipped monster. | 10: Negates Spell/Trap effects. | 8: Mass destruction.,3.2: your opponent cannot activate any Spell/Trap Cards until the end of the Damage Step | 10: have their effects negated | 8: destroy all Spell and Trap Cards your opponent controls,"3000 damage on leaving the field is a self-drawback, not 6a."
31374201,"Whitebeard, the Plunder Patroll Helm",1,7c,false,false,false,7c: Summons from the Extra Deck without its materials.,"7c: Special Summon 1 ""Plunder Patroll"" monster from your Extra Deck",
27103517,Wicked Acolyte Chilam Sabak,1,7b,false,false,false,7b: Special Summons itself from the GY.,7b: destroyed by battle and sent to the GY: You can Special Summon this card in Defense Position,
81476402,Wicked Serpent Night Dragon,1,7b,false,false,false,7b: Revives itself from GY.,7b: then you can Special Summon this card,
68427465,Wicked-Breaking Flamberge - Baou,1,10,false,false,false,10: Negates effects of monsters it destroys.,10: Negate the effects of opponent's monsters destroyed by battle,
39848658,Wight Reanimator,1,7b,false,false,false,7b: Special Summons a monster from the GY.,7b: Special Summon the targeted monster,
22970795,Wightlord,1,7b,false,false,false,7b: Revives from the GY.,7b: Special Summon it,
22339232,Wightmare,1,7b,false,false,false,7b: Special Summons a monster from banishment; discards itself.,"7b: Target 1 of your banished ""The Lady in Wight"" or ""King of the Skull Servants""; Special Summon it",
68815401,Wild Fire,1,8,false,false,false,8: Destroys all monsters.,8: destroy all monsters on the field,
80538728,Wind-Up Knight,1,10,false,false,false,10: Negates an attack.,10: You can negate the attack,
42874792,Wind-Up Rabbit,1,7b,false,false,false,7b: Banishes a monster that later returns to the field (flicker ruling).,7b: banish it until your next Standby Phase,
57962537,Wind-Up Rat,1,7b,false,false,false,7b: Special Summons a monster from the GY.,"7b: ""Wind-Up"" monster in your Graveyard",
53027855,Windrose the Elemental Lord,1,8,false,false,false,8: Destroys all opponent's Spells/Traps.,8: Destroy all Spells and Traps your opponent controls,
84851250,Windwitch - Blizzard Bell,1,6a,false,false,false,6a: Inflicts effect damage as its primary function.,6a: inflict 500 damage to your opponent,
25793414,Windwitch - Crystal Bell,1,7b,false,false,false,7b: Special Summons monsters from the GY.,"7b: Level 4 or lower ""Windwitch"" monster in your Graveyard; Special Summon them",
43722862,Windwitch - Ice Bell,1,6a,false,false,false,6a: Burn damage.,6a: You can inflict 500 damage to your opponent,
8843569,Wing Requital,1,5,false,false,false,5: Draws cards.,5: draw 2 cards,
98585345,Winged Kuriboh LV10,1,8,false,false,false,8: Mass destruction.,8: destroy as many Attack Position monsters your opponent controls as possible,
48486809,Winged Kuriboh LV6,1,7b,false,false,false,7b: Summons itself from GY.,7b: Must be Special Summoned (from your hand or GY),Burn is byproduct of destruction.
10132124,Wingtortoise,1,7b,false,false,false,7b: Can Special Summon itself from the GY.,7b: Special Summon this card from your hand or Graveyard,
34507039,Wiretap,1,10,false,false,false,10: Negates a Trap activation.,10: Negate the activation,
17720747,Witch of the Black Rose,1,5,false,false,false,5: Draws a card.,5: Draw 1 card and show it,
36458063,Witch's Strike,1,8,false,false,false,8: Destroys all opponent cards.,8: Destroy all cards your opponent controls,
83289866,Witchcrafter Bystreet,1,9a 9b,false,false,false,9a: Witchcrafter monsters survive the first destruction by card effect each turn. | 9b: Witchcrafter monsters survive the first destruction by battle each turn.,"9a: by battle or card effect, it is not destroyed | 9b: by battle or card effect, it is not destroyed",
69748261,Witchcrafter Distortion,1,10,false,false,false,10: Negates activations.,10: Negate the activation,
56894757,Witchcrafter Draping,1,8,false,false,false,8: Can return multiple opponent Spells/Traps to hand.,"8: Target Spells/Traps your opponent controls, up to the number",
58139997,Witchcrafter Edel,1,7b,false,false,false,7b: Special Summons a monster from the GY.,"7b: target 1 Spellcaster monster in your GY, except ""Witchcrafter Edel""; Special Summon it",
84523092,Witchcrafter Haine,1,9a,false,false,false,9a: Grants targeting protection.,9a: Your opponent cannot target other Spellcaster monsters you control with card effects,
83301414,Witchcrafter Holiday,1,7b,false,false,false,7b: Special Summons a monster from the GY.,7b: monster in your GY; Special Summon it,
33475154,Witchcrafter Madame Rilliona,1,7b,false,false,false,7b: Revives itself from GY.,7b: Special Summon this card in Defense Position,
21522601,Witchcrafter Madame Verre,1,10,false,false,false,10: Negates opponent monsters.,10: negate the effects of all face-up monsters your opponent currently controls,
6071005,Witchcrafter Marka,1,7b,false,false,false,7b: Revives itself from the GY.,7b: You can Special Summon this card (but banish it when it leaves the field),
95245544,Witchcrafter Pittore,1,5,false,false,false,5: Draws a card.,5: draw 1 card,
19673561,Witchcrafter Scroll,1,5,false,false,false,5: Draws a card.,5: You can draw 1 card,
59106048,Witchcrafter Seed,1,5,false,false,false,5: Shuffles and draws cards.,5: then draw that many cards,
1527418,"Wiz, Sage Fur Hire",1,10,false,false,false,10: Negates a Spell/Trap activation.,10: negate the activation,
3723262,Wizard @Ignister,1,7b,false,false,false,7b: Special Summons a monster from the GY.,7b: target 1 DARK Cyberse monster in your GY; Special Summon both,
67775894,Wonder Wand,1,5,false,false,false,5: Draws cards.,5: draw 2 cards,
17832359,"Wonko, Noble Knight of the Forest",1,5,false,false,false,5: Can draw a card.,5: you can draw 1 card instead,
44928016,World Carrotweight Champion,1,7b,false,false,false,7b: Special Summons itself from the GY.,7b: Special Summon this card,
57288708,"World Legacy - ""World Chalice""",1,8,true,false,false,8: Can send several simultaneously summoned opponent monsters to the GY.,8: send that monster(s) to the GY,Multiple removal only if several monsters are summoned at once.
55787576,"World Legacy - ""World Shield""",1,7b 9a,false,false,false,9a: Grants untargetability and effect indestructibility. | 7b: Special Summons itself from GY.,"9a: Your opponent cannot target your ""World Legacy"" cards in this card's column with card effects | 7b: if this card is in your GY: You can pay 1000 LP; Special Summon this card",
93920420,"World Legacy - ""World Wand""",1,7b 9b,false,false,false,9b: Battle destruction protection. | 7b: Special Summons a banished monster.,"9b: cannot be destroyed by battle with a monster Special Summoned from the Extra Deck | 7b: target 1 of your banished ""Orcust"" monsters; Special Summon it",
93236220,World Legacy Clash,1,7b,false,false,false,7b: Flicker: the banished monster returns to the field (ruling 1).,7b: Banish 1 face-up monster you control (until the End Phase),
61654098,World Legacy Discovery,1,7b,false,false,false,7b: Special Summons a monster from the GY.,7b: monster in your GY; Special Summon it in Defense Position,
87571563,World Legacy Guardragon,1,7b,false,false,false,7b: Can Special Summon a Dragon from the GY.,7b: add it to your hand or Special Summon it,
2930675,World Legacy Key,1,10,false,false,false,10: Continuous negation.,10: Negate any opponent's Trap effect,
21254443,World Legacy Landmark,1,7b,false,false,false,7b: Special Summons from the GY.,7b: target 2 monsters in your GY; Special Summon them,
35546670,World Legacy Scars,1,5,false,false,false,5: Discard to draw.,5: draw 1 card,
58374719,World Legacy Struggle,1,8,false,false,false,8: Can destroy several cards.,"8: Target Spells/Traps on the field, up to the number of co-linked monsters on the field; destroy them",
16329071,World Legacy Trap Globe,1,5,false,false,false,5: Draws cards.,5: then draw 2 cards,
62530723,World Legacy Whispers,1,10,false,false,false,10: Negates Spell effects.,10: Negate any opponent's Spell effect,
98935722,World Legacy's Secret,1,7b 10,false,false,false,7b: Revives from GY. | 10: Continuous negation.,7b: target 1 Level 5 or higher monster in your GY; Special Summon it | 10: Negate any opponent's monster effect,
85763457,World Legacy's Sorrow,1,10,false,false,false,10: Negates activations.,10: Negate the activation,
29146185,World of Prophecy,1,8,false,false,false,8: Destroys all other cards on the field.,8: destroy all other cards on the field,
12253117,World Suppression,1,10,false,false,false,10: Negates a Field Spell.,10: Negate the Field Spell Card,
11159464,Worm Hope,1,5,false,false,false,5: Flip effect draws a card.,5: draw 1 card,
84932271,Worm Jetelikpse,1,7b,false,false,false,7b: Special Summons itself from the GY.,7b: Special Summon it from the Graveyard,
44811425,Worm Linx,1,5,false,false,false,5: Draws each End Phase.,5: draw 1 card,
71315423,Worm Millidith,1,6a,false,false,false,6a: Recurring burn without changing the field.,6a: Inflict 400 damage to the controller of the equipped monster during each Standby Phase,
7700132,Worm Noble,1,6a,true,false,false,6a: Flip-triggered damage is primary (ruling 20).,6a: inflict damage to your opponent equal to half the attacking monster's ATK,Flip is caused by an attack; could count as battle byproduct.
76683171,Worm Ugly,1,7b,false,false,false,7b: Revival onto opponent's field (ruling 26).,7b: Special Summon this card from your Graveyard to your opponent's side of the field,
2088870,Worm Victory,1,8,false,false,false,8: Mass destruction.,8: Destroy all face-up monsters on the field,
35638627,Worm Warlord,1,10,false,false,false,10: Negates effects.,10: Negate the effects of Effect Monsters destroyed by battle with this card,
47111934,Worm Yagan,1,7b,false,false,false,7b: Special Summons itself from the GY.,7b: Special Summon this card from your Graveyard,
74506079,Worm Zero,1,5 7b,false,false,false,7b: Special Summons from the GY. | 5: Draws a card.,"7b: select 1 Reptile-Type monster in your Graveyard, and Special Summon it | 5: Once per turn, you can draw 1 card",
52098461,Wrath of Neos,1,8,false,false,false,8: Destroys all cards on the field.,8: destroy all cards on the field,
37744402,Wynn the Wind Charmer,1,7a,false,false,false,7a: Takes control of an opponent's monster.,7a: take control of 1 WIND monster your opponent controls,
96099959,X-Saber Palomuro,1,7b,false,false,false,7b: Revives itself.,7b: Special Summon this card from the Graveyard,
8540055,Xenovader△ of Blue Tuonela,1,7b,false,false,false,7b: Special Summons from banishment.,"7b: Special Summon 1 of your face-down banished Level 5 or higher ""Xenovader△"" monsters",
34645790,Xenovader△ of Scarlet Naraka,1,7b,false,false,false,7b: Special Summons from banishment.,"7b: Special Summon 1 of your face-down banished Level 5 or higher ""Xenovader△"" monsters",
31213049,XX-clusion,1,10,false,false,false,10: Negates a monster effect activation.,10: Negate that activation,
51808422,XX-Saber Faultroll,1,7b,false,false,false,7b: Revives from the GY.,7b: Special Summon that target,
78422252,XX-Saber Fulhelmknight,1,7b 10,false,false,false,10: Negates an attack. | 7b: Special Summons from the GY.,10: negate that attack | 7b: monster in your Graveyard; Special Summon it,
75748977,XYZ-Hyper Dragon Cannon,1,7b,false,false,false,7b: Special Summons monsters from GY/banishment.,7b: Special Summon up to 3 of the Fusion Materials mentioned on it from your GY and/or banishment,
6355563,Y-Yare Head,1,9a 9b,false,false,false,9a: Destruction substitute against effects. | 9b: Destruction substitute against battle.,"9a: If the equipped monster would be destroyed by battle or card effect, destroy this card instead | 9b: If the equipped monster would be destroyed by battle or card effect, destroy this card instead",
29792472,Yad'al-Hecahands,1,10,false,false,false,10: Negates Spell/Trap activation.,10: Negate the activation,
76862289,Yamata Dragon,1,5,false,false,false,5: Draws cards.,5: draw cards until you have 5 cards in your hand,
24181936,Yaminabe Party,1,6b,true,false,false,6b: Effectively doubles ATK.,6b: it gains ATK equal to its original ATK during damage calculation only,Gaining its original ATK doubles it only when current ATK equals original ATK.
67249508,Yang Zing Brutality,1,6b,false,false,false,6b: Doubles ATK.,6b: each become double its original ATK and DEF,
17183908,Yang Zing Path,1,5,false,false,false,5: Draws cards.,5: then draw 2 cards,
90247311,Yellow Dragon Ninja,1,8,false,false,false,8: Can destroy 2 opponent cards.,8: target up to 2 Spells/Traps on the field; destroy them,
27750191,Yokotuner,1,7b,false,false,false,7b: Revives a monster from the GY.,7b: Special Summon 1 Tuner from your hand or Graveyard,
17350692,Yomagna the Fire Phantom,1,8,false,false,false,8: Can use several opponent monsters as material (ruling 28).,8: Fusion Summon 1 Fusion Monster from your Extra Deck using monsters on either field,
57511992,Yorishiro of the Aqua,1,7b,false,false,false,7b: Special Summons a monster from the GY.,7b: Special Summon that monster in Defense Position,
85970321,Yosenju Izna,1,5,false,false,false,5: Draws a card.,5: You can draw 1 card,
54880296,Yosenju Wind Worship,1,5,false,false,false,5: Draws cards.,5: draw until you have 5 cards in your hand,
54903668,Yosenjus' Secret Move,1,10,false,false,false,10: Negates an activation.,10: Negate the activation,
10612222,Yosenjus' Sword Sting,1,8,false,false,false,8: Can bounce up to 2 opponent cards.,8: target the same number of face-up cards your opponent controls; return them to the hand,
32056070,You and A.I.,1,10,false,false,false,10: Negates a card's effects.,10: Negate the effects of 1 face-up card,
88346805,You're Finished,1,8,false,false,false,8: Destroys all opponent's cards.,8: destroy as many cards your opponent controls as possible,
33393090,Yowie,1,11a,false,false,false,11a: Skips the opponent's Draw Phase once per Duel.,11a: your opponent skips their next Draw Phase,
81332143,Yu-Jo Friendship,1,6a,true,false,false,6a: Sets LP (ruling 21).,6a: each player's Life Points become half the combined Life Points of both players,Opponent must accept; may raise opponent LP instead.
78371393,Yubel,1,7b 9b,true,false,false,9b: Battle indestructible. | 7b: Can summon from GY.,"9b: This card cannot be destroyed by battle. | 7b: Special Summon 1 ""Yubel - Terror Incarnate"" from their hand, Deck, or Graveyard","Attack-triggered damage treated as battle byproduct, though ruling 22 (reflection) might make it 6a."
4779091,Yubel - Terror Incarnate,1,8 9b,false,false,false,9b: Indestructible by battle. | 8: Destroys all other monsters.,9b: This card cannot be destroyed by battle | 8: Destroy all other monsters on the field,"Damage is triggered by an attack, treated as byproduct."
47172959,Yubel - The Loving Defender Forever,1,9a 9b,false,false,false,9a: Indestructible by card effects. | 9b: Indestructible by battle.,9a: Cannot be destroyed by battle or card effects | 9b: Cannot be destroyed by battle or card effects,
72700231,"Yuki-Musume, the Ice Mayakashi",1,7b,false,false,false,7b: Can summon itself from the GY.,7b: You can Special Summon this card,
29369059,Yummy☆Surprise,1,7b 8,false,false,false,8: Returns 2 opponent cards to hand. | 7b: Special Summons from the GY.,"8: 2 cards your opponent controls; return them to the hand | 7b: Special Summon 1 ""Yummy"" monster from your hand or GY",
33744268,Z-Zillion Tank,1,9a 9b,false,false,false,9a: Destruction substitute against card effects for the equipped monster. | 9b: Destruction substitute against battle for the equipped monster.,"9a: destroyed by battle or card effect, destroy this card instead | 9b: destroyed by battle or card effect, destroy this card instead",
28929131,"Zaphion, the Timelord",1,5 8 9a 9b,false,false,false,9a: Cannot be destroyed by card effects. | 9b: Cannot be destroyed by battle. | 8: Returns all opponent Spells and Traps to the Deck. | 5: Draws a card.,9a: Cannot be destroyed by battle or card effects | 9b: Cannot be destroyed by battle or card effects | 8: Shuffle all Spells and Traps your opponent controls into the Deck | 5: You can draw 1 card,
35561352,Zefra Divine Strike,1,10,false,false,false,10: Negates an activation.,10: negate the activation,
74854609,Zekt Conversion,1,7a,false,false,false,7a: Takes control of an opponent's monster.,7a: Take control of the equipped monster,
12555008,Zenet Cataract,1,10,false,false,false,10: Negates monster effects.,10: negate the first activated monster effect,
72278590,Zenet Per Akh,1,7c,false,false,false,7c: Extra Deck summon without materials.,7c: Special Summon 1 non-Effect Fusion Monster from your Extra Deck,
48940617,Zenet Thunderfall,1,10,false,false,false,10: Negates Spell/Trap activation.,10: Negate the activation,
47095439,Zenetnakht Sphinx,1,7b 9a,false,false,false,9a: Unaffected protection. | 7b: Revives from GY.,9a: is unaffected by your opponent's activated effects | 7b: Special Summon 1 Normal Monster from your GY,
30562585,ZERO-MAX,1,7b 8,false,false,false,7b: Special Summons from the GY. | 8: Can destroy multiple opponent monsters.,"7b: Select 1 ""Infernity"" monster in your Graveyard. Special Summon it | 8: destroy all face-up monsters on the field with ATK lower",
4017398,Zexal Entrust,1,7b,false,false,false,7b: Special Summons from the GY.,7b: add it to your hand or Special Summon it,
675319,Zodiac Sign,1,9a,false,false,false,9a: Destruction substitute against card effects.,"9a: you can destroy 1 monster in your hand or field instead of 1 ""Zoodiac"" monster",
17259470,Zombie Master,1,7b,false,false,false,7b: Special Summons from a GY.,7b: Special Summon that target,
38363525,Zombie Necronize,1,7a,false,false,false,7a: takes control of an opponent's monster,7a: take control of it until the End Phase,
19942835,Zombie Reborn,1,7b,false,false,false,7b: Special Summons from either GY.,7b: Special Summon the targeted monster to your field,
81616639,Zombina,1,7b,false,false,false,7b: Special Summons a monster from the GY.,"7b: monster in your GY, except",
36099130,"Zoroa, the Magistus of Flame",1,7b,false,false,false,7b: Can Special Summon from the GY.,7b: Special Summon 1 Level 4 Spellcaster monster from your hand or GY,
32281491,ZS - Ouroboros Sage,1,6b 7b,false,false,false,7b: Revives a monster from the GY. | 6b: Doubles ATK (ruling 23).,"7b: Special Summon 1 non-LIGHT ""Number"" monster from your GY | 6b: double the attacking monster's ATK",
51865604,ZS - Vanish Sage,1,5 7b,false,false,false,5: Draws a card. | 7b: Special Summons from banishment.,5: You can draw 1 card | 7b: target 1 of those banished monsters; Special Summon that target,
43256007,Zuijin of the Ice Barrier,1,7b,false,false,false,7b: Special Summons itself from the GY.,"7b: Special Summon this card, but banish it when it leaves the field",
67547370,Zushin the Sleeping Giant,1,9a,false,false,false,9a: Unaffected.,9a: Unaffected by other cards' effects,
29353756,ZW - Eagle Claw,1,10,false,false,false,10: Negates opponent Trap effects.,10: negate the effects of that card,
45082499,ZW - Lightning Blade,1,9a,false,false,false,9a: Destruction substitute against card effects.,"9a: If a monster equipped with this card would be destroyed by a card effect, destroy this card instead",
32164201,ZW - Pegasus Twin Saber,1,10,false,false,false,10: Negates a monster effect.,10: negate a monster effect activated on your opponent's field,
2648201,ZW - Sleipnir Mail,1,7b,false,false,false,7b: Special Summons from the GY.,7b: monster in your Graveyard; Special Summon that target,
81471108,ZW - Tornado Bringer,1,9a 9b,false,false,false,9a: Targeting protection. | 9b: Battle destruction substitute.,"9a: your opponent cannot target that monster with card effects | 9b: would be destroyed by battle, destroy this card instead",
76080032,ZW - Unicorn Spear,1,10,false,false,false,10: Negates a monster effect.,10: the opponent's monster's effect is negated during the Battle Phase only,
97232518,Abyss Stungray,2,9b,false,false,false,9b: Battle-destruction immunity.,9b: this card cannot be destroyed by battle,
58012107,Alien Psychic,2,3.2,false,false,false,3.2: Continuous attack lock on a monster; counters are not a card property.,3.2: Monsters with A-Counters cannot declare an attack.,
32181268,Amano-Iwato,2,3.2,false,false,false,3.2: Continuous effect lock on a monster the opponent can attack.,"3.2: Monsters cannot activate their effects, except Spirit monsters",
79965360,Amazoness Heirloom,2,9b,false,false,false,9b: Grants battle-destruction protection.,9b: that monster cannot be destroyed by battle,
15951532,Amazoness Queen,2,9b,false,false,false,9b: Grants battle-destruction immunity to Amazoness monsters.,9b: cannot be destroyed by battle,
64603182,Ancient Gear Dark Golem,2,3.2,false,false,false,3.2: Situational floodgate on an attackable monster.,"3.2: If this card attacks, your opponent cannot activate Spell/Trap Cards until the end of the Damage Step",
1278431,Ancient Gear Frame,2,3.2,false,false,false,3.2: Situational floodgate on a monster.,"3.2: If this card attacks, your opponent cannot activate Spell/Trap Cards until the end of the Damage Step",
50933533,Ancient Gear Gadjiltron Dragon,2,3.2,false,false,false,3.2: Situational monster floodgate (ruling 5).,"3.2: If this card attacks, your opponent cannot activate any Spell/Trap Cards",
83104731,Ancient Gear Golem,2,3.2,false,false,false,3.2: Situational lock on a monster the opponent can attack (ruling 5).,3.2: your opponent cannot activate any Spell/Trap Cards until the end of the Damage Step,
42878636,Ancient Gear Hunting Hound,2,3.2,false,false,false,3.2: Situational floodgate on a monster.,"3.2: If this card attacks, your opponent cannot activate any Spell/Trap Cards until the end of the Damage Step.",
81269231,Ancient Gear Hydra,2,3.2,false,false,false,3.2: Situational monster floodgate (ruling 5).,3.2: your opponent's Spell/Trap Cards and monster effects cannot be activated until the end of the Damage Step,
39303359,Ancient Gear Knight,2,3.2,false,false,false,3.2: Situational monster floodgate (ruling 5).,"3.2: If this card attacks, your opponent cannot activate any Spell/Trap Cards until the end of the Damage Step",
44874522,Ancient Gear Reactor Dragon,2,3.2,false,false,false,3.2: Situational floodgate on a monster.,3.2: your opponent's Spell/Trap Cards and monster effects cannot be activated until the end of the Damage Step,
56094445,Ancient Gear Soldier,2,3.2,false,false,false,3.2: Situational monster floodgate (ruling 5).,"3.2: If this card attacks, your opponent cannot activate any Spell/Trap Cards",
17663375,Ancient Gear Wyvern,2,3.2,false,false,false,3.2: Situational floodgate on a monster (ruling 5).,"3.2: If this card attacks, your opponent's monsters cannot activate their effects until the end of the Damage Step",
60033398,Ancient Warriors - Fearsome Zhang Yuan,2,9b,false,false,false,9b: Grants battle-destruction immunity to other Ancient Warriors.,9b: cannot be destroyed by battle,"Hand effect is Damage Step only, falls under the rule 4 exception."
56784842,Angel O7,2,3.2,false,false,false,3.2: Continuous lock on monster effects on an attackable monster.,3.2: The effects of Effect Monsters cannot be activated.,
75771170,Arahime the Manifested Mikanko,2,9b,false,false,false,9b: Battle indestructible.,9b: Cannot be destroyed by battle,
12686296,Arcana Force EX - The Chaos Ruler,2,3.2,true,false,false,3.2: Continuous lock on an attackable monster.,3.2: your opponent cannot activate the effects of monsters on the field,Depends also on Light Barrier; removing the monster by attack ends it.
45349196,Archfiend Black Skull Dragon,2,3.2,true,false,false,3.2: Situational activation lock on a monster that can be attacked.,"3.2: If this card battles, your opponent's cards and effects cannot be activated until the end of the Damage Step","End-of-Battle-Phase burn is triggered by damage calculation; treated as byproduct, not 6a."
14430063,Archfiend Interceptor,2,3.2,true,false,false,3.2: Lasting punishment of attacks (ruling 4) on a monster that can be attacked.,"3.2: when an opponent's monster declares an attack, inflict 500 damage to your opponent",Could also be read as 6a byproduct of attack declaration; ruling 4 applied.
59509952,Archlord Kristya,2,3.2,false,false,false,3.2: Summon lock on an attackable monster.,3.2: Neither player can Special Summon monsters,
91284003,Argostars - Swift Capane,2,9b,false,false,false,9b: Grants battle destruction immunity.,9b: Warrior monsters you control cannot be destroyed by battle,
75906310,Armed Dragon Catapult Cannon,2,3.2,false,false,false,3.2: Continuous activation lock on an attackable monster.,3.2: Your opponent cannot activate cards or effects with the same name as any banished card.,Mass banish ignored: rule 8 excludes Extra Deck monsters.
43378048,Armityle the Chaos Phantasm,2,9b,false,false,false,9b: Battle-indestructible.,9b: Cannot be destroyed by battle,
87798440,Armor Breaker,2,9b,false,false,false,9b: Battle destruction substitute.,"9b: If the equipped monster would be destroyed by battle, this card is destroyed instead",
21452275,Aroma Jar,2,9b,false,false,false,9b: Battle protection.,9b: this card cannot be destroyed by battle,
58569561,Aromage Rosemary,2,3.2,true,false,false,3.2: Situational monster floodgate removable by attacking it.,3.2: your opponent cannot activate monster effects until the end of the Damage Step,LP comparison condition; unclear whether step 3.1 (field-state comparison) covers LP.
69296555,Array of Revealing Light,2,3.2,false,false,false,3.2: Field Spell attack lock the opponent can replace with their own Field Spell.,3.2: Any monster of the declared Type cannot declare an attack,
60946049,Artmage Graflare,2,9b,false,false,false,9b: battle destruction protection,"9b: The first time this card would be destroyed by battle each turn, it is not destroyed",
14148099,B.E.S. Big Core,2,9b,false,false,false,9b: Battle-destruction immunity.,9b: Cannot be destroyed by battle,
75937826,B.E.S. Big Core MK-2,2,9b,false,false,false,9b: Battle immunity.,9b: This card cannot be destroyed by battle.,
82821760,B.E.S. Big Core MK-3,2,9b,false,false,false,9b: Battle protection.,9b: Cannot be destroyed by battle,
84257883,B.E.S. Blaster Cannon Core,2,9b,false,false,false,9b: Battle protection.,9b: Cannot be destroyed by battle,
15317640,B.E.S. Covered Core,2,9b,false,false,false,9b: Battle-destruction immunity.,9b: This card cannot be destroyed by battle,
22790789,B.E.S. Crystal Core,2,9b,false,false,false,9b: Battle indestructibility.,9b: This card cannot be destroyed by battle,
44954628,B.E.S. Tetran,2,9b,false,false,false,9b: Cannot be destroyed by battle.,9b: This card cannot be destroyed by battle.,
89127526,Barrier Resonator,2,9b,false,false,false,9b: Grants battle protection.,9b: it cannot be destroyed by battle,
84478195,Barrier Statue of the Abyss,2,3.2,false,false,false,3.2: Summon lock on an attackable monster.,"3.2: No monsters can be Special Summoned, except for DARK monsters",
19740112,Barrier Statue of the Drought,2,3.2,false,false,false,3.2: Summon lock on a monster the opponent can attack.,"3.2: No monsters can be Special Summoned, except for EARTH monsters.",
46145256,Barrier Statue of the Heavens,2,3.2,false,false,false,3.2: Summon lock on an attackable monster.,"3.2: No monsters can be Special Summoned, except for LIGHT monsters.",
73356503,Barrier Statue of the Stormwinds,2,3.2,false,false,false,3.2: Continuous summon lock on an attackable monster.,"3.2: No monsters can be Special Summoned, except for WIND monsters.",
65433790,Battle Royal Mode - Joining,2,9b,false,false,false,9b: Battle-destruction protection.,"9b: The first two times that monster would be destroyed by battle each turn, it is not destroyed",
86325573,Battlin' Boxer Big Bandage,2,9b,false,false,false,9b: Partial battle protection.,"9b: Once per turn, this card cannot be destroyed by battle",
79867938,Battlin' Boxer Headgeared,2,9b,false,false,false,9b: Self battle-destruction protection.,9b: cannot be destroyed by battle,
59380081,Big-Tusked Mammoth,2,3.2,false,false,false,3.2: Continuous attack lock on an attackable monster.,3.2: Monsters your opponent controls cannot attack the turn they are Summoned,
76218643,Black Potan,2,9b,false,false,false,9b: Battle indestructible.,9b: this card cannot be destroyed by battle,
28190303,Blackwing - Gladius the Midnight Sun,2,9b,false,false,false,9b: Battle protection.,9b: this card cannot be destroyed by battle,
87390067,Blackwing - Jetstream the Blue Sky,2,9b,false,false,false,9b: Makes a monster not destroyable by battle.,"9b: prevent a ""Blackwing"" monster you control from being destroyed by this battle","Handtrap only in battle, falls under rule 4 exception."
11685347,Blast Asmodian,2,3.2,true,false,false,3.2: Lasting punishment of chaining on a monster (ruling 4).,"3.2: If any Spell or Trap Card(s) are Chained, inflict 500 damage to your opponent.",Also punishes your own chains; could be read as 6a.
39114494,Blessing of the Voiceless Voice,2,9b,false,false,false,9b: Grants battle protection.,9b: it cannot be destroyed by battle,
2129638,Blue-Eyes Twin Burst Dragon,2,9b,false,false,false,9b: Cannot be destroyed by battle.,9b: Cannot be destroyed by battle,
53586134,Bubble Blaster,2,9b,false,false,false,9b: Destruction substitute against battle.,"9b: If the equipped monster would be destroyed as a result of battle, destroy this card instead",
32202803,Bujingi Wolf,2,9b,false,false,false,9b: Gives other monsters protection from battle destruction.,9b: cannot be destroyed by battle,
59364406,Burning Beast,2,9b,false,false,false,9b: Battle destruction substitute.,"9b: If the equipped monster is destroyed as a result of battle, destroy this card instead",
86240887,"Buster Blader, the Dragon Destroyer Swordsman",2,3.2,false,false,false,3.2: Lock on an attackable monster.,3.2: Dragon-Type monsters in your opponent's possession cannot activate their effects,
97940434,Chaos Hunter,2,3.2,false,false,false,3.2: Continuous banish lock on a monster that can be attacked.,3.2: Your opponent cannot banish cards,
50412166,Charm of Shabti,2,9b,false,false,false,9b: Grants battle indestructibility.,9b: monsters you control cannot be destroyed by battle,
94136469,Checksum Dragon,2,9b,false,false,false,9b: Battle destruction protection.,9b: This Attack Position card cannot be destroyed by battle,Hand effect works only in battle and removes nothing; not a rule 4 hit.
12021072,Child's Play,2,9b,false,false,false,9b: Grants battle-destruction protection.,9b: Your monsters cannot be destroyed by battle,
70095046,Clear Vicious Knight,2,3.2,false,false,false,3.2: Monster-based effect lock removable by attacking it.,3.2: your opponent cannot activate the effects of Special Summoned monsters on the field with less ATK than this card,
17810268,Cloudian - Acid Cloud,2,9b,false,false,false,9b: Self battle-destruction immunity.,9b: This card cannot be destroyed by battle.,
79703905,Cloudian - Altus,2,9b,false,false,false,9b: Battle indestructible.,9b: This card cannot be destroyed by battle,
43318266,Cloudian - Cirrostratus,2,9b,false,false,false,9b: Battle-indestructible.,9b: This card cannot be destroyed by battle,
57610714,Cloudian - Eye of the Typhoon,2,9b,false,false,false,9b: Battle indestructible.,9b: This card cannot be destroyed by battle,
20003527,Cloudian - Nimbusman,2,9b,false,false,false,9b: Cannot be destroyed by battle.,9b: This card cannot be destroyed by battle,
13474291,Cloudian - Storm Dragon,2,9b,false,false,false,9b: Self battle protection.,9b: This card cannot be destroyed by battle,
2980764,Consecrated Light,2,3.2 9b,true,false,false,3.2: Summon/attack lock on a monster that non-DARK attackers can destroy. | 9b: Partial battle protection.,3.2: Neither player can Normal or Special Summon DARK monsters | 9b: This card cannot be destroyed by battle with a DARK monster,"Partial battle protection; 3.2 chosen because non-DARK monsters can still destroy it by battle, otherwise 3.3 (Attribute)."
34475451,Construction Train Signal Red,2,9b,false,false,false,9b: Battle protection.,9b: This card cannot be destroyed by that battle,Handtrap acts only in the Battle Phase: exception.
13235258,Corrosive Scales,2,3.2,true,false,false,"3.2: Lasting punishment of opponent summons/activations, tied to the equipped monster which can be attacked.","3.2: each time your opponent Normal or Special Summons a monster(s), OR activates a card or effect, place 1 Scale Counter",Counters with ATK loss as punishment treated as floodgate by cost (ruling 4); step 3.2 via equipped monster.
60349525,Cracking Dragon,2,3.2 9b,true,false,false,9b: Partial battle protection. | 3.2: Punishes opponent's summons while on the field (monster).,9b: Cannot be destroyed by battle with a monster with equal or lower Level | 3.2: inflict damage to your opponent equal to the ATK lost by this effect,Optional trigger punishing summons: floodgate (ruling 4) vs. summon-byproduct damage / 6a.
23950192,Cryomancer of the Ice Barrier,2,3.2,false,false,false,3.2: Continuous attack lock on a monster the opponent can attack.,3.2: Level 4 or higher monsters cannot declare an attack,
69526976,Cupid Dunk,2,9b,false,false,false,9b: Conditional battle protection.,"9b: Cannot be destroyed by battle with a monster, unless that monster has a higher Level",
40418351,Cyberdark Dragon,2,9b,false,false,false,9b: Battle destruction substitute.,"9b: If this card would be destroyed by battle, the equipped monster is destroyed instead",
41230939,Cyberdark Horn,2,9b,false,false,false,9b: Battle destruction substitute.,"9b: If this card would be destroyed by battle, destroy the monster equipped to it by its effect, instead.",
3019642,Cyberdark Keel,2,9b,false,false,false,9b: Battle-destruction substitute.,"9b: If this card would be destroyed by battle, destroy the monster equipped to it by its effect, instead",
62868900,D - Shield,2,9b,false,false,false,9b: Battle-destruction immunity.,9b: The equipped monster cannot be destroyed by battle,
52768390,Dark Creator,2,9b,false,false,false,9b: Self and tokens cannot be destroyed by battle.,9b: Cannot be destroyed by battle,
29436665,Dark Eradicator Warlock,2,3.2,true,false,false,3.2: Punishes Normal Spell activation while the monster stays (ruling 4).,"3.2: Each time a Normal Spell Card is activated, inflict 1000 damage to your opponent",Damage is dealt to opponent even for your own Spells; could also be read as 6a.
34314989,Dark-Eyes Illusionist Faceless Mage,2,9b,false,false,false,9b: Battle-destruction protection.,9b: neither can be destroyed by that battle,
60417395,Darkness Neosphere,2,9b,false,false,false,9b: Battle-destruction immunity.,9b: This card cannot be destroyed by battle,
82498947,Defender of the Ice Barrier,2,3.2,false,false,false,3.2: Attack lock on a monster the opponent can attack.,3.2: monsters your opponent controls cannot declare an attack if their ATK is greater than or equal to this card's DEF,
28877100,Defensive Tactics,2,9b,false,false,false,9b: Makes monsters immune to destruction by battle.,9b: monsters you control cannot be destroyed by battle,
86124104,"Demise, Agent of Armageddon",2,3.2,false,false,false,"3.2: A no-response lock lasting while a monster stays on the field (rulings 9, 14).",3.2: your opponent cannot activate cards or effects in response to the activation of your Ritual Monsters' effects,
13974207,Denko Sekka,2,3.2,false,false,false,3.2: Continuous lock on a monster that can be attacked.,3.2: neither player can Set Spells/Traps nor activate Spell/Trap Cards that are Set on the field,
33695750,Des Mosquito,2,9b,false,false,false,9b: Battle-destruction substitute.,"9b: If this card would be destroyed by battle, remove 1 of these counters instead.",
53765052,Diabellze the Original Sinkeeper,2,3.2,false,false,false,3.2: Continuous delay of opponent's Spell/Trap activation on an attackable monster.,3.2: Your opponent must Set Spell/Trap Cards before activating them.,
1596508,Dimension Fortress Weapon,2,3.2,false,false,false,3.2: Continuous zone-movement lock on a monster.,3.2: Cards cannot be sent from the Deck to the Graveyard,
52254878,Dimensional Allotrope Varis,2,9b,false,false,false,9b: Partial battle protection.,9b: Cannot be destroyed by battle with a monster with the same Type or Attribute,
27143874,Dino-Sewing,2,9b,false,false,false,9b: Cannot be destroyed by battle.,9b: Cannot be destroyed by battle,
41128647,Dinomic Powerload,2,3.2,false,false,false,3.2: Field Spell lock the opponent removes by playing a Field Spell.,3.2: your opponent cannot activate cards or effects until the end of the Damage Step,
29996433,Dinowrestler Capoeiraptor,2,9b,false,false,false,9b: Battle protection.,9b: This Attack Position card cannot be destroyed by battle,
54446813,Dinowrestler Martial Ampelo,2,9b,false,false,false,9b: Battle protection; handtrap exception applies as it is battle-only.,"9b: for that battle, your monster cannot be destroyed",
33296432,"Dogmatika Adin, the Enlightened",2,9b,false,false,false,9b: Partial battle-destruction protection.,9b: Cannot be destroyed by battle with a monster Special Summoned from the Extra Deck,
60303688,"Dogmatika Ecclesia, the Virtuous",2,9b,false,false,false,9b: Partial battle-destruction immunity.,9b: Cannot be destroyed by battle with a monster Special Summoned from the Extra Deck,
96891787,"Dogmatika Theo, the Iron Punch",2,9b,false,false,false,9b: Conditional battle-destruction immunity.,9b: Cannot be destroyed by battle with a monster Special Summoned from the Extra Deck,
76218313,Dragon Buster Destruction Sword,2,3.2,false,false,false,"3.2: Lock depends on an equipped, attackable monster (ruling 11).",3.2: your opponent cannot Special Summon monsters from the Extra Deck,
8198620,Dragonecro Nethersoul Dragon,2,9b,true,false,false,9b: Grants battle indestructibility.,9b: Monsters cannot be destroyed by battle with this card,The protection also benefits opposing monsters.
13035077,Dragonic Diagram,2,9b,false,false,false,9b: Battle destruction protection.,"9b: would be destroyed by battle each turn, it is not destroyed",
71645463,Dragunity Quirinus,2,9b,false,false,false,9b: Grants battle protection.,9b: cannot be destroyed by battle,
1050355,Dream Mirror of Terror,2,3.2,false,false,false,3.2: Punishing floodgate that depends on controlling a DARK Dream Mirror monster.,"3.2: Each time your opponent Special Summons a monster(s), inflict 300 damage to your opponent",
58793369,Drytron Fafnir,2,3.2,false,false,false,3.2: Cannot-be-negated lock on a Field Spell the opponent can replace.,3.2: The activation and the activated effects of Ritual Spell Cards cannot be negated,
6330307,DZW - Chimera Clad,2,9b,false,false,false,9b: Battle protection.,9b: The equipped monster cannot be destroyed by battle,
60514625,Ecole de Zone,2,3.2,true,false,false,"3.2: Field Spell punishing summons, replaceable by the opponent's Field Spell.",3.2: If the turn player Summons exactly 1 monster: Destroy it,Mandatory once-per-turn trigger; floodgate by punishment is a judgment call.
19261966,El Shaddoll Anoyatyllis,2,3.2,false,false,false,3.2: Continuous summon lock on a monster the opponent can attack.,3.2: Neither player can Special Summon monsters from the hand or GY using Spell/Trap effects,
74009824,El Shaddoll Wendigo,2,9b,false,false,false,9b: Grants battle-destruction protection.,9b: it cannot be destroyed by battle with an opponent's Special Summoned monster,
91107093,Electromagnetic Shield,2,9b,false,false,false,9b: Grants battle destruction immunity.,9b: cannot be destroyed by battle,
41436536,Elemental HERO Phoenix Enforcer,2,9b,false,false,false,9b: Battle indestructible.,9b: This card cannot be destroyed by battle,
88820235,Elemental HERO Shining Phoenix Enforcer,2,9b,false,false,false,9b: Cannot be destroyed by battle.,9b: This card cannot be destroyed by battle.,
13256226,Elemental HERO Spirit of Neos,2,9b,false,false,false,9b: Self battle protection.,9b: it cannot be destroyed by battle,
83121692,Elemental HERO Tempest,2,9b,false,false,false,9b: Grants battle destruction protection.,9b: that monster cannot be destroyed by battle,
33022867,Emperor Maju Garzett,2,3.2,false,false,false,3.2: Continuous activation lock on an attackable monster.,3.2: Your opponent cannot activate cards or effects during the Battle Phase,
9547962,Euler's Circuit,2,3.2,false,false,false,3.2: Continuous attack lock on a Field Spell the opponent can replace with their own Field Spell.,"3.2: Your opponent's monsters cannot attack if you control 3 or more ""Tindangle"" monsters",
86676862,Evil HERO Malicious Fiend,2,3.2,true,false,false,3.2: Continuous forced attacks on a monster the opponent can attack.,"3.2: each monster they control must attack this card, if able",Forces attacks (floodgate) but also a forced attack target (ruling 7); position change also forced.
13293158,Evil HERO Wild Cyclone,2,3.2,false,false,false,3.2: Situational floodgate on a monster (ruling 5).,"3.2: If this card attacks, your opponent cannot activate any Spell/Trap Cards until the end of the Damage Step",Destroy all face-down S/T would be rule 8 but rule 8 does not apply to Extra Deck monsters.
55737443,"Exxod, Master of The Guard",2,3.2,true,false,false,3.2: Lasting punishment of opponent's EARTH Flip Summons on a monster (ruling 4).,"3.2: Each time an EARTH monster is Flip Summoned while this card remains face-up on the field, inflict 1000 damage to your opponent.",Also fires on own Flip Summons; could be read as summon-byproduct damage instead.
67045745,F.A. Sonic Meister,2,9b,false,false,false,9b: Battle protection against lower-level monsters.,9b: Cannot be destroyed by battle,
49655592,F.A. Whip Crosser,2,3.2,false,false,false,3.2: Cost floodgate on an attackable monster.,3.2: Your opponent must pay 300 LP to activate the effect of a monster,
39568067,Fateful Adventure,2,9b,false,false,false,9b: Battle protection.,"9b: would be destroyed by battle, it is not destroyed",
63947968,Fiend Reflection of the Millennium,2,9b,false,false,false,9b: Battle protection.,9b: neither can be destroyed by that battle,
26434972,Fiendsmith Kyrie,2,9b,false,false,false,9b: Grants battle indestructibility.,9b: your LIGHT Fiend monsters cannot be destroyed by battle,
99267150,Five-Headed Dragon,2,9b,false,false,false,9b: Battle destruction protection.,9b: Cannot be destroyed by battle,
5063379,Flavian - Colosseum of the Gladiator Beasts,2,9b,false,false,false,9b: Grants battle-destruction immunity.,9b: it cannot be destroyed by battle,
83812099,Flint Lock,2,9b,false,false,false,9b: Battle protection while equipped.,9b: cannot be destroyed by battle,
80611581,Floowandereeze & Empen,2,3.2,false,false,false,3.2: Monster floodgate by game state; monster can be attacked.,3.2: your opponent cannot activate the effects of Special Summoned monsters they control in Attack Position,
66288028,Fortress Warrior,2,9b,false,false,false,9b: Battle indestructible once per turn.,9b: this card cannot be destroyed by battle,
85359414,Freezing Beast,2,9b,false,false,false,9b: Battle destruction substitute.,"9b: If the equipped monster is destroyed as a result of battle, destroy this card instead",
81000306,Full-Force Strike,2,9b,false,false,false,9b: Grants battle immunity.,9b: it cannot be destroyed by battle,
4130270,G.B. Hunter,2,3.2,false,false,false,3.2: Continuous zone-movement lock on a monster.,3.2: Cards on the field cannot be returned to the Deck,
37955049,Gaap the Divine Soldier,2,3.2,false,false,false,3.2: Battle position lock on a monster that can be attacked.,"3.2: All monsters are changed to Attack Position, also their battle positions cannot be changed",
81192859,Gagaku-P.U.N.K. Wild Picking,2,9b,false,false,false,9b: Grants battle immunity.,9b: cannot be destroyed by battle this turn,
2106266,Galloping Gaia,2,3.2,true,false,false,3.2: Floodgate depends on a monster the opponent can attack away.,"3.2: Your opponent cannot activate cards or effects during the Battle Phase while ""Gaia the Dragon Champion"" is in your Monster Zone",Could be judged on the Field Spell instead (also 3.2 via the opponent's own Field Spell).
11662742,Gellenduo,2,9b,false,false,false,9b: Battle-destruction protection.,9b: Cannot be destroyed by battle,
67985943,Gem-Knight Citrine,2,3.2,false,false,false,3.2: Situational floodgate on an attackable monster.,"3.2: If this card attacks or is attacked, your opponent cannot activate cards or effects until the end of the Damage Step",
19041767,Gemini Summoner,2,9b,false,false,false,9b: Cannot be destroyed by battle once per turn.,"9b: The first time this card would be destroyed by battle each turn, it is not destroyed",
64104037,"Ghost Lancer, the Underworld Spearman",2,9b,false,false,false,9b: Battle indestructible.,9b: Cannot be destroyed by battle,
85827713,Ghostrick Night,2,3.2,true,false,false,3.2: Lock depends on a Ghostrick monster the opponent can attack.,3.2: your opponent cannot Flip Summon,"Ghostrick monsters can often flip face-down, which may make them hard to remove."
90361289,"Gizmek Uka, the Festive Fox of Fecundity",2,3.2,false,false,false,3.2: Monster punishing summons.,3.2: Each time your opponent Normal or Special Summons a monster(s): Inflict 300 damage to them.,
11449436,Glacier Aqua Madoor,2,9b,false,false,false,9b: Battle protection from the hand (Battle Phase exception for rule 4).,9b: your monster cannot be destroyed by that battle,
67385964,Gladiator Beast Noxious,2,9b,false,false,false,9b: Battle protection.,9b: This card cannot be destroyed by that battle,
52496105,Gladiator Beast's Battle Manica,2,9b,false,false,false,9b: Battle protection.,9b: It cannot be destroyed by battle,
52394047,Gladiator Naumachia,2,3.2 9b,false,false,false,3.2: Forced attack depending on a Gladiator Beast monster. | 9b: Battle protection.,"3.2: all monsters your opponent controls must attack, if able | 9b: ""Gladiator Beast"" monsters you control cannot be destroyed by battle",
74378580,GMX Lab #5,2,3.2,false,false,false,"3.2: Field Spell no-response lock, removable by opponent's Field Spell.","3.2: Your opponent cannot activate cards or effects when you Normal or Special Summon a ""GMX"" monster(s)",
34251483,Goblin Marauding Squad,2,3.2,false,false,false,3.2: Situational monster floodgate (ruling 5).,"3.2: When this card declares an attack, your opponent cannot activate cards or effects",
12755462,Goblin Pothole Squad,2,3.2,false,false,false,3.2: Continuous lock on an attackable monster.,"3.2: ""Trap Hole"" Trap Cards cannot be activated when a monster is Summoned",
62476815,Gogogo Golem,2,9b,false,false,false,9b: Battle-destruction immunity.,9b: cannot be destroyed by battle,
63583431,Gogogo Talisman,2,9b,false,false,false,9b: Grants battle protection.,9b: cannot be destroyed by that battle,
74169516,Golem that Guards the Millennium Treasures,2,3.2,true,false,false,3.2: Cannot-be-negated floodgate (ruling 14) on an attackable monster.,"3.2: The activation of your ""Millennium Ankh"" cannot be negated.",Narrow by card name (3.3) but on a monster so 3.2 applies first; Continuous-Spell state may matter.
80233946,Gora Turtle,2,3.2,false,false,false,3.2: Monster floodgate removable by attacking.,3.2: monsters with an ATK equal to 1900 or more cannot declare an attack,
7540107,Gouki Guts,2,9b,false,false,false,9b: Battle protection.,9b: cannot be destroyed by battle,
32022366,Gravity Axe - Grarl,2,3.2,false,false,false,3.2: Battle-position lock tied to an equipped monster the opponent can attack.,3.2: Monsters your opponent controls cannot change their battle positions,
18325492,Gyroid,2,9b,false,false,false,9b: Battle protection once per turn.,9b: this card cannot be destroyed by battle,
73048641,Half Shut,2,9b,false,false,false,9b: Grants battle indestructibility.,9b: it cannot be destroyed by battle this turn,
981540,Half Unbreak,2,9b,false,false,false,9b: Grants battle-destruction protection.,9b: that monster cannot be destroyed by battle,
44790889,Hammer Bounzer,2,3.2,false,false,false,3.2: Situational floodgate on a monster.,3.2: your opponent cannot activate any Spell/Trap Cards until the end of the Damage Step,
17255673,Heavenly Gate of the Mikanko,2,3.2,false,false,false,"3.2: Field Spell floodgate, removable by opponent's own Field Spell.","3.2: If your ""Mikanko"" monster battles, your opponent cannot activate cards or effects until the end of the Damage Step",
21637502,Hecahands Breus,2,9b,true,false,false,9b: Battle protection.,9b: neither can be destroyed by that battle,Summons a monster from the opponent's hand; not 7a since the hand is not controlled cards.
95132593,Hecahands Gaigas,2,9b,false,false,false,9b: Battle indestructibility.,9b: neither can be destroyed by that battle,
18321034,Hecahands Mankibuel,2,9b,false,false,false,9b: Battle-destruction immunity.,9b: neither can be destroyed by that battle,
59042331,Hedge Guard,2,9b,false,false,false,9b: Grants battle protection; handtrap falls under the battle exception.,9b: that monster cannot be destroyed by this battle,
52370835,Heroic Challenger - Swordshield,2,9b,false,false,false,9b: Grants battle destruction immunity.,9b: cannot be destroyed by battle,"Handtrap, but only against battle, so the rule 4 exception applies."
70000776,Hidden Temples of Necrovalley,2,3.2,true,false,false,3.2: Summon lock that ends if the Gravekeeper's monster is removed by attacking.,"3.2: Neither player can Special Summon monsters, except ""Gravekeeper's"" monsters",Could also be 3.3 (archetype-defined); 3.2 chosen first.
62411042,Ibicella Lutea,2,9b,false,false,false,9b: Battle protection.,9b: Cannot be destroyed by battle while you control another monster,
83670388,Icejade Curse,2,3.2,false,false,false,3.2: Lock depends on an Icejade monster and a named Field Spell the opponent can remove.,3.2: your opponent cannot activate the effects of monsters that were Summoned that turn,"The damage comes from battle destruction, so it is a byproduct."
3355732,Icejade Kosmochlor,2,3.2,false,false,false,"3.2: Floodgate on a monster, which also depends on a Field Spell.",3.2: monsters your opponent controls can only activate their effects the turn they are Summoned,
91946859,Incarnated Machine Angel,2,9b,false,false,false,9b: Grants battle-destruction immunity.,"9b: Your ""Cyber Angel"" Ritual Monsters cannot be destroyed by battle",
7264861,Infernity Beast,2,3.2,false,false,false,3.2: Situational floodgate on a monster.,3.2: your opponent cannot activate any Spell or Trap Cards until after the Damage Step,
37957847,Insect Princess,2,3.2,false,false,false,3.2: Battle position compulsion on a monster that can be attacked.,3.2: All Insect monsters your opponent controls are changed to Attack Position,
2414168,Interrupt Resistor,2,9b,false,false,false,9b: Grants battle protection.,9b: it cannot be destroyed by that battle,
23122036,Intrigue Shield,2,9b,false,false,false,9b: Grants battle indestructibility.,9b: it cannot be destroyed by battle,
56647086,Invader of Darkness,2,3.2,false,false,false,3.2: Continuous activation lock on an attackable monster.,3.2: Your opponent cannot activate Quick-Play Spell Cards.,
6772168,Invoked Oceanus,2,3.2,true,false,false,3.2: Continuous zone-movement lock on an attackable monster.,3.2: any monster sent to your opponent's GY is banished instead,Whether a GY-to-banish replacement is a floodgate is debatable.
87973893,Inzektor Axe - Zektahawk,2,3.2,false,false,false,3.2: Situational lock on equipped monster.,"3.2: When the equipped monster declares an attack, your opponent cannot activate Spell/Trap Cards.",
87047074,Inzektor Crossbow - Zektarrow,2,3.2,false,false,false,3.2: No-response lock depending on the equipped monster.,3.2: Your opponent cannot activate cards or effects in response to the activation of the equipped monster's effects.,
53535814,Judge of the Ice Barrier,2,3.2,false,false,false,3.2: Punishes opponent action; monster-dependent.,"3.2: each time your opponent activates a card or effect by paying LP, they lose 500 LP",
8594079,Jurrac Brachis,2,9b,false,false,false,9b: Battle indestructibility.,9b: this card cannot be destroyed by battle,
52824910,Kaiser Glider,2,9b,false,false,false,9b: Partial battle protection.,9b: Cannot be destroyed by battle with a monster that has the same ATK,
92300891,"Karakuri Barrel mdl 96 ""Shinkuro""",2,9b,false,false,false,9b: Battle-destruction protection.,"9b: Once per turn, this card cannot be destroyed by battle",
70271583,"Karakuri Watchdog mdl 313 ""Saizan""",2,9b,false,false,false,9b: Battle indestructible.,9b: it cannot be destroyed by battle,
60519422,Kishido Spirit,2,9b,false,false,false,9b: Grants conditional battle-destruction immunity.,9b: cannot be destroyed in a battle,
39037517,Koa'ki Meiru Beetle,2,3.2,true,false,false,3.2: Lasting position compulsion on a monster that can be attacked.,3.2: If a LIGHT or DARK monster is Special Summoned in Attack Position: Change that monster to Defense Position,"Trigger effect, not Continuous; also subset by Attribute. Treated as lasting lock (ruling 9)."
12435193,Koa'ki Meiru Drago,2,3.2,false,false,false,3.2: Continuous summon lock on an attackable monster.,3.2: Neither player can Special Summon LIGHT or DARK monsters.,
95090813,Koa'ki Meiru War Arms,2,9b,false,false,false,9b: Battle destruction substitute.,"9b: If this card would be destroyed by battle, destroy all monsters equipped to it by this effect instead",
69456283,Koitsu,2,9b,false,false,false,9b: A battle destruction substitute is protection.,"9b: If the equipped monster is destroyed as a result of battle, destroy this card instead",
88240808,Kycoo the Ghost Destroyer,2,3.2,false,false,false,3.2: Continuous lock on a monster.,3.2: Your opponent cannot banish cards from either player's Graveyard.,
34771947,Labyrinth Wall Shadow,2,3.2,false,false,false,3.2: Field Spell attack lock; removable by own Field Spell.,3.2: Monsters cannot attack the turn they are Summoned,
55423549,Leo Wizard the Dark Fiend,2,3.2,false,false,false,3.2: Continuous summoning cost on an attackable monster.,3.2: they must Tribute Summon it by Tributing 1 monster,
82579942,Lightray Madoor,2,9b,false,false,false,9b: Partial battle protection.,"9b: Once per turn, this card cannot be destroyed by battle",
73810864,Live☆Twin Lil-la,2,3.2,false,false,false,3.2: Attack cost floodgate on an attackable monster.,3.2: Your opponent must pay 500 LP to declare an attack.,
37582948,Live☆Twin Sunny's Snitch,2,3.2,true,false,false,"3.2: Punishes opponent's summons while you control an Evil Twin monster (rulings 4, 11).","3.2: each time your opponent Normal or Special Summons a monster(s), you gain 200 LP, and if you do, inflict 200 damage to your opponent",Depends on controlling an Evil Twin monster; could be 3.4 if that monster is hard to attack.
18478530,Loge's Flame,2,3.2,false,false,false,"3.2: Attack lock that depends on controlling a Valkyrie monster, which can be attacked.",3.2: monsters your opponent controls with 2000 or less ATK cannot attack,
2347656,Lovely Labrynth of the Silver Castle,2,3.2,false,false,false,3.2: Continuous no-response floodgate on a monster.,3.2: Your opponent cannot activate monster effects in response to the activation of your Normal Trap Cards,
51777272,Lunalight Cat Dancer,2,9b,false,false,false,9b: Battle indestructible.,9b: Cannot be destroyed by battle,
34680482,Madolche Anjelly,2,9b,false,false,false,9b: Grants battle indestructibility.,9b: That Special Summoned monster cannot be destroyed by battle,
47679935,Magical Meltdown,2,3.2,false,false,false,3.2: Field Spell anti-negation lock.,"3.2: cannot be negated, also your opponent's cards and effects cannot activate",
31305911,Marshmallon,2,9b,false,false,false,9b: Indestructible by battle.,9b: Cannot be destroyed by battle.,
58481572,Masked HERO Dark Law,2,3.2,false,false,false,"3.2: Continuous restriction on opponent's cards moving to the GY, on an attackable monster.",3.2: Any card sent to your opponent's GY is banished instead,
7622360,Matador Archfiend,2,9b,false,false,false,9b: Indestructible by battle.,9b: Cannot be destroyed by battle,
22512237,Mechanical Hound,2,3.2,false,false,false,3.2: Continuous Spell lock on a monster the opponent can attack.,3.2: your opponent cannot activate Spell Cards,
88494899,Medium of the Ice Barrier,2,3.2,false,false,false,3.2: Monster-based activation lock.,3.2: Your opponent can only activate 1 Spell/Trap Card each turn.,
84504242,Megalith Portal,2,9b,false,false,false,9b: Ritual monsters survive battle destruction.,"9b: would be destroyed by battle each turn, it is not destroyed",
77710579,Meklord Nucleus Infinity Core,2,9b,false,false,false,9b: Grants itself once-per-turn battle destruction immunity.,"9b: The first time this card would be destroyed by battle each turn, it is not destroyed.",
27704731,Metalflame Swordsman,2,3.2,false,false,false,3.2: Punishes opponent activations while the monster stays (ruling 4).,"3.2: Each time your opponent activates a card or effect, this card gains 300 ATK and inflicts 500 damage to your opponent",
20720928,Metaphys Factor,2,3.2,false,false,false,3.2: Response lock on a Field Spell (ruling 14).,"3.2: Your opponent cannot activate cards or effects in response to your ""Metaphys"" monsters' effect activations.",
11677278,Mimighoul Armor,2,9b,false,false,false,9b: Grants battle protection.,"9b: ""Mimighoul"" monsters cannot be destroyed by battle",
86809440,Mimighoul Dungeon,2,3.2,true,false,false,"3.2: Field Spell lock on summoning/attacking, removable by playing an own Field Spell.",3.2: Any player who controls a face-down monster cannot Normal Summon monsters,Conditional Normal Summon lock may also touch rule 11.
85060248,Mind Protector,2,3.2,false,false,false,3.2: Attack lock on an attackable monster.,3.2: Monsters with 2000 or less ATK cannot declare an attack,
15960641,Mirage Dragon,2,3.2,false,false,false,3.2: Continuous lock on a monster that can be attacked.,3.2: Your opponent cannot activate Trap Cards during the Battle Phase,
1200843,Mirror of Yata,2,9b,false,false,false,9b: Battle destruction substitute (ruling 6).,"9b: If it would be destroyed by battle, destroy this card instead",
47529357,Mist Body,2,9b,false,false,false,9b: Grants battle indestructibility.,9b: cannot be destroyed by battle,
95784434,Molting Escape,2,9b,false,false,false,9b: Battle destruction protection.,"9b: if the equipped monster would be destroyed by battle, it is not destroyed",
85101228,Morphtronic Bind,2,3.2,false,false,false,3.2: Lock depends on a Morphtronic monster the opponent can attack.,3.2: all Level 4 or higher monsters your opponent controls cannot attack or change their battle positions,
48381268,Morphtronic Boarden,2,9b,false,false,false,9b: Grants battle protection.,9b: cannot be destroyed by battle,
2250266,Morphtronic Staplen,2,9b,false,false,false,9b: Battle-destruction protection.,9b: This card cannot be destroyed by battle,
20174189,Naturia Bamboo Shoot,2,3.2,false,false,false,3.2: Spell/Trap lock on a monster the opponent can attack.,3.2: your opponent cannot activate Spell or Trap Cards,
44789585,Naturia Beans,2,9b,false,false,false,9b: Partial battle protection.,"9b: Once per turn, this card cannot be destroyed by battle.",
70083723,Naturia Dragonfly,2,9b,false,false,false,9b: Conditional battle protection.,9b: This card cannot be destroyed by battle,
61049315,Naturia Rosewhip,2,3.2,false,false,false,3.2: Continuous activation limit on an attackable monster.,3.2: Your opponent can only activate 1 Spell/Trap Card per turn,
77700347,Necro Defender,2,9b,false,false,false,9b: Grants battle indestructibility.,9b: that monster cannot be destroyed by battle,
88724332,Night Dragolich,2,3.2,false,false,false,3.2: Continuous battle-position lock on a monster.,3.2: Change all non-Wyrm-Type Attack Position monsters that were Special Summoned from the Main or Extra Deck to Defense Position.,
89628781,Ninjitsu Art of Decoy,2,9b,false,false,false,9b: Battle protection.,9b: it cannot be destroyed by battle,
52077741,Obnoxious Celtic Guard,2,9b,false,false,false,9b: Battle destruction immunity.,9b: Cannot be destroyed by battle,
47051709,Photon Delta Wing,2,3.2,false,false,false,3.2: Attack lock depending on attackable monsters.,3.2: Your opponent cannot declare an attack while you control another,
89132148,Photon Orbital,2,9b,false,false,false,9b: Grants battle protection.,9b: it cannot be destroyed by battle,
20700531,Pilgrim of the Ice Barrier,2,9b,false,false,false,9b: Conditional battle indestructibility.,9b: This card cannot be destroyed by battle,
88975532,Pitch-Black Warwolf,2,3.2,false,false,false,3.2: Monster-based trap lock.,3.2: Your opponent cannot activate Trap Cards during the Battle Phase.,
47415292,Pitch-Dark Dragon,2,9b,false,false,false,9b: Battle destruction substitute.,"9b: If the equipped monster is destroyed as a result of battle, destroy this card instead.",
51669847,Plundered Power Patron Plane - Vidolia,2,3.2,true,false,false,"3.2: Lock depends on controlling three monsters, removable by attacking.",3.2: Your opponent cannot activate the effects of cards in the GY,Could also be seen as field spell removable by playing own field spell (also 3.2).
87742943,Powered Crawler,2,3.2,false,false,false,3.2: Forced attacks from a monster.,"3.2: All monsters your opponent controls must attack, if able.",
72129804,Predaplast,2,9b,false,false,false,9b: Battle destruction substitute.,"9b: If your ""Predaplant"" monster would be destroyed by battle, you can banish this card from your GY instead",
92501449,Primite Roar,2,9b,false,false,false,9b: Grants battle protection.,9b: cannot be destroyed by battle,
12612470,Procession of the Tea Jar,2,3.2,false,false,false,3.2: Zone lock on an attackable monster.,3.2: neither player can activate the Set cards in the Spell & Trap Zones in this card's column,
84339249,Protecting Spirit Loagaeth,2,9b,false,false,false,9b: Grants battle protection to a monster.,9b: it cannot be destroyed by battle this turn,
24221739,Protector of the Sanctuary,2,3.2,false,false,false,3.2: Continuous draw lock on a monster the opponent can attack.,3.2: Your opponent cannot draw cards except during Draw Phases,
21648584,Raidraptor - Readiness,2,9b,false,false,false,9b: Grants battle indestructibility.,9b: cannot be destroyed by battle,
23421244,Reborn Zombie,2,9b,false,false,false,9b: Conditional battle indestructibility.,9b: it cannot be destroyed by battle,
30276969,Reese the Ice Mistress,2,9b,false,false,false,9b: Partial battle indestructibility.,9b: cannot be destroyed by battle,
81782101,Reptia Egg,2,9b,false,false,false,9b: Self battle immunity.,9b: Cannot be destroyed by battle,
79491903,Reptilianne Naga,2,9b,false,false,false,9b: Battle indestructible.,9b: This card cannot be destroyed by battle,
46502744,"Retaliating ""C""",2,3.2,false,false,false,3.2: Continuous zone-movement lock on an attackable monster.,3.2: any card sent to the Graveyard is banished instead,Hand effect only summons itself; not rule 4.
18319762,Revealer of the Ice Barrier,2,3.2,false,false,false,3.2: Continuous summon lock that depends on monsters the opponent can attack.,3.2: your opponent cannot Tribute Summon,
90640901,Reverse Buster,2,3.2,false,false,false,3.2: Situational monster lock.,3.2: your opponent cannot activate any Spell/Trap Cards until the end of the Damage Step,
38601126,Robot Buster Destruction Sword,2,3.2,false,false,false,3.2: Lock depends on an equipped monster that can be attacked.,3.2: Spell/Trap Cards that are already face-up on your opponent's side of the field cannot activate their effects,
27863269,Rocket Pilder,2,9b,false,false,false,9b: Grants battle protection while attacking.,9b: it cannot be destroyed by battle,
30860696,Rocket Warrior,2,9b,false,false,false,9b: Self battle protection.,9b: this card cannot be destroyed by battle,
50139096,"Ruin, Angel of Oblivion",2,3.2,false,false,false,"3.2: Lock lasting while a monster stays, removable by attacking it.",3.2: your opponent cannot activate cards or effects when your Ritual Monsters declare an attack,
63737050,Ryu Okami,2,3.2,false,false,false,3.2: Lasting punishment of opponent's Special Summons on an attackable monster.,3.2: If your opponent Special Summons a monster(s): Your opponent sends 1 card from their Extra Deck to the Graveyard.,
23377425,S-Force Bridgehead,2,9b,false,false,false,9b: Grants battle indestructibility.,9b: cannot be destroyed by that battle,
65479980,S-Force Dog Tag,2,3.2,false,false,false,3.2: Continuous lock on an attackable monster.,3.2: your opponent cannot activate the effects of monsters in the same column,
95974848,S-Force Orrafist,2,3.2,false,false,false,3.2: Continuous targeting lock by column on an attackable monster.,"3.2: Your opponent cannot target any of their monsters in the same column as one of your ""S-Force"" monsters with card effects",
58589739,S-Force Professor DiGamma,2,3.2,false,false,false,3.2: Continuous battle-position lock depending on monsters the opponent can attack.,3.2: cannot change its battle position,
24793135,Sacred Scrolls of the Gizmek Legend,2,3.2,true,false,false,3.2: Continuous lock on a Field Spell.,3.2: neither player can activate the effects of monsters on the field whose ATK does not equal their own DEF,"3.2 for Field Spells, or 3.3 by ATK/DEF."
53490455,Salamangreat Raccoon,2,9b,false,false,false,9b: Gives battle-destruction protection.,9b: your targeted monster cannot be destroyed by battle this turn,"Handtrap that works only in battle, so the exception applies."
17639150,Saqlifice,2,9b,false,false,false,9b: Grants battle indestructibility.,9b: cannot be destroyed by battle,
50400231,Satellite Cannon,2,9b,false,false,false,9b: Partial battle indestructibility.,9b: cannot be destroyed by battle with a Level 7 or lower monster,
68087897,Scary Moth,2,3.2,false,false,false,3.2: Summon lock on an attackable monster.,3.2: Each player can only Special Summon a monster(s) once per turn,
83135907,Scrap Goblin,2,9b,false,false,false,9b: Battle protection.,9b: This card cannot be destroyed by battle,
25407643,Secret Sanctuary of the Spellcasters,2,3.2,true,false,false,"3.2: Continuous lock that depends on your Spellcaster monsters, which the opponent can attack.",3.2: That monster cannot attack or activate its effects this turn,Could be 3.3 (non-Spellcaster Type).
91665064,Security Block,2,9b,false,false,false,9b: Grants battle indestructibility.,9b: that monster cannot be destroyed by battle,
19451302,Serpent Suppression,2,9b,false,false,false,9b: Grants battle indestructibility.,9b: cannot be destroyed by battle,
27416701,Shiba-Warrior Taro,2,9b,false,false,false,9b: Battle indestructible.,9b: This card cannot be destroyed by battle,
95360850,Shield Warrior,2,9b,false,false,false,9b: Grants battle indestructibility.,9b: monsters you control cannot be destroyed by this battle,
28859794,Shield Wing,2,9b,false,false,false,9b: Cannot be destroyed by battle.,9b: this card cannot be destroyed by battle,
98126725,Shien's Advisor,2,3.2,false,false,false,3.2: Lasting lock tied to a monster that can be attacked.,3.2: monsters with the declared Monster Type cannot declare an attack or be Special Summoned,
33883834,Shien's Squire,2,9b,false,false,false,9b: Grants battle-destruction protection; battle-only handtrap is exempt from rule 4.,9b: that monster cannot be destroyed by battle this turn,
67675300,Snowdust Dragon,2,3.2,false,false,false,3.2: Continuous lock on an attackable monster.,3.2: Other monsters with Ice Counters cannot attack or change their battle positions,
36472900,Sonic Chick,2,9b,false,false,false,9b: Conditional protection from destruction by battle.,9b: Cannot be destroyed by battle,
6909330,Soul Binding Gate,2,3.2,true,false,false,3.2: Field Spell that continuously punishes summoning; opponent can replace it with their own Field Spell.,3.2: Destroy that monster,Mandatory destroy-on-summon; also affects its controller. Could be 3.1 because it compares ATK to LP (not field).
44308317,Speaker for the Ice Barriers,2,3.2,false,false,false,3.2: Position lock depending on monsters the opponent can attack.,3.2: Defense Position monsters your opponent controls cannot change their battle positions,
35494087,Speedroid Skull Marbles,2,9b,false,false,false,9b: Partial battle destruction immunity.,9b: Cannot be destroyed by battle with a Normal Summoned/Set monster,
73061465,Spellbreaker of the Ice Barrier,2,3.2,false,false,false,3.2: Lasting Spell lock tied to an attackable monster.,"3.2: Spell Cards cannot be activated until the End Phase of your next turn, as long as this card remains face-up on the field",
82693042,Sphere of Chaos,2,9b,false,false,false,9b: Partial battle protection.,"9b: Once per turn, this card cannot be destroyed by battle",
69408987,Spider Web,2,3.2,true,false,false,3.2: Field Spell battle-position lock for both players.,3.2: It cannot change its battle position until the End Phase of its controller's next turn,Unclear whether this is a class lock or per-monster.
23205979,Spirit Reaper,2,9b,false,false,false,9b: Battle indestructibility.,9b: Cannot be destroyed by battle,
5645210,Splendid Venus,2,3.2,false,false,false,3.2: Cannot-be-negated lock on a monster that can be attacked (ruling 14).,3.2: The activation and effects of Spell/Trap Cards activated on your field cannot be negated,
95403418,Starduston,2,3.2,true,false,false,3.2: Continuous lock on an attackable monster.,"3.2: Your opponent cannot Flip or Special Summon any monsters, or activate any Set Spell/Trap Cards on the field",Self-destruction depends on a monster-count comparison; could be 3.1.
99214782,Steelswarm Sentinel,2,3.2,false,false,false,3.2: Continuous lock on a monster that can be attacked.,3.2: Special Summoned Level 5 or higher monsters on the field cannot activate their effects,
24232799,Storagepod,2,9b,false,false,false,9b: Conditional battle indestructibility.,9b: Cannot be destroyed by battle while a monster Special Summoned from the GY is on the field,
23770284,Strong Wind Dragon,2,9b,false,false,false,9b: Conditional battle indestructibility.,9b: Cannot be destroyed by battle with a monster that has the same ATK,
20663556,Substitoad,2,9b,false,false,false,9b: Grants Frog monsters battle protection.,9b: cannot be destroyed by battle,
81193865,Super Strident Blaze,2,3.2,false,false,false,3.2: Floodgate on an equip depending on a monster the opponent can attack.,3.2: Your opponent cannot activate cards or effects during your Battle Phase.,
7864030,Superheavy Samurai Blowtorch,2,9b,false,false,false,9b: Battle protection.,9b: Cannot be destroyed by battle,
41628550,Superheavy Samurai Blue Brawler,2,9b,false,false,false,9b: Battle indestructible.,9b: Cannot be destroyed by battle,
40028305,Superheavy Samurai Soulclaw,2,9b,false,false,false,9b: Grants battle indestructibility.,9b: it cannot be destroyed by battle,
90122655,Tenmataitei,2,3.2,false,false,false,3.2: No-response lock on a monster.,3.2: Your opponent cannot activate cards or effects in response,
45445571,The Duke of Demise,2,9b,false,false,false,9b: Battle protection.,9b: Cannot be destroyed by battle,
36247316,The Phantom Knights of Lost Vambrace,2,9b,false,false,false,9b: Grants protection from destruction by battle.,9b: monsters you control cannot be destroyed by battle,
59371387,The Resolute Meklord Army,2,9b,false,false,false,9b: Grants battle protection.,9b: cannot be destroyed by battle,
85687952,"Theia, the Primal Being",2,3.2,false,false,false,3.2: Summon limit for both players on an attackable monster.,3.2: Neither player can Normal and/or Special Summon more than 4 times per turn,
84792926,Therion Discolosseum,2,9b,false,false,false,9b: Battle destruction substitute (ruling 6).,"9b: if your monster would be destroyed by battle, you can send 1 ""Therion"" card or 1 ""Endless Engine Argyro System"" from your Deck to the GY instead",
65079854,Thorn of Malice,2,9b,true,false,false,9b: Makes a monster indestructible by battle.,9b: cannot be destroyed by that battle,Protection is given to the opponent's monster; unclear if rule 9 is meant for that.
95081386,Three Strikes Barrier,2,9b,false,false,false,9b: Grants battle indestructibility.,9b: your monsters cannot be destroyed by battle,
14342283,Token Stampede,2,9b,false,false,false,9b: Grants battle indestructibility.,9b: they cannot be destroyed by battle,
7171149,Toon Ancient Gear Golem,2,3.2,false,false,false,3.2: Situational floodgate on a monster (ruling 5).,"3.2: If this card attacks, your opponent cannot activate any Spell/Trap Cards",
72772445,Triamid Kingolem,2,3.2,false,false,false,3.2: Field Spell activation lock the opponent can remove by playing their own Field Spell.,3.2: your opponent's cards and effects cannot be activated until the end of the Damage Step,
61283655,Trickstar Candina,2,3.2,false,false,false,3.2: Punishes opponent's activations; on an attackable monster.,"3.2: Each time your opponent activates a Spell/Trap Card, inflict 200 damage to them",
35199656,Trickstar Lycoris,2,3.2,false,false,false,3.2: Continuous punishment of opponent's actions on an attackable monster (ruling 4).,"3.2: Each time a card(s) is added to your opponent's hand, inflict 200 damage to them for each",
91505214,Trickstar Narkissus,2,3.2,false,false,false,3.2: Lasting punishment of opponent's effect activations on an attackable monster.,"3.2: Each time your opponent activates a monster effect in their hand or GY, inflict 200 damage to them",
61159609,Trismagistus,2,9b,false,false,false,9b: battle destruction protection,"9b: would be destroyed by battle each turn, it is not destroyed",
6142213,Turbo Rocket,2,9b,false,false,false,9b: Battle protection.,"9b: While attacking, this card cannot be destroyed by battle",
56421754,U.A. Mighty Slugger,2,3.2,false,false,false,3.2: Situational monster floodgate.,"3.2: If this card attacks, your opponent cannot activate cards or effects",
87804747,Ultimate Great Insect,2,9b,false,false,false,9b: Battle destruction immunity.,9b: Cannot be destroyed by battle,"Destroy all is on an Extra Deck monster, so rule 8 does not apply."
25704359,Unpossessed,2,9b,false,false,false,9b: Grants battle indestructibility.,"9b: ""Charmer"" monsters you control cannot be destroyed by battle",
72634965,Vanity's Ruler,2,3.2,false,false,false,3.2: Continuous summon lock on a monster the opponent can attack.,3.2: Your opponent cannot Special Summon monsters.,
65815684,Vicious Astraloud,2,9b,false,false,false,9b: Battle indestructible.,9b: Cannot be destroyed by battle,
75524092,Vicious Claw,2,9b,true,false,false,9b: Battle destruction substitute (ruling 6).,"9b: If the equipped monster would be destroyed by battle, return this card to its owner's hand instead","600 damage accompanies destruction; treated as byproduct, not 6a."
56043447,Viser Des,2,9b,false,false,false,9b: Self battle-destruction immunity while target remains.,9b: This card cannot be destroyed by battle while the targeted monster is on the field,
101403004,"Viser Des Shock, Tormentor of the Sun God",2,9b,false,false,false,9b: Battle protection.,9b: Cannot be destroyed by battle,
36974120,"Vouiburial, the Dragon Undertaker",2,9b,false,false,false,9b: Cannot be destroyed by battle.,9b: neither can be destroyed by that battle,
90592429,Vylon Filament,2,3.2,false,false,false,3.2: Situational lock on equipped monster.,3.2: your opponent cannot activate any Spell/Trap Cards until the end of the Damage Step,
12607053,Waboku,2,9b,false,false,false,9b: Grants battle protection.,9b: Your monsters cannot be destroyed by battle this turn.,
81613061,War Rock Medium,2,3.2,false,false,false,3.2: Floodgate depending on a monster the opponent can attack.,3.2: neither player can activate the effects of monsters on the field,
45943516,War Rock Mountain,2,9b,false,false,false,9b: Battle destruction substitute.,"9b: If your Warrior monster would be destroyed by battle, you can send this card to the GY instead.",
18482591,Warlock of the Ice Barrier,2,3.2,false,false,false,3.2: Spell activation lock on a monster that can be attacked.,3.2: both players must Set Spell Cards before activating them,
24996659,Wattkiwi,2,9b,false,false,false,9b: Grants battle indestructibility.,9b: cannot be destroyed by battle while they are attacking,
51303014,Wattsychic Fighting Porter,2,9b,false,false,false,9b: Grants battle-destruction protection.,9b: cannot be destroyed by battle this turn,
98024118,White Potan,2,9b,false,false,false,9b: Battle protection.,9b: this card cannot be destroyed by battle,
48654323,White Relic of Dogmatika,2,9b,false,false,false,9b: Grants battle protection.,9b: cannot be destroyed by battle,
30525991,Witch Doctor of Sparta,2,3.2,false,false,false,3.2: Punishes Special Summons from Deck while monster stays (ruling 4).,3.2: Inflict 500 damage to your opponent each time a monster(s) is Special Summoned from either player's Deck,
4398189,Witch of the White Forest,2,9b,false,false,false,9b: Protects from battle destruction once per turn.,9b: it is not destroyed,
2602411,Wizard Buster Destruction Sword,2,3.2,false,false,false,3.2: Floodgate that depends on the equipped monster.,3.2: monsters in your opponent's Graveyard cannot activate their effects,
90173539,World Dino Wrestling,2,3.2,false,false,false,3.2: Attack lock depending on controlling a monster.,3.2: each player can attack with only 1 monster during each Battle Phase,
11722335,Worm Xex,2,9b,false,false,false,9b: Battle-destruction protection.,9b: this card cannot be destroyed by battle,
23093604,X-Saber Pashuul,2,9b,false,false,false,9b: Indestructible by battle.,9b: This card cannot be destroyed by battle,
33700664,Xenovader△ Territory - Valvols,2,3.2,false,false,false,3.2: Lock depending on a monster the opponent can attack (ruling 11).,3.2: your opponent cannot activate cards or effects during your turn,
31764700,Yubel - The Ultimate Nightmare,2,9b,false,false,false,9b: Cannot be destroyed by battle.,9b: This card cannot be destroyed by battle.,
64230128,Zaralaam the Dark Palace,2,3.2,false,false,false,3.2: Activation lock depending on a monster the opponent can attack.,3.2: your opponent cannot activate cards or effects during the Battle Phase,
10884847,Zenetmes Nekhbet,2,9b,false,false,false,9b: Battle protection when equipped.,9b: cannot be destroyed by battle,
93816465,Zero Gardna,2,9b,false,false,false,9b: grants battle indestructibility,9b: monsters you control cannot be destroyed by battle,
88001391,Zoma the Earthbound Spirit,2,3.2,true,false,false,3.2: Forced attacks on a monster.,3.2: All monsters your opponent controls that can attack must attack this card.,Forced attack vs. forced target (ruling 7).
86885905,Altergeist Emulatelf,3,,true,false,false,,,Protects Altergeist Traps; could include Trap monsters (rule 9a?).
43739056,Amanokujaki,3,,true,false,false,,,Self-restriction becomes a floodgate on the opponent after giving them control; possibly 3.2/3.3.
92652813,Awakening of the Possessed - Greater Inari Fire,3,,true,false,false,,,Damage triggered by its Special Summon treated as byproduct.
69053263,Black Rose Garden,3,,true,false,false,,,"Damage triggered by this card's destruction, treated as byproduct; could be read as 6a."
52833089,Black Thunder,3,,true,false,false,,,"Burn activated by own monster's battle destruction; treated as byproduct, could be 6a."
78564023,Blackwing - Etesian of Two Swords,3,,true,false,false,,,"Damage is conditioned on a battle; treated as byproduct, but trigger is discarding itself (ruling 20 may make it 6a)."
3105404,Brilliant Spark,3,,true,false,false,,,"Damage is triggered by destruction of your monster, treated as byproduct; could be seen as primary 6a."
7102732,Clear Rage Golem,3,,true,false,false,,,"Hand-count damage triggered by battle damage; treated as battle byproduct, could be 6a."
62966332,Convulsion of Nature,3,,true,false,false,,,"Deck turned face-up; like a revealed hand, not treated as floodgate."
52571838,Creeping Doom Manta,3,,true,false,false,,,Summon-response Trap lock; not treated as a Continuous floodgate.
9659580,Cubic Karma,3,,true,false,false,,,"Halving LP is damage (ruling 21) but triggered by a Special Summon, so likely byproduct under ruling 20; check whether 6a applies."
18489208,Cursed Fig,3,,true,false,false,,,"Locks 2 specific Set cards while in GY; treated as a lock on single cards, not a floodgate."
79997591,Doble Passe,3,,true,false,false,,,Damage tied to an attack declaration treated as battle byproduct; could be 6a as redirection.
47013502,Dodger Dragon,3,,true,false,false,,,Counter Trap lock only this turn; 'cannot be negated' on own summon is one-shot.
22804644,Doom Virus Dragon,3,,true,false,false,,,"Fusion monster, so rule 8 does not apply; the destruction of drawn cards over 3 turns could be read as a lasting lock; summon via Fang of Critias may raise 7c."
67464807,Dora of Fate,3,,true,false,false,,,"Damage is triggered by a Normal Summon, treated as byproduct."
53693416,Eagle Eye,3,,true,false,false,,,Summon-response Trap lock; not treated as a Continuous floodgate.
45716579,Earthbound Servant Geo Kraken,3,,true,false,false,,,"Mass destruction, but rule 8 does not apply to Extra Deck monsters; burn is byproduct of destruction."
11895663,Emi Blitzclique,3,,true,false,false,,,Activates from the hand when added and destroys a card; could be a hand trap (rule 4) if added during the opponent's turn.
3954901,Felgrand Dragon,3,,true,false,false,,,"Summoning condition only allows a summon from the GY, but the card itself does not revive."
74923978,Forced Requisition,3,,true,false,false,,,"Forces opponent discards mirroring yours; not a restriction of an opponent action class, no rule matched."
99795159,Ghostrick Mansion,3,,true,false,false,,,Attack restriction on face-down monsters treated as attack-target restriction (ruling 7).
7617062,Ghostrick Museum,3,,true,false,false,,,Attack-target restriction (ruling 7); own-monsters attack lock is self-imposed.
29400787,Ghostrick Parade,3,,true,false,false,,,Attack-target restriction (ruling 7); 'Your opponent takes no damage' is not an action class.
45894482,Gilasaurus,3,,true,false,false,,,Lets the opponent Special Summon from their GY as a drawback; possibly 7b.
40937767,Grave Ohja,3,,true,false,false,,,Damage per own Flip Summon treated as byproduct of a summon (no 6a); attack-target restriction is not rule 3.
85555787,Grinning Grave Virus,3,,true,false,false,,,"Destroys cards in the hand/Deck and drawn monsters, not on the field; no rule clearly applies."
17063599,Heavenly Zephyr - Miradora,3,,true,false,false,,,"Lock on one opponent monster (ruling 8, not floodgate); hand summon itself does not negate; own-effect uncounterability narrower than ruling 14."
94317736,Hidden Springs of the Far East,3,,true,false,false,,,Uncounterable-summon effects last only this turn from an activated effect (ruling 9); S/T protection not rule 9.
26082229,Invasion of Flames,3,,true,false,false,,,"Read as a one-shot no-response effect on summon, not a Continuous floodgate."
101403031,"Lava Golem, Steelcage of the Sun God",3,,true,false,false,,,"Extra Deck monster (rule 8 excluded); sends opponent monsters as listed material, so not 7c."
83589191,Life Hack,3,,true,false,false,,,"Sets ATK equal to LP; not a doubling, so treated as not 6b."
72233469,Lil-la Rap,3,,true,false,false,,,LP loss triggered by a summon treated as byproduct.
84385264,Lycanthrope,3,,true,false,false,,,"The damage is triggered by battle damage, so it is treated as a byproduct of battle."
18631392,Ma'at,3,,true,false,false,,,"Excavates and adds named cards; treated as search (ruling 18), but it is close to a blind draw."
75223115,Malefic Territory,3,,true,false,false,,,Field Zone untargetability is Spell protection (ruling 32); Malefic negation is own drawback.
11327848,Master's Diploman,3,,true,false,false,,,"Lock on opponent's monsters equipped with your Equip Cards; treated as a single-card lock (ruling 8), but could be a 3.4 floodgate."
41044418,Millennium Revelation,3,,true,false,false,,,Enables reviving Ra with Monster Reborn but does not itself Special Summon; possibly 7b.
48017809,Mirage Tube,3,,true,false,false,,,Burn triggered by attack targeting; treated as byproduct of battle.
29843091,Ojama Trio,3,,true,false,false,,,Token tribute restriction and damage apply only to specific tokens; not treated as a floodgate.
27911550,Parasite Paracide,3,,true,false,false,,,"1000 damage on being Special Summoned when drawn; treated as byproduct of a summon, but it could be read as primary."
4807253,Performage Flame Eater,3,,true,false,false,,,"Hand effect only prevents damage (ruling 15); the 500 damage is triggered by its summon, treated as byproduct."
91559748,Prickle Fairy,3,,true,false,false,,,Attack-target restriction on Insects treated as not a floodgate (ruling 7).
75713017,"Prometeor, the Burning Star",3,,true,false,false,,,"Zone lock from a trigger lasting until end of next turn; neither 'this turn' nor while-on-field (ruling 9), not classified as floodgate."
29417188,Psi-Blocker,3,,true,false,false,,,"Activated name lock lasting to opponent's next turn; not continuous, not negation by wording."
54094821,Ritual Buster,3,,true,false,false,,,"Lock lasts until next Standby Phase from a Normal Trap, not tied to a card staying on the field; treated as not a floodgate."
94793422,Rod of the Mind's Eye,3,,true,false,false,,,Sets battle damage to 1000; not a multiplication.
13478040,Rodenut,3,,true,false,false,,,"Gains counters when opponent Special Summons; benefits controller rather than punishing, so not treated as floodgate. Destroys 1 per activation."
26669055,Sage of Silence,3,,true,false,false,,,"A trigger lock for the next turn only, read as temporary (ruling 9); could also be seen as a monster floodgate (3.2)."
62054060,Sage of Stillness,3,,true,false,false,,,"Trap lock for the next turn after battle; treated as temporary (ruling 9), could be 3.2."
24010609,Sky Striker Mecha Modules - Multirole,3,,true,false,false,,,"The no-response lock lasts only this turn (ruling 9), so it is not treated as a floodgate."
84550200,Sonic Jammer,3,,true,false,false,,,The FLIP lock lasts into the next turn but is not Continuous; not treated as a floodgate.
68005187,Soul Exchange,3,,true,false,false,,,Tributes 1 opponent monster; not control and not mass removal.
15175429,Spell Reactor RE,3,,true,false,false,,,"Destroys an activated Spell and burns 800; damage accompanies destruction so treated as byproduct, no negation."
92394653,Spirit's Invitation,3,,true,false,false,,,Returns 1 monster per trigger; not rule 8 per ruling 29.
3510565,Stealth Bird,3,,true,false,false,,,Damage on Flip Summon treated as summon byproduct; flip-to-reuse could be seen as primary burn.
89693655,Subspace Battle,3,,true,false,false,,,Damage follows destroying revealed Deck monsters; likely byproduct.
97254001,Summer,3,,true,false,false,,,Damage on attack declaration treated as battle byproduct (ruling 20); could be 6a since no battle state change.
35800511,Superheavy Samurai Soulbuster Gauntlet,3,,true,false,false,,,"Doubles DEF, not ATK; not treated as 6b."
16469012,Teva,3,,true,false,false,,,Trigger that stops attacks next turn; not continuous on the field and Battle Phase is not rule 11.
88696724,The Earth - Hex-Sealed Fusion,3,,true,false,false,,,Tributes materials instead of Fusion Summon; possibly 7c if materials incomplete.
18940556,Ultimate Conductor Tyranno,3,,true,false,false,,,Sends 1 Defense monster per attack with 1000 damage at damage step start; treated as battle byproduct and 1 card per resolution.
97345699,Vesper Girsu,3,,true,false,false,,,Opponent cannot activate monster effects this turn is one-shot; hand banish is not field removal.
40237839,Winged Kuriboh Sabatiel LV10,3,,true,false,false,,,"Damage follows its own Special Summon; treated as byproduct, not 6a."
76515293,Xing Zhen Hu,3,,true,false,false,,,Lock on 2 specific Set cards; treated as not a class lock (ruling 8).
